ISO-10303-21;
HEADER;
/* Generated by software containing ST-Developer
 * from STEP Tools, Inc. (www.steptools.com) 
 */

FILE_DESCRIPTION(
/* description */ (''),
/* implementation_level */ '2;1');

FILE_NAME(
/* name */ 'meanwell_cover.step',
/* time_stamp */ '2026-08-17T16:22:02-04:00',
/* author */ (''),
/* organization */ (''),
/* preprocessor_version */ 'ST-DEVELOPER v20.1',
/* originating_system */ 'Autodesk Translation Framework v15.8.0.0',
/* authorisation */ '');

FILE_SCHEMA (('AUTOMOTIVE_DESIGN { 1 0 10303 214 3 1 1 }'));
ENDSEC;

DATA;
#10=MECHANICAL_DESIGN_GEOMETRIC_PRESENTATION_REPRESENTATION('',(#13),#7147);
#11=SHAPE_REPRESENTATION_RELATIONSHIP('SRR','None',#7154,#12);
#12=ADVANCED_BREP_SHAPE_REPRESENTATION('',(#14),#7146);
#13=STYLED_ITEM('',(#7163),#14);
#14=MANIFOLD_SOLID_BREP('capot_meanwell_slr',#4434);
#15=FACE_BOUND('',#634,.T.);
#16=FACE_BOUND('',#635,.T.);
#17=FACE_BOUND('',#672,.T.);
#18=FACE_BOUND('',#673,.T.);
#19=FACE_BOUND('',#677,.T.);
#20=FACE_BOUND('',#686,.T.);
#21=FACE_BOUND('',#689,.T.);
#22=FACE_BOUND('',#690,.T.);
#23=FACE_BOUND('',#692,.T.);
#24=FACE_BOUND('',#693,.T.);
#25=FACE_BOUND('',#695,.T.);
#26=PLANE('',#4469);
#27=PLANE('',#4470);
#28=PLANE('',#4471);
#29=PLANE('',#4472);
#30=PLANE('',#4473);
#31=PLANE('',#4474);
#32=PLANE('',#4475);
#33=PLANE('',#4476);
#34=PLANE('',#4477);
#35=PLANE('',#4478);
#36=PLANE('',#4479);
#37=PLANE('',#4480);
#38=PLANE('',#4481);
#39=PLANE('',#4482);
#40=PLANE('',#4483);
#41=PLANE('',#4484);
#42=PLANE('',#4485);
#43=PLANE('',#4486);
#44=PLANE('',#4487);
#45=PLANE('',#4488);
#46=PLANE('',#4489);
#47=PLANE('',#4490);
#48=PLANE('',#4491);
#49=PLANE('',#4492);
#50=PLANE('',#4493);
#51=PLANE('',#4494);
#52=PLANE('',#4495);
#53=PLANE('',#4496);
#54=PLANE('',#4497);
#55=PLANE('',#4498);
#56=PLANE('',#4499);
#57=PLANE('',#4500);
#58=PLANE('',#4501);
#59=PLANE('',#4502);
#60=PLANE('',#4503);
#61=PLANE('',#4504);
#62=PLANE('',#4505);
#63=PLANE('',#4506);
#64=PLANE('',#4507);
#65=PLANE('',#4508);
#66=PLANE('',#4509);
#67=PLANE('',#4510);
#68=PLANE('',#4511);
#69=PLANE('',#4512);
#70=PLANE('',#4513);
#71=PLANE('',#4514);
#72=PLANE('',#4515);
#73=PLANE('',#4516);
#74=PLANE('',#4517);
#75=PLANE('',#4518);
#76=PLANE('',#4519);
#77=PLANE('',#4520);
#78=PLANE('',#4521);
#79=PLANE('',#4522);
#80=PLANE('',#4523);
#81=PLANE('',#4524);
#82=PLANE('',#4525);
#83=PLANE('',#4526);
#84=PLANE('',#4527);
#85=PLANE('',#4528);
#86=PLANE('',#4529);
#87=PLANE('',#4530);
#88=PLANE('',#4531);
#89=PLANE('',#4532);
#90=PLANE('',#4533);
#91=PLANE('',#4534);
#92=PLANE('',#4535);
#93=PLANE('',#4536);
#94=PLANE('',#4537);
#95=PLANE('',#4538);
#96=PLANE('',#4539);
#97=PLANE('',#4540);
#98=PLANE('',#4541);
#99=PLANE('',#4542);
#100=PLANE('',#4543);
#101=PLANE('',#4544);
#102=PLANE('',#4545);
#103=PLANE('',#4546);
#104=PLANE('',#4547);
#105=PLANE('',#4548);
#106=PLANE('',#4549);
#107=PLANE('',#4550);
#108=PLANE('',#4551);
#109=PLANE('',#4552);
#110=PLANE('',#4553);
#111=PLANE('',#4554);
#112=PLANE('',#4555);
#113=PLANE('',#4556);
#114=PLANE('',#4557);
#115=PLANE('',#4558);
#116=PLANE('',#4559);
#117=PLANE('',#4560);
#118=PLANE('',#4561);
#119=PLANE('',#4562);
#120=PLANE('',#4563);
#121=PLANE('',#4564);
#122=PLANE('',#4565);
#123=PLANE('',#4566);
#124=PLANE('',#4567);
#125=PLANE('',#4568);
#126=PLANE('',#4569);
#127=PLANE('',#4570);
#128=PLANE('',#4571);
#129=PLANE('',#4572);
#130=PLANE('',#4573);
#131=PLANE('',#4574);
#132=PLANE('',#4575);
#133=PLANE('',#4576);
#134=PLANE('',#4577);
#135=PLANE('',#4578);
#136=PLANE('',#4579);
#137=PLANE('',#4580);
#138=PLANE('',#4581);
#139=PLANE('',#4582);
#140=PLANE('',#4583);
#141=PLANE('',#4584);
#142=PLANE('',#4585);
#143=PLANE('',#4586);
#144=PLANE('',#4587);
#145=PLANE('',#4588);
#146=PLANE('',#4589);
#147=PLANE('',#4590);
#148=PLANE('',#4591);
#149=PLANE('',#4592);
#150=PLANE('',#4593);
#151=PLANE('',#4594);
#152=PLANE('',#4595);
#153=PLANE('',#4596);
#154=PLANE('',#4597);
#155=PLANE('',#4598);
#156=PLANE('',#4599);
#157=PLANE('',#4600);
#158=PLANE('',#4601);
#159=PLANE('',#4602);
#160=PLANE('',#4603);
#161=PLANE('',#4604);
#162=PLANE('',#4605);
#163=PLANE('',#4606);
#164=PLANE('',#4607);
#165=PLANE('',#4608);
#166=PLANE('',#4609);
#167=PLANE('',#4610);
#168=PLANE('',#4611);
#169=PLANE('',#4612);
#170=PLANE('',#4613);
#171=PLANE('',#4614);
#172=PLANE('',#4615);
#173=PLANE('',#4616);
#174=PLANE('',#4617);
#175=PLANE('',#4618);
#176=PLANE('',#4619);
#177=PLANE('',#4620);
#178=PLANE('',#4621);
#179=PLANE('',#4622);
#180=PLANE('',#4623);
#181=PLANE('',#4624);
#182=PLANE('',#4625);
#183=PLANE('',#4626);
#184=PLANE('',#4627);
#185=PLANE('',#4628);
#186=PLANE('',#4629);
#187=PLANE('',#4630);
#188=PLANE('',#4631);
#189=PLANE('',#4632);
#190=PLANE('',#4633);
#191=PLANE('',#4634);
#192=PLANE('',#4635);
#193=PLANE('',#4636);
#194=PLANE('',#4637);
#195=PLANE('',#4638);
#196=PLANE('',#4639);
#197=PLANE('',#4640);
#198=PLANE('',#4641);
#199=PLANE('',#4642);
#200=PLANE('',#4643);
#201=PLANE('',#4644);
#202=PLANE('',#4645);
#203=PLANE('',#4646);
#204=PLANE('',#4647);
#205=PLANE('',#4648);
#206=PLANE('',#4649);
#207=PLANE('',#4650);
#208=PLANE('',#4651);
#209=PLANE('',#4652);
#210=PLANE('',#4653);
#211=PLANE('',#4654);
#212=PLANE('',#4655);
#213=PLANE('',#4656);
#214=PLANE('',#4657);
#215=PLANE('',#4658);
#216=PLANE('',#4659);
#217=PLANE('',#4660);
#218=PLANE('',#4661);
#219=PLANE('',#4662);
#220=PLANE('',#4663);
#221=PLANE('',#4664);
#222=PLANE('',#4665);
#223=PLANE('',#4666);
#224=PLANE('',#4667);
#225=PLANE('',#4668);
#226=PLANE('',#4669);
#227=PLANE('',#4670);
#228=PLANE('',#4671);
#229=PLANE('',#4672);
#230=PLANE('',#4673);
#231=PLANE('',#4674);
#232=PLANE('',#4675);
#233=PLANE('',#4676);
#234=PLANE('',#4677);
#235=PLANE('',#4678);
#236=PLANE('',#4679);
#237=PLANE('',#4680);
#238=PLANE('',#4681);
#239=PLANE('',#4682);
#240=PLANE('',#4683);
#241=PLANE('',#4684);
#242=PLANE('',#4685);
#243=PLANE('',#4686);
#244=PLANE('',#4687);
#245=PLANE('',#4688);
#246=PLANE('',#4689);
#247=PLANE('',#4690);
#248=PLANE('',#4691);
#249=PLANE('',#4692);
#250=PLANE('',#4693);
#251=PLANE('',#4694);
#252=PLANE('',#4695);
#253=PLANE('',#4696);
#254=PLANE('',#4697);
#255=PLANE('',#4698);
#256=PLANE('',#4699);
#257=PLANE('',#4700);
#258=PLANE('',#4701);
#259=PLANE('',#4702);
#260=PLANE('',#4703);
#261=PLANE('',#4704);
#262=PLANE('',#4705);
#263=PLANE('',#4706);
#264=PLANE('',#4707);
#265=PLANE('',#4708);
#266=PLANE('',#4709);
#267=PLANE('',#4710);
#268=PLANE('',#4711);
#269=PLANE('',#4712);
#270=PLANE('',#4713);
#271=PLANE('',#4714);
#272=PLANE('',#4715);
#273=PLANE('',#4716);
#274=PLANE('',#4717);
#275=PLANE('',#4718);
#276=PLANE('',#4719);
#277=PLANE('',#4720);
#278=PLANE('',#4721);
#279=PLANE('',#4722);
#280=PLANE('',#4723);
#281=PLANE('',#4724);
#282=PLANE('',#4725);
#283=PLANE('',#4726);
#284=PLANE('',#4727);
#285=PLANE('',#4728);
#286=PLANE('',#4729);
#287=PLANE('',#4730);
#288=PLANE('',#4731);
#289=PLANE('',#4732);
#290=PLANE('',#4733);
#291=PLANE('',#4734);
#292=PLANE('',#4735);
#293=PLANE('',#4736);
#294=PLANE('',#4737);
#295=PLANE('',#4738);
#296=PLANE('',#4739);
#297=PLANE('',#4740);
#298=PLANE('',#4741);
#299=PLANE('',#4742);
#300=PLANE('',#4743);
#301=PLANE('',#4744);
#302=PLANE('',#4745);
#303=PLANE('',#4746);
#304=PLANE('',#4747);
#305=PLANE('',#4748);
#306=PLANE('',#4749);
#307=PLANE('',#4750);
#308=PLANE('',#4751);
#309=PLANE('',#4752);
#310=PLANE('',#4753);
#311=PLANE('',#4754);
#312=PLANE('',#4755);
#313=PLANE('',#4756);
#314=PLANE('',#4757);
#315=PLANE('',#4758);
#316=PLANE('',#4759);
#317=PLANE('',#4760);
#318=PLANE('',#4761);
#319=PLANE('',#4762);
#320=PLANE('',#4763);
#321=PLANE('',#4764);
#322=PLANE('',#4765);
#323=FACE_OUTER_BOUND('',#624,.T.);
#324=FACE_OUTER_BOUND('',#625,.T.);
#325=FACE_OUTER_BOUND('',#626,.T.);
#326=FACE_OUTER_BOUND('',#627,.T.);
#327=FACE_OUTER_BOUND('',#628,.T.);
#328=FACE_OUTER_BOUND('',#629,.T.);
#329=FACE_OUTER_BOUND('',#630,.T.);
#330=FACE_OUTER_BOUND('',#631,.T.);
#331=FACE_OUTER_BOUND('',#632,.T.);
#332=FACE_OUTER_BOUND('',#633,.T.);
#333=FACE_OUTER_BOUND('',#636,.T.);
#334=FACE_OUTER_BOUND('',#637,.T.);
#335=FACE_OUTER_BOUND('',#638,.T.);
#336=FACE_OUTER_BOUND('',#639,.T.);
#337=FACE_OUTER_BOUND('',#640,.T.);
#338=FACE_OUTER_BOUND('',#641,.T.);
#339=FACE_OUTER_BOUND('',#642,.T.);
#340=FACE_OUTER_BOUND('',#643,.T.);
#341=FACE_OUTER_BOUND('',#644,.T.);
#342=FACE_OUTER_BOUND('',#645,.T.);
#343=FACE_OUTER_BOUND('',#646,.T.);
#344=FACE_OUTER_BOUND('',#647,.T.);
#345=FACE_OUTER_BOUND('',#648,.T.);
#346=FACE_OUTER_BOUND('',#649,.T.);
#347=FACE_OUTER_BOUND('',#650,.T.);
#348=FACE_OUTER_BOUND('',#651,.T.);
#349=FACE_OUTER_BOUND('',#652,.T.);
#350=FACE_OUTER_BOUND('',#653,.T.);
#351=FACE_OUTER_BOUND('',#654,.T.);
#352=FACE_OUTER_BOUND('',#655,.T.);
#353=FACE_OUTER_BOUND('',#656,.T.);
#354=FACE_OUTER_BOUND('',#657,.T.);
#355=FACE_OUTER_BOUND('',#658,.T.);
#356=FACE_OUTER_BOUND('',#659,.T.);
#357=FACE_OUTER_BOUND('',#660,.T.);
#358=FACE_OUTER_BOUND('',#661,.T.);
#359=FACE_OUTER_BOUND('',#662,.T.);
#360=FACE_OUTER_BOUND('',#663,.T.);
#361=FACE_OUTER_BOUND('',#664,.T.);
#362=FACE_OUTER_BOUND('',#665,.T.);
#363=FACE_OUTER_BOUND('',#666,.T.);
#364=FACE_OUTER_BOUND('',#667,.T.);
#365=FACE_OUTER_BOUND('',#668,.T.);
#366=FACE_OUTER_BOUND('',#669,.T.);
#367=FACE_OUTER_BOUND('',#670,.T.);
#368=FACE_OUTER_BOUND('',#671,.T.);
#369=FACE_OUTER_BOUND('',#674,.T.);
#370=FACE_OUTER_BOUND('',#675,.T.);
#371=FACE_OUTER_BOUND('',#676,.T.);
#372=FACE_OUTER_BOUND('',#678,.T.);
#373=FACE_OUTER_BOUND('',#679,.T.);
#374=FACE_OUTER_BOUND('',#680,.T.);
#375=FACE_OUTER_BOUND('',#681,.T.);
#376=FACE_OUTER_BOUND('',#682,.T.);
#377=FACE_OUTER_BOUND('',#683,.T.);
#378=FACE_OUTER_BOUND('',#684,.T.);
#379=FACE_OUTER_BOUND('',#685,.T.);
#380=FACE_OUTER_BOUND('',#687,.T.);
#381=FACE_OUTER_BOUND('',#688,.T.);
#382=FACE_OUTER_BOUND('',#691,.T.);
#383=FACE_OUTER_BOUND('',#694,.T.);
#384=FACE_OUTER_BOUND('',#696,.T.);
#385=FACE_OUTER_BOUND('',#697,.T.);
#386=FACE_OUTER_BOUND('',#698,.T.);
#387=FACE_OUTER_BOUND('',#699,.T.);
#388=FACE_OUTER_BOUND('',#700,.T.);
#389=FACE_OUTER_BOUND('',#701,.T.);
#390=FACE_OUTER_BOUND('',#702,.T.);
#391=FACE_OUTER_BOUND('',#703,.T.);
#392=FACE_OUTER_BOUND('',#704,.T.);
#393=FACE_OUTER_BOUND('',#705,.T.);
#394=FACE_OUTER_BOUND('',#706,.T.);
#395=FACE_OUTER_BOUND('',#707,.T.);
#396=FACE_OUTER_BOUND('',#708,.T.);
#397=FACE_OUTER_BOUND('',#709,.T.);
#398=FACE_OUTER_BOUND('',#710,.T.);
#399=FACE_OUTER_BOUND('',#711,.T.);
#400=FACE_OUTER_BOUND('',#712,.T.);
#401=FACE_OUTER_BOUND('',#713,.T.);
#402=FACE_OUTER_BOUND('',#714,.T.);
#403=FACE_OUTER_BOUND('',#715,.T.);
#404=FACE_OUTER_BOUND('',#716,.T.);
#405=FACE_OUTER_BOUND('',#717,.T.);
#406=FACE_OUTER_BOUND('',#718,.T.);
#407=FACE_OUTER_BOUND('',#719,.T.);
#408=FACE_OUTER_BOUND('',#720,.T.);
#409=FACE_OUTER_BOUND('',#721,.T.);
#410=FACE_OUTER_BOUND('',#722,.T.);
#411=FACE_OUTER_BOUND('',#723,.T.);
#412=FACE_OUTER_BOUND('',#724,.T.);
#413=FACE_OUTER_BOUND('',#725,.T.);
#414=FACE_OUTER_BOUND('',#726,.T.);
#415=FACE_OUTER_BOUND('',#727,.T.);
#416=FACE_OUTER_BOUND('',#728,.T.);
#417=FACE_OUTER_BOUND('',#729,.T.);
#418=FACE_OUTER_BOUND('',#730,.T.);
#419=FACE_OUTER_BOUND('',#731,.T.);
#420=FACE_OUTER_BOUND('',#732,.T.);
#421=FACE_OUTER_BOUND('',#733,.T.);
#422=FACE_OUTER_BOUND('',#734,.T.);
#423=FACE_OUTER_BOUND('',#735,.T.);
#424=FACE_OUTER_BOUND('',#736,.T.);
#425=FACE_OUTER_BOUND('',#737,.T.);
#426=FACE_OUTER_BOUND('',#738,.T.);
#427=FACE_OUTER_BOUND('',#739,.T.);
#428=FACE_OUTER_BOUND('',#740,.T.);
#429=FACE_OUTER_BOUND('',#741,.T.);
#430=FACE_OUTER_BOUND('',#742,.T.);
#431=FACE_OUTER_BOUND('',#743,.T.);
#432=FACE_OUTER_BOUND('',#744,.T.);
#433=FACE_OUTER_BOUND('',#745,.T.);
#434=FACE_OUTER_BOUND('',#746,.T.);
#435=FACE_OUTER_BOUND('',#747,.T.);
#436=FACE_OUTER_BOUND('',#748,.T.);
#437=FACE_OUTER_BOUND('',#749,.T.);
#438=FACE_OUTER_BOUND('',#750,.T.);
#439=FACE_OUTER_BOUND('',#751,.T.);
#440=FACE_OUTER_BOUND('',#752,.T.);
#441=FACE_OUTER_BOUND('',#753,.T.);
#442=FACE_OUTER_BOUND('',#754,.T.);
#443=FACE_OUTER_BOUND('',#755,.T.);
#444=FACE_OUTER_BOUND('',#756,.T.);
#445=FACE_OUTER_BOUND('',#757,.T.);
#446=FACE_OUTER_BOUND('',#758,.T.);
#447=FACE_OUTER_BOUND('',#759,.T.);
#448=FACE_OUTER_BOUND('',#760,.T.);
#449=FACE_OUTER_BOUND('',#761,.T.);
#450=FACE_OUTER_BOUND('',#762,.T.);
#451=FACE_OUTER_BOUND('',#763,.T.);
#452=FACE_OUTER_BOUND('',#764,.T.);
#453=FACE_OUTER_BOUND('',#765,.T.);
#454=FACE_OUTER_BOUND('',#766,.T.);
#455=FACE_OUTER_BOUND('',#767,.T.);
#456=FACE_OUTER_BOUND('',#768,.T.);
#457=FACE_OUTER_BOUND('',#769,.T.);
#458=FACE_OUTER_BOUND('',#770,.T.);
#459=FACE_OUTER_BOUND('',#771,.T.);
#460=FACE_OUTER_BOUND('',#772,.T.);
#461=FACE_OUTER_BOUND('',#773,.T.);
#462=FACE_OUTER_BOUND('',#774,.T.);
#463=FACE_OUTER_BOUND('',#775,.T.);
#464=FACE_OUTER_BOUND('',#776,.T.);
#465=FACE_OUTER_BOUND('',#777,.T.);
#466=FACE_OUTER_BOUND('',#778,.T.);
#467=FACE_OUTER_BOUND('',#779,.T.);
#468=FACE_OUTER_BOUND('',#780,.T.);
#469=FACE_OUTER_BOUND('',#781,.T.);
#470=FACE_OUTER_BOUND('',#782,.T.);
#471=FACE_OUTER_BOUND('',#783,.T.);
#472=FACE_OUTER_BOUND('',#784,.T.);
#473=FACE_OUTER_BOUND('',#785,.T.);
#474=FACE_OUTER_BOUND('',#786,.T.);
#475=FACE_OUTER_BOUND('',#787,.T.);
#476=FACE_OUTER_BOUND('',#788,.T.);
#477=FACE_OUTER_BOUND('',#789,.T.);
#478=FACE_OUTER_BOUND('',#790,.T.);
#479=FACE_OUTER_BOUND('',#791,.T.);
#480=FACE_OUTER_BOUND('',#792,.T.);
#481=FACE_OUTER_BOUND('',#793,.T.);
#482=FACE_OUTER_BOUND('',#794,.T.);
#483=FACE_OUTER_BOUND('',#795,.T.);
#484=FACE_OUTER_BOUND('',#796,.T.);
#485=FACE_OUTER_BOUND('',#797,.T.);
#486=FACE_OUTER_BOUND('',#798,.T.);
#487=FACE_OUTER_BOUND('',#799,.T.);
#488=FACE_OUTER_BOUND('',#800,.T.);
#489=FACE_OUTER_BOUND('',#801,.T.);
#490=FACE_OUTER_BOUND('',#802,.T.);
#491=FACE_OUTER_BOUND('',#803,.T.);
#492=FACE_OUTER_BOUND('',#804,.T.);
#493=FACE_OUTER_BOUND('',#805,.T.);
#494=FACE_OUTER_BOUND('',#806,.T.);
#495=FACE_OUTER_BOUND('',#807,.T.);
#496=FACE_OUTER_BOUND('',#808,.T.);
#497=FACE_OUTER_BOUND('',#809,.T.);
#498=FACE_OUTER_BOUND('',#810,.T.);
#499=FACE_OUTER_BOUND('',#811,.T.);
#500=FACE_OUTER_BOUND('',#812,.T.);
#501=FACE_OUTER_BOUND('',#813,.T.);
#502=FACE_OUTER_BOUND('',#814,.T.);
#503=FACE_OUTER_BOUND('',#815,.T.);
#504=FACE_OUTER_BOUND('',#816,.T.);
#505=FACE_OUTER_BOUND('',#817,.T.);
#506=FACE_OUTER_BOUND('',#818,.T.);
#507=FACE_OUTER_BOUND('',#819,.T.);
#508=FACE_OUTER_BOUND('',#820,.T.);
#509=FACE_OUTER_BOUND('',#821,.T.);
#510=FACE_OUTER_BOUND('',#822,.T.);
#511=FACE_OUTER_BOUND('',#823,.T.);
#512=FACE_OUTER_BOUND('',#824,.T.);
#513=FACE_OUTER_BOUND('',#825,.T.);
#514=FACE_OUTER_BOUND('',#826,.T.);
#515=FACE_OUTER_BOUND('',#827,.T.);
#516=FACE_OUTER_BOUND('',#828,.T.);
#517=FACE_OUTER_BOUND('',#829,.T.);
#518=FACE_OUTER_BOUND('',#830,.T.);
#519=FACE_OUTER_BOUND('',#831,.T.);
#520=FACE_OUTER_BOUND('',#832,.T.);
#521=FACE_OUTER_BOUND('',#833,.T.);
#522=FACE_OUTER_BOUND('',#834,.T.);
#523=FACE_OUTER_BOUND('',#835,.T.);
#524=FACE_OUTER_BOUND('',#836,.T.);
#525=FACE_OUTER_BOUND('',#837,.T.);
#526=FACE_OUTER_BOUND('',#838,.T.);
#527=FACE_OUTER_BOUND('',#839,.T.);
#528=FACE_OUTER_BOUND('',#840,.T.);
#529=FACE_OUTER_BOUND('',#841,.T.);
#530=FACE_OUTER_BOUND('',#842,.T.);
#531=FACE_OUTER_BOUND('',#843,.T.);
#532=FACE_OUTER_BOUND('',#844,.T.);
#533=FACE_OUTER_BOUND('',#845,.T.);
#534=FACE_OUTER_BOUND('',#846,.T.);
#535=FACE_OUTER_BOUND('',#847,.T.);
#536=FACE_OUTER_BOUND('',#848,.T.);
#537=FACE_OUTER_BOUND('',#849,.T.);
#538=FACE_OUTER_BOUND('',#850,.T.);
#539=FACE_OUTER_BOUND('',#851,.T.);
#540=FACE_OUTER_BOUND('',#852,.T.);
#541=FACE_OUTER_BOUND('',#853,.T.);
#542=FACE_OUTER_BOUND('',#854,.T.);
#543=FACE_OUTER_BOUND('',#855,.T.);
#544=FACE_OUTER_BOUND('',#856,.T.);
#545=FACE_OUTER_BOUND('',#857,.T.);
#546=FACE_OUTER_BOUND('',#858,.T.);
#547=FACE_OUTER_BOUND('',#859,.T.);
#548=FACE_OUTER_BOUND('',#860,.T.);
#549=FACE_OUTER_BOUND('',#861,.T.);
#550=FACE_OUTER_BOUND('',#862,.T.);
#551=FACE_OUTER_BOUND('',#863,.T.);
#552=FACE_OUTER_BOUND('',#864,.T.);
#553=FACE_OUTER_BOUND('',#865,.T.);
#554=FACE_OUTER_BOUND('',#866,.T.);
#555=FACE_OUTER_BOUND('',#867,.T.);
#556=FACE_OUTER_BOUND('',#868,.T.);
#557=FACE_OUTER_BOUND('',#869,.T.);
#558=FACE_OUTER_BOUND('',#870,.T.);
#559=FACE_OUTER_BOUND('',#871,.T.);
#560=FACE_OUTER_BOUND('',#872,.T.);
#561=FACE_OUTER_BOUND('',#873,.T.);
#562=FACE_OUTER_BOUND('',#874,.T.);
#563=FACE_OUTER_BOUND('',#875,.T.);
#564=FACE_OUTER_BOUND('',#876,.T.);
#565=FACE_OUTER_BOUND('',#877,.T.);
#566=FACE_OUTER_BOUND('',#878,.T.);
#567=FACE_OUTER_BOUND('',#879,.T.);
#568=FACE_OUTER_BOUND('',#880,.T.);
#569=FACE_OUTER_BOUND('',#881,.T.);
#570=FACE_OUTER_BOUND('',#882,.T.);
#571=FACE_OUTER_BOUND('',#883,.T.);
#572=FACE_OUTER_BOUND('',#884,.T.);
#573=FACE_OUTER_BOUND('',#885,.T.);
#574=FACE_OUTER_BOUND('',#886,.T.);
#575=FACE_OUTER_BOUND('',#887,.T.);
#576=FACE_OUTER_BOUND('',#888,.T.);
#577=FACE_OUTER_BOUND('',#889,.T.);
#578=FACE_OUTER_BOUND('',#890,.T.);
#579=FACE_OUTER_BOUND('',#891,.T.);
#580=FACE_OUTER_BOUND('',#892,.T.);
#581=FACE_OUTER_BOUND('',#893,.T.);
#582=FACE_OUTER_BOUND('',#894,.T.);
#583=FACE_OUTER_BOUND('',#895,.T.);
#584=FACE_OUTER_BOUND('',#896,.T.);
#585=FACE_OUTER_BOUND('',#897,.T.);
#586=FACE_OUTER_BOUND('',#898,.T.);
#587=FACE_OUTER_BOUND('',#899,.T.);
#588=FACE_OUTER_BOUND('',#900,.T.);
#589=FACE_OUTER_BOUND('',#901,.T.);
#590=FACE_OUTER_BOUND('',#902,.T.);
#591=FACE_OUTER_BOUND('',#903,.T.);
#592=FACE_OUTER_BOUND('',#904,.T.);
#593=FACE_OUTER_BOUND('',#905,.T.);
#594=FACE_OUTER_BOUND('',#906,.T.);
#595=FACE_OUTER_BOUND('',#907,.T.);
#596=FACE_OUTER_BOUND('',#908,.T.);
#597=FACE_OUTER_BOUND('',#909,.T.);
#598=FACE_OUTER_BOUND('',#910,.T.);
#599=FACE_OUTER_BOUND('',#911,.T.);
#600=FACE_OUTER_BOUND('',#912,.T.);
#601=FACE_OUTER_BOUND('',#913,.T.);
#602=FACE_OUTER_BOUND('',#914,.T.);
#603=FACE_OUTER_BOUND('',#915,.T.);
#604=FACE_OUTER_BOUND('',#916,.T.);
#605=FACE_OUTER_BOUND('',#917,.T.);
#606=FACE_OUTER_BOUND('',#918,.T.);
#607=FACE_OUTER_BOUND('',#919,.T.);
#608=FACE_OUTER_BOUND('',#920,.T.);
#609=FACE_OUTER_BOUND('',#921,.T.);
#610=FACE_OUTER_BOUND('',#922,.T.);
#611=FACE_OUTER_BOUND('',#923,.T.);
#612=FACE_OUTER_BOUND('',#924,.T.);
#613=FACE_OUTER_BOUND('',#925,.T.);
#614=FACE_OUTER_BOUND('',#926,.T.);
#615=FACE_OUTER_BOUND('',#927,.T.);
#616=FACE_OUTER_BOUND('',#928,.T.);
#617=FACE_OUTER_BOUND('',#929,.T.);
#618=FACE_OUTER_BOUND('',#930,.T.);
#619=FACE_OUTER_BOUND('',#931,.T.);
#620=FACE_OUTER_BOUND('',#932,.T.);
#621=FACE_OUTER_BOUND('',#933,.T.);
#622=FACE_OUTER_BOUND('',#934,.T.);
#623=FACE_OUTER_BOUND('',#935,.T.);
#624=EDGE_LOOP('',(#2959,#2960,#2961,#2962));
#625=EDGE_LOOP('',(#2963,#2964,#2965,#2966));
#626=EDGE_LOOP('',(#2967,#2968,#2969,#2970,#2971,#2972,#2973,#2974,#2975,
#2976,#2977,#2978,#2979));
#627=EDGE_LOOP('',(#2980,#2981,#2982,#2983));
#628=EDGE_LOOP('',(#2984,#2985,#2986,#2987));
#629=EDGE_LOOP('',(#2988,#2989,#2990));
#630=EDGE_LOOP('',(#2991,#2992,#2993));
#631=EDGE_LOOP('',(#2994,#2995,#2996,#2997,#2998,#2999,#3000,#3001));
#632=EDGE_LOOP('',(#3002,#3003,#3004,#3005));
#633=EDGE_LOOP('',(#3006,#3007,#3008,#3009));
#634=EDGE_LOOP('',(#3010,#3011,#3012,#3013));
#635=EDGE_LOOP('',(#3014,#3015,#3016,#3017,#3018,#3019,#3020,#3021,#3022,
#3023,#3024,#3025,#3026,#3027,#3028,#3029,#3030,#3031,#3032,#3033,#3034,
#3035,#3036,#3037,#3038,#3039,#3040,#3041,#3042,#3043,#3044,#3045,#3046));
#636=EDGE_LOOP('',(#3047,#3048,#3049,#3050));
#637=EDGE_LOOP('',(#3051,#3052,#3053,#3054));
#638=EDGE_LOOP('',(#3055,#3056,#3057,#3058));
#639=EDGE_LOOP('',(#3059,#3060,#3061,#3062));
#640=EDGE_LOOP('',(#3063,#3064,#3065,#3066));
#641=EDGE_LOOP('',(#3067,#3068,#3069,#3070));
#642=EDGE_LOOP('',(#3071,#3072,#3073,#3074));
#643=EDGE_LOOP('',(#3075,#3076,#3077,#3078));
#644=EDGE_LOOP('',(#3079,#3080,#3081,#3082));
#645=EDGE_LOOP('',(#3083,#3084,#3085,#3086));
#646=EDGE_LOOP('',(#3087,#3088,#3089,#3090));
#647=EDGE_LOOP('',(#3091,#3092,#3093,#3094));
#648=EDGE_LOOP('',(#3095,#3096,#3097,#3098));
#649=EDGE_LOOP('',(#3099,#3100,#3101,#3102));
#650=EDGE_LOOP('',(#3103,#3104,#3105,#3106));
#651=EDGE_LOOP('',(#3107,#3108,#3109,#3110));
#652=EDGE_LOOP('',(#3111,#3112,#3113,#3114));
#653=EDGE_LOOP('',(#3115,#3116,#3117,#3118));
#654=EDGE_LOOP('',(#3119,#3120,#3121,#3122));
#655=EDGE_LOOP('',(#3123,#3124,#3125,#3126));
#656=EDGE_LOOP('',(#3127,#3128,#3129,#3130));
#657=EDGE_LOOP('',(#3131,#3132,#3133,#3134));
#658=EDGE_LOOP('',(#3135,#3136,#3137,#3138));
#659=EDGE_LOOP('',(#3139,#3140,#3141,#3142));
#660=EDGE_LOOP('',(#3143,#3144,#3145,#3146));
#661=EDGE_LOOP('',(#3147,#3148,#3149,#3150));
#662=EDGE_LOOP('',(#3151,#3152,#3153,#3154));
#663=EDGE_LOOP('',(#3155,#3156,#3157,#3158));
#664=EDGE_LOOP('',(#3159,#3160,#3161,#3162));
#665=EDGE_LOOP('',(#3163,#3164,#3165,#3166));
#666=EDGE_LOOP('',(#3167,#3168,#3169,#3170));
#667=EDGE_LOOP('',(#3171,#3172,#3173,#3174));
#668=EDGE_LOOP('',(#3175,#3176,#3177,#3178));
#669=EDGE_LOOP('',(#3179,#3180,#3181,#3182));
#670=EDGE_LOOP('',(#3183,#3184,#3185,#3186));
#671=EDGE_LOOP('',(#3187,#3188,#3189,#3190));
#672=EDGE_LOOP('',(#3191));
#673=EDGE_LOOP('',(#3192));
#674=EDGE_LOOP('',(#3193,#3194,#3195,#3196));
#675=EDGE_LOOP('',(#3197,#3198,#3199,#3200));
#676=EDGE_LOOP('',(#3201,#3202,#3203,#3204,#3205,#3206));
#677=EDGE_LOOP('',(#3207));
#678=EDGE_LOOP('',(#3208,#3209,#3210));
#679=EDGE_LOOP('',(#3211,#3212,#3213));
#680=EDGE_LOOP('',(#3214,#3215,#3216));
#681=EDGE_LOOP('',(#3217,#3218,#3219));
#682=EDGE_LOOP('',(#3220,#3221,#3222));
#683=EDGE_LOOP('',(#3223,#3224,#3225,#3226,#3227,#3228,#3229,#3230,#3231,
#3232,#3233,#3234,#3235,#3236));
#684=EDGE_LOOP('',(#3237,#3238,#3239,#3240,#3241,#3242,#3243,#3244,#3245,
#3246,#3247,#3248,#3249,#3250));
#685=EDGE_LOOP('',(#3251,#3252,#3253,#3254,#3255));
#686=EDGE_LOOP('',(#3256));
#687=EDGE_LOOP('',(#3257,#3258,#3259,#3260));
#688=EDGE_LOOP('',(#3261,#3262,#3263,#3264,#3265,#3266,#3267,#3268,#3269,
#3270,#3271,#3272,#3273,#3274,#3275,#3276,#3277,#3278,#3279,#3280,#3281,
#3282,#3283,#3284,#3285,#3286,#3287,#3288,#3289,#3290,#3291,#3292));
#689=EDGE_LOOP('',(#3293,#3294,#3295,#3296));
#690=EDGE_LOOP('',(#3297,#3298,#3299,#3300,#3301,#3302,#3303,#3304,#3305,
#3306,#3307,#3308,#3309,#3310,#3311,#3312,#3313,#3314,#3315,#3316,#3317,
#3318,#3319,#3320,#3321,#3322,#3323,#3324,#3325,#3326,#3327,#3328,#3329));
#691=EDGE_LOOP('',(#3330,#3331,#3332,#3333));
#692=EDGE_LOOP('',(#3334));
#693=EDGE_LOOP('',(#3335));
#694=EDGE_LOOP('',(#3336,#3337,#3338,#3339,#3340,#3341));
#695=EDGE_LOOP('',(#3342));
#696=EDGE_LOOP('',(#3343,#3344,#3345));
#697=EDGE_LOOP('',(#3346,#3347,#3348));
#698=EDGE_LOOP('',(#3349,#3350,#3351));
#699=EDGE_LOOP('',(#3352,#3353,#3354));
#700=EDGE_LOOP('',(#3355,#3356,#3357));
#701=EDGE_LOOP('',(#3358,#3359,#3360));
#702=EDGE_LOOP('',(#3361,#3362,#3363));
#703=EDGE_LOOP('',(#3364,#3365,#3366));
#704=EDGE_LOOP('',(#3367,#3368,#3369));
#705=EDGE_LOOP('',(#3370,#3371,#3372));
#706=EDGE_LOOP('',(#3373,#3374,#3375,#3376,#3377,#3378));
#707=EDGE_LOOP('',(#3379,#3380,#3381));
#708=EDGE_LOOP('',(#3382,#3383,#3384));
#709=EDGE_LOOP('',(#3385,#3386,#3387));
#710=EDGE_LOOP('',(#3388,#3389,#3390));
#711=EDGE_LOOP('',(#3391,#3392,#3393));
#712=EDGE_LOOP('',(#3394,#3395,#3396));
#713=EDGE_LOOP('',(#3397,#3398,#3399));
#714=EDGE_LOOP('',(#3400,#3401,#3402));
#715=EDGE_LOOP('',(#3403,#3404,#3405));
#716=EDGE_LOOP('',(#3406,#3407,#3408));
#717=EDGE_LOOP('',(#3409,#3410,#3411));
#718=EDGE_LOOP('',(#3412,#3413,#3414));
#719=EDGE_LOOP('',(#3415,#3416,#3417));
#720=EDGE_LOOP('',(#3418,#3419,#3420));
#721=EDGE_LOOP('',(#3421,#3422,#3423));
#722=EDGE_LOOP('',(#3424,#3425,#3426));
#723=EDGE_LOOP('',(#3427,#3428,#3429));
#724=EDGE_LOOP('',(#3430,#3431,#3432));
#725=EDGE_LOOP('',(#3433,#3434,#3435));
#726=EDGE_LOOP('',(#3436,#3437,#3438));
#727=EDGE_LOOP('',(#3439,#3440,#3441));
#728=EDGE_LOOP('',(#3442,#3443,#3444,#3445));
#729=EDGE_LOOP('',(#3446,#3447,#3448,#3449));
#730=EDGE_LOOP('',(#3450,#3451,#3452));
#731=EDGE_LOOP('',(#3453,#3454,#3455));
#732=EDGE_LOOP('',(#3456,#3457,#3458));
#733=EDGE_LOOP('',(#3459,#3460,#3461));
#734=EDGE_LOOP('',(#3462,#3463,#3464));
#735=EDGE_LOOP('',(#3465,#3466,#3467));
#736=EDGE_LOOP('',(#3468,#3469,#3470,#3471,#3472,#3473,#3474));
#737=EDGE_LOOP('',(#3475,#3476,#3477));
#738=EDGE_LOOP('',(#3478,#3479,#3480));
#739=EDGE_LOOP('',(#3481,#3482,#3483));
#740=EDGE_LOOP('',(#3484,#3485,#3486));
#741=EDGE_LOOP('',(#3487,#3488,#3489));
#742=EDGE_LOOP('',(#3490,#3491,#3492));
#743=EDGE_LOOP('',(#3493,#3494,#3495));
#744=EDGE_LOOP('',(#3496,#3497,#3498));
#745=EDGE_LOOP('',(#3499,#3500,#3501));
#746=EDGE_LOOP('',(#3502,#3503,#3504));
#747=EDGE_LOOP('',(#3505,#3506,#3507));
#748=EDGE_LOOP('',(#3508,#3509,#3510));
#749=EDGE_LOOP('',(#3511,#3512,#3513));
#750=EDGE_LOOP('',(#3514,#3515,#3516));
#751=EDGE_LOOP('',(#3517,#3518,#3519));
#752=EDGE_LOOP('',(#3520,#3521,#3522));
#753=EDGE_LOOP('',(#3523,#3524,#3525));
#754=EDGE_LOOP('',(#3526,#3527,#3528));
#755=EDGE_LOOP('',(#3529,#3530,#3531,#3532,#3533,#3534));
#756=EDGE_LOOP('',(#3535,#3536,#3537));
#757=EDGE_LOOP('',(#3538,#3539,#3540));
#758=EDGE_LOOP('',(#3541,#3542,#3543));
#759=EDGE_LOOP('',(#3544,#3545,#3546));
#760=EDGE_LOOP('',(#3547,#3548,#3549,#3550,#3551));
#761=EDGE_LOOP('',(#3552,#3553,#3554));
#762=EDGE_LOOP('',(#3555,#3556,#3557,#3558,#3559));
#763=EDGE_LOOP('',(#3560,#3561,#3562));
#764=EDGE_LOOP('',(#3563,#3564,#3565));
#765=EDGE_LOOP('',(#3566,#3567,#3568));
#766=EDGE_LOOP('',(#3569,#3570,#3571));
#767=EDGE_LOOP('',(#3572,#3573,#3574));
#768=EDGE_LOOP('',(#3575,#3576,#3577));
#769=EDGE_LOOP('',(#3578,#3579,#3580));
#770=EDGE_LOOP('',(#3581,#3582,#3583));
#771=EDGE_LOOP('',(#3584,#3585,#3586));
#772=EDGE_LOOP('',(#3587,#3588,#3589));
#773=EDGE_LOOP('',(#3590,#3591,#3592));
#774=EDGE_LOOP('',(#3593,#3594,#3595));
#775=EDGE_LOOP('',(#3596,#3597,#3598));
#776=EDGE_LOOP('',(#3599,#3600,#3601));
#777=EDGE_LOOP('',(#3602,#3603,#3604));
#778=EDGE_LOOP('',(#3605,#3606,#3607));
#779=EDGE_LOOP('',(#3608,#3609,#3610,#3611));
#780=EDGE_LOOP('',(#3612,#3613,#3614));
#781=EDGE_LOOP('',(#3615,#3616,#3617));
#782=EDGE_LOOP('',(#3618,#3619,#3620));
#783=EDGE_LOOP('',(#3621,#3622,#3623));
#784=EDGE_LOOP('',(#3624,#3625,#3626));
#785=EDGE_LOOP('',(#3627,#3628,#3629));
#786=EDGE_LOOP('',(#3630,#3631,#3632));
#787=EDGE_LOOP('',(#3633,#3634,#3635));
#788=EDGE_LOOP('',(#3636,#3637,#3638));
#789=EDGE_LOOP('',(#3639,#3640,#3641));
#790=EDGE_LOOP('',(#3642,#3643,#3644));
#791=EDGE_LOOP('',(#3645,#3646,#3647));
#792=EDGE_LOOP('',(#3648,#3649,#3650));
#793=EDGE_LOOP('',(#3651,#3652,#3653));
#794=EDGE_LOOP('',(#3654,#3655,#3656));
#795=EDGE_LOOP('',(#3657,#3658,#3659));
#796=EDGE_LOOP('',(#3660,#3661,#3662));
#797=EDGE_LOOP('',(#3663,#3664,#3665));
#798=EDGE_LOOP('',(#3666,#3667,#3668));
#799=EDGE_LOOP('',(#3669,#3670,#3671));
#800=EDGE_LOOP('',(#3672,#3673,#3674));
#801=EDGE_LOOP('',(#3675,#3676,#3677));
#802=EDGE_LOOP('',(#3678,#3679,#3680));
#803=EDGE_LOOP('',(#3681,#3682,#3683));
#804=EDGE_LOOP('',(#3684,#3685,#3686));
#805=EDGE_LOOP('',(#3687,#3688,#3689));
#806=EDGE_LOOP('',(#3690,#3691,#3692));
#807=EDGE_LOOP('',(#3693,#3694,#3695));
#808=EDGE_LOOP('',(#3696,#3697,#3698));
#809=EDGE_LOOP('',(#3699,#3700,#3701,#3702,#3703,#3704,#3705));
#810=EDGE_LOOP('',(#3706,#3707,#3708));
#811=EDGE_LOOP('',(#3709,#3710,#3711));
#812=EDGE_LOOP('',(#3712,#3713,#3714));
#813=EDGE_LOOP('',(#3715,#3716,#3717));
#814=EDGE_LOOP('',(#3718,#3719,#3720,#3721,#3722,#3723,#3724));
#815=EDGE_LOOP('',(#3725,#3726,#3727,#3728,#3729));
#816=EDGE_LOOP('',(#3730,#3731,#3732,#3733,#3734));
#817=EDGE_LOOP('',(#3735,#3736,#3737,#3738,#3739));
#818=EDGE_LOOP('',(#3740,#3741,#3742));
#819=EDGE_LOOP('',(#3743,#3744,#3745));
#820=EDGE_LOOP('',(#3746,#3747,#3748,#3749));
#821=EDGE_LOOP('',(#3750,#3751,#3752));
#822=EDGE_LOOP('',(#3753,#3754,#3755));
#823=EDGE_LOOP('',(#3756,#3757,#3758));
#824=EDGE_LOOP('',(#3759,#3760,#3761));
#825=EDGE_LOOP('',(#3762,#3763,#3764,#3765,#3766));
#826=EDGE_LOOP('',(#3767,#3768,#3769));
#827=EDGE_LOOP('',(#3770,#3771,#3772,#3773,#3774));
#828=EDGE_LOOP('',(#3775,#3776,#3777));
#829=EDGE_LOOP('',(#3778,#3779,#3780,#3781,#3782));
#830=EDGE_LOOP('',(#3783,#3784,#3785));
#831=EDGE_LOOP('',(#3786,#3787,#3788));
#832=EDGE_LOOP('',(#3789,#3790,#3791));
#833=EDGE_LOOP('',(#3792,#3793,#3794,#3795,#3796,#3797,#3798));
#834=EDGE_LOOP('',(#3799,#3800,#3801));
#835=EDGE_LOOP('',(#3802,#3803,#3804));
#836=EDGE_LOOP('',(#3805,#3806,#3807));
#837=EDGE_LOOP('',(#3808,#3809,#3810));
#838=EDGE_LOOP('',(#3811,#3812,#3813));
#839=EDGE_LOOP('',(#3814,#3815,#3816));
#840=EDGE_LOOP('',(#3817,#3818,#3819));
#841=EDGE_LOOP('',(#3820,#3821,#3822));
#842=EDGE_LOOP('',(#3823,#3824,#3825));
#843=EDGE_LOOP('',(#3826,#3827,#3828));
#844=EDGE_LOOP('',(#3829,#3830,#3831));
#845=EDGE_LOOP('',(#3832,#3833,#3834));
#846=EDGE_LOOP('',(#3835,#3836,#3837));
#847=EDGE_LOOP('',(#3838,#3839,#3840));
#848=EDGE_LOOP('',(#3841,#3842,#3843));
#849=EDGE_LOOP('',(#3844,#3845,#3846));
#850=EDGE_LOOP('',(#3847,#3848,#3849));
#851=EDGE_LOOP('',(#3850,#3851,#3852));
#852=EDGE_LOOP('',(#3853,#3854,#3855));
#853=EDGE_LOOP('',(#3856,#3857,#3858));
#854=EDGE_LOOP('',(#3859,#3860,#3861));
#855=EDGE_LOOP('',(#3862,#3863,#3864));
#856=EDGE_LOOP('',(#3865,#3866,#3867));
#857=EDGE_LOOP('',(#3868,#3869,#3870));
#858=EDGE_LOOP('',(#3871,#3872,#3873));
#859=EDGE_LOOP('',(#3874,#3875,#3876));
#860=EDGE_LOOP('',(#3877,#3878,#3879));
#861=EDGE_LOOP('',(#3880,#3881,#3882));
#862=EDGE_LOOP('',(#3883,#3884,#3885));
#863=EDGE_LOOP('',(#3886,#3887,#3888));
#864=EDGE_LOOP('',(#3889,#3890,#3891));
#865=EDGE_LOOP('',(#3892,#3893,#3894));
#866=EDGE_LOOP('',(#3895,#3896,#3897));
#867=EDGE_LOOP('',(#3898,#3899,#3900));
#868=EDGE_LOOP('',(#3901,#3902,#3903));
#869=EDGE_LOOP('',(#3904,#3905,#3906));
#870=EDGE_LOOP('',(#3907,#3908,#3909));
#871=EDGE_LOOP('',(#3910,#3911,#3912));
#872=EDGE_LOOP('',(#3913,#3914,#3915));
#873=EDGE_LOOP('',(#3916,#3917,#3918));
#874=EDGE_LOOP('',(#3919,#3920,#3921,#3922,#3923,#3924,#3925));
#875=EDGE_LOOP('',(#3926,#3927,#3928));
#876=EDGE_LOOP('',(#3929,#3930,#3931,#3932,#3933));
#877=EDGE_LOOP('',(#3934,#3935,#3936,#3937));
#878=EDGE_LOOP('',(#3938,#3939,#3940));
#879=EDGE_LOOP('',(#3941,#3942,#3943));
#880=EDGE_LOOP('',(#3944,#3945,#3946));
#881=EDGE_LOOP('',(#3947,#3948,#3949));
#882=EDGE_LOOP('',(#3950,#3951,#3952,#3953,#3954,#3955,#3956));
#883=EDGE_LOOP('',(#3957,#3958,#3959));
#884=EDGE_LOOP('',(#3960,#3961,#3962));
#885=EDGE_LOOP('',(#3963,#3964,#3965));
#886=EDGE_LOOP('',(#3966,#3967,#3968));
#887=EDGE_LOOP('',(#3969,#3970,#3971));
#888=EDGE_LOOP('',(#3972,#3973,#3974,#3975,#3976));
#889=EDGE_LOOP('',(#3977,#3978,#3979));
#890=EDGE_LOOP('',(#3980,#3981,#3982));
#891=EDGE_LOOP('',(#3983,#3984,#3985));
#892=EDGE_LOOP('',(#3986,#3987,#3988));
#893=EDGE_LOOP('',(#3989,#3990,#3991));
#894=EDGE_LOOP('',(#3992,#3993,#3994));
#895=EDGE_LOOP('',(#3995,#3996,#3997));
#896=EDGE_LOOP('',(#3998,#3999,#4000));
#897=EDGE_LOOP('',(#4001,#4002,#4003,#4004));
#898=EDGE_LOOP('',(#4005,#4006,#4007));
#899=EDGE_LOOP('',(#4008,#4009,#4010));
#900=EDGE_LOOP('',(#4011,#4012,#4013));
#901=EDGE_LOOP('',(#4014,#4015,#4016));
#902=EDGE_LOOP('',(#4017,#4018,#4019));
#903=EDGE_LOOP('',(#4020,#4021,#4022));
#904=EDGE_LOOP('',(#4023,#4024,#4025));
#905=EDGE_LOOP('',(#4026,#4027,#4028));
#906=EDGE_LOOP('',(#4029,#4030,#4031));
#907=EDGE_LOOP('',(#4032,#4033,#4034));
#908=EDGE_LOOP('',(#4035,#4036,#4037));
#909=EDGE_LOOP('',(#4038,#4039,#4040));
#910=EDGE_LOOP('',(#4041,#4042,#4043));
#911=EDGE_LOOP('',(#4044,#4045,#4046,#4047,#4048));
#912=EDGE_LOOP('',(#4049,#4050,#4051));
#913=EDGE_LOOP('',(#4052,#4053,#4054));
#914=EDGE_LOOP('',(#4055,#4056,#4057,#4058,#4059,#4060));
#915=EDGE_LOOP('',(#4061,#4062,#4063));
#916=EDGE_LOOP('',(#4064,#4065,#4066));
#917=EDGE_LOOP('',(#4067,#4068,#4069));
#918=EDGE_LOOP('',(#4070,#4071,#4072));
#919=EDGE_LOOP('',(#4073,#4074,#4075));
#920=EDGE_LOOP('',(#4076,#4077,#4078));
#921=EDGE_LOOP('',(#4079,#4080,#4081));
#922=EDGE_LOOP('',(#4082,#4083,#4084));
#923=EDGE_LOOP('',(#4085,#4086,#4087));
#924=EDGE_LOOP('',(#4088,#4089,#4090));
#925=EDGE_LOOP('',(#4091,#4092,#4093));
#926=EDGE_LOOP('',(#4094,#4095,#4096));
#927=EDGE_LOOP('',(#4097,#4098,#4099));
#928=EDGE_LOOP('',(#4100,#4101,#4102));
#929=EDGE_LOOP('',(#4103,#4104,#4105));
#930=EDGE_LOOP('',(#4106,#4107,#4108));
#931=EDGE_LOOP('',(#4109,#4110,#4111,#4112));
#932=EDGE_LOOP('',(#4113,#4114,#4115,#4116));
#933=EDGE_LOOP('',(#4117,#4118,#4119,#4120));
#934=EDGE_LOOP('',(#4121,#4122,#4123,#4124));
#935=EDGE_LOOP('',(#4125,#4126,#4127,#4128));
#936=LINE('',#5977,#1504);
#937=LINE('',#5983,#1505);
#938=LINE('',#5989,#1506);
#939=LINE('',#6013,#1507);
#940=LINE('',#6017,#1508);
#941=LINE('',#6019,#1509);
#942=LINE('',#6020,#1510);
#943=LINE('',#6022,#1511);
#944=LINE('',#6024,#1512);
#945=LINE('',#6026,#1513);
#946=LINE('',#6028,#1514);
#947=LINE('',#6030,#1515);
#948=LINE('',#6032,#1516);
#949=LINE('',#6033,#1517);
#950=LINE('',#6037,#1518);
#951=LINE('',#6039,#1519);
#952=LINE('',#6041,#1520);
#953=LINE('',#6042,#1521);
#954=LINE('',#6046,#1522);
#955=LINE('',#6048,#1523);
#956=LINE('',#6050,#1524);
#957=LINE('',#6051,#1525);
#958=LINE('',#6054,#1526);
#959=LINE('',#6056,#1527);
#960=LINE('',#6058,#1528);
#961=LINE('',#6059,#1529);
#962=LINE('',#6061,#1530);
#963=LINE('',#6063,#1531);
#964=LINE('',#6065,#1532);
#965=LINE('',#6067,#1533);
#966=LINE('',#6069,#1534);
#967=LINE('',#6071,#1535);
#968=LINE('',#6073,#1536);
#969=LINE('',#6075,#1537);
#970=LINE('',#6077,#1538);
#971=LINE('',#6079,#1539);
#972=LINE('',#6081,#1540);
#973=LINE('',#6083,#1541);
#974=LINE('',#6085,#1542);
#975=LINE('',#6087,#1543);
#976=LINE('',#6089,#1544);
#977=LINE('',#6091,#1545);
#978=LINE('',#6093,#1546);
#979=LINE('',#6095,#1547);
#980=LINE('',#6097,#1548);
#981=LINE('',#6099,#1549);
#982=LINE('',#6101,#1550);
#983=LINE('',#6103,#1551);
#984=LINE('',#6105,#1552);
#985=LINE('',#6107,#1553);
#986=LINE('',#6109,#1554);
#987=LINE('',#6111,#1555);
#988=LINE('',#6113,#1556);
#989=LINE('',#6115,#1557);
#990=LINE('',#6117,#1558);
#991=LINE('',#6119,#1559);
#992=LINE('',#6121,#1560);
#993=LINE('',#6122,#1561);
#994=LINE('',#6125,#1562);
#995=LINE('',#6126,#1563);
#996=LINE('',#6129,#1564);
#997=LINE('',#6130,#1565);
#998=LINE('',#6133,#1566);
#999=LINE('',#6134,#1567);
#1000=LINE('',#6137,#1568);
#1001=LINE('',#6138,#1569);
#1002=LINE('',#6141,#1570);
#1003=LINE('',#6142,#1571);
#1004=LINE('',#6145,#1572);
#1005=LINE('',#6146,#1573);
#1006=LINE('',#6149,#1574);
#1007=LINE('',#6150,#1575);
#1008=LINE('',#6153,#1576);
#1009=LINE('',#6154,#1577);
#1010=LINE('',#6157,#1578);
#1011=LINE('',#6158,#1579);
#1012=LINE('',#6161,#1580);
#1013=LINE('',#6162,#1581);
#1014=LINE('',#6165,#1582);
#1015=LINE('',#6166,#1583);
#1016=LINE('',#6169,#1584);
#1017=LINE('',#6170,#1585);
#1018=LINE('',#6173,#1586);
#1019=LINE('',#6174,#1587);
#1020=LINE('',#6177,#1588);
#1021=LINE('',#6178,#1589);
#1022=LINE('',#6181,#1590);
#1023=LINE('',#6182,#1591);
#1024=LINE('',#6185,#1592);
#1025=LINE('',#6186,#1593);
#1026=LINE('',#6189,#1594);
#1027=LINE('',#6190,#1595);
#1028=LINE('',#6193,#1596);
#1029=LINE('',#6194,#1597);
#1030=LINE('',#6197,#1598);
#1031=LINE('',#6198,#1599);
#1032=LINE('',#6201,#1600);
#1033=LINE('',#6202,#1601);
#1034=LINE('',#6205,#1602);
#1035=LINE('',#6206,#1603);
#1036=LINE('',#6209,#1604);
#1037=LINE('',#6210,#1605);
#1038=LINE('',#6213,#1606);
#1039=LINE('',#6214,#1607);
#1040=LINE('',#6217,#1608);
#1041=LINE('',#6218,#1609);
#1042=LINE('',#6221,#1610);
#1043=LINE('',#6222,#1611);
#1044=LINE('',#6225,#1612);
#1045=LINE('',#6226,#1613);
#1046=LINE('',#6229,#1614);
#1047=LINE('',#6230,#1615);
#1048=LINE('',#6233,#1616);
#1049=LINE('',#6234,#1617);
#1050=LINE('',#6237,#1618);
#1051=LINE('',#6238,#1619);
#1052=LINE('',#6241,#1620);
#1053=LINE('',#6242,#1621);
#1054=LINE('',#6245,#1622);
#1055=LINE('',#6246,#1623);
#1056=LINE('',#6248,#1624);
#1057=LINE('',#6252,#1625);
#1058=LINE('',#6254,#1626);
#1059=LINE('',#6256,#1627);
#1060=LINE('',#6257,#1628);
#1061=LINE('',#6260,#1629);
#1062=LINE('',#6262,#1630);
#1063=LINE('',#6263,#1631);
#1064=LINE('',#6266,#1632);
#1065=LINE('',#6268,#1633);
#1066=LINE('',#6269,#1634);
#1067=LINE('',#6273,#1635);
#1068=LINE('',#6275,#1636);
#1069=LINE('',#6277,#1637);
#1070=LINE('',#6278,#1638);
#1071=LINE('',#6282,#1639);
#1072=LINE('',#6283,#1640);
#1073=LINE('',#6284,#1641);
#1074=LINE('',#6288,#1642);
#1075=LINE('',#6290,#1643);
#1076=LINE('',#6292,#1644);
#1077=LINE('',#6293,#1645);
#1078=LINE('',#6297,#1646);
#1079=LINE('',#6298,#1647);
#1080=LINE('',#6300,#1648);
#1081=LINE('',#6301,#1649);
#1082=LINE('',#6303,#1650);
#1083=LINE('',#6305,#1651);
#1084=LINE('',#6307,#1652);
#1085=LINE('',#6309,#1653);
#1086=LINE('',#6313,#1654);
#1087=LINE('',#6315,#1655);
#1088=LINE('',#6317,#1656);
#1089=LINE('',#6319,#1657);
#1090=LINE('',#6321,#1658);
#1091=LINE('',#6323,#1659);
#1092=LINE('',#6325,#1660);
#1093=LINE('',#6326,#1661);
#1094=LINE('',#6328,#1662);
#1095=LINE('',#6330,#1663);
#1096=LINE('',#6332,#1664);
#1097=LINE('',#6334,#1665);
#1098=LINE('',#6335,#1666);
#1099=LINE('',#6339,#1667);
#1100=LINE('',#6341,#1668);
#1101=LINE('',#6343,#1669);
#1102=LINE('',#6345,#1670);
#1103=LINE('',#6347,#1671);
#1104=LINE('',#6349,#1672);
#1105=LINE('',#6350,#1673);
#1106=LINE('',#6352,#1674);
#1107=LINE('',#6354,#1675);
#1108=LINE('',#6356,#1676);
#1109=LINE('',#6358,#1677);
#1110=LINE('',#6360,#1678);
#1111=LINE('',#6361,#1679);
#1112=LINE('',#6364,#1680);
#1113=LINE('',#6365,#1681);
#1114=LINE('',#6366,#1682);
#1115=LINE('',#6369,#1683);
#1116=LINE('',#6371,#1684);
#1117=LINE('',#6372,#1685);
#1118=LINE('',#6375,#1686);
#1119=LINE('',#6377,#1687);
#1120=LINE('',#6379,#1688);
#1121=LINE('',#6381,#1689);
#1122=LINE('',#6383,#1690);
#1123=LINE('',#6384,#1691);
#1124=LINE('',#6386,#1692);
#1125=LINE('',#6388,#1693);
#1126=LINE('',#6390,#1694);
#1127=LINE('',#6392,#1695);
#1128=LINE('',#6394,#1696);
#1129=LINE('',#6395,#1697);
#1130=LINE('',#6397,#1698);
#1131=LINE('',#6399,#1699);
#1132=LINE('',#6401,#1700);
#1133=LINE('',#6403,#1701);
#1134=LINE('',#6405,#1702);
#1135=LINE('',#6406,#1703);
#1136=LINE('',#6408,#1704);
#1137=LINE('',#6410,#1705);
#1138=LINE('',#6412,#1706);
#1139=LINE('',#6414,#1707);
#1140=LINE('',#6416,#1708);
#1141=LINE('',#6417,#1709);
#1142=LINE('',#6420,#1710);
#1143=LINE('',#6422,#1711);
#1144=LINE('',#6424,#1712);
#1145=LINE('',#6425,#1713);
#1146=LINE('',#6427,#1714);
#1147=LINE('',#6430,#1715);
#1148=LINE('',#6432,#1716);
#1149=LINE('',#6433,#1717);
#1150=LINE('',#6436,#1718);
#1151=LINE('',#6438,#1719);
#1152=LINE('',#6439,#1720);
#1153=LINE('',#6442,#1721);
#1154=LINE('',#6443,#1722);
#1155=LINE('',#6445,#1723);
#1156=LINE('',#6448,#1724);
#1157=LINE('',#6450,#1725);
#1158=LINE('',#6451,#1726);
#1159=LINE('',#6454,#1727);
#1160=LINE('',#6455,#1728);
#1161=LINE('',#6457,#1729);
#1162=LINE('',#6459,#1730);
#1163=LINE('',#6460,#1731);
#1164=LINE('',#6462,#1732);
#1165=LINE('',#6465,#1733);
#1166=LINE('',#6467,#1734);
#1167=LINE('',#6468,#1735);
#1168=LINE('',#6471,#1736);
#1169=LINE('',#6472,#1737);
#1170=LINE('',#6475,#1738);
#1171=LINE('',#6477,#1739);
#1172=LINE('',#6479,#1740);
#1173=LINE('',#6480,#1741);
#1174=LINE('',#6482,#1742);
#1175=LINE('',#6483,#1743);
#1176=LINE('',#6485,#1744);
#1177=LINE('',#6489,#1745);
#1178=LINE('',#6491,#1746);
#1179=LINE('',#6492,#1747);
#1180=LINE('',#6495,#1748);
#1181=LINE('',#6496,#1749);
#1182=LINE('',#6499,#1750);
#1183=LINE('',#6501,#1751);
#1184=LINE('',#6502,#1752);
#1185=LINE('',#6504,#1753);
#1186=LINE('',#6507,#1754);
#1187=LINE('',#6508,#1755);
#1188=LINE('',#6511,#1756);
#1189=LINE('',#6512,#1757);
#1190=LINE('',#6515,#1758);
#1191=LINE('',#6516,#1759);
#1192=LINE('',#6518,#1760);
#1193=LINE('',#6521,#1761);
#1194=LINE('',#6522,#1762);
#1195=LINE('',#6525,#1763);
#1196=LINE('',#6526,#1764);
#1197=LINE('',#6529,#1765);
#1198=LINE('',#6530,#1766);
#1199=LINE('',#6532,#1767);
#1200=LINE('',#6536,#1768);
#1201=LINE('',#6538,#1769);
#1202=LINE('',#6539,#1770);
#1203=LINE('',#6542,#1771);
#1204=LINE('',#6543,#1772);
#1205=LINE('',#6546,#1773);
#1206=LINE('',#6547,#1774);
#1207=LINE('',#6549,#1775);
#1208=LINE('',#6550,#1776);
#1209=LINE('',#6552,#1777);
#1210=LINE('',#6555,#1778);
#1211=LINE('',#6557,#1779);
#1212=LINE('',#6558,#1780);
#1213=LINE('',#6560,#1781);
#1214=LINE('',#6563,#1782);
#1215=LINE('',#6565,#1783);
#1216=LINE('',#6566,#1784);
#1217=LINE('',#6569,#1785);
#1218=LINE('',#6570,#1786);
#1219=LINE('',#6573,#1787);
#1220=LINE('',#6574,#1788);
#1221=LINE('',#6576,#1789);
#1222=LINE('',#6577,#1790);
#1223=LINE('',#6579,#1791);
#1224=LINE('',#6580,#1792);
#1225=LINE('',#6582,#1793);
#1226=LINE('',#6584,#1794);
#1227=LINE('',#6587,#1795);
#1228=LINE('',#6588,#1796);
#1229=LINE('',#6590,#1797);
#1230=LINE('',#6591,#1798);
#1231=LINE('',#6593,#1799);
#1232=LINE('',#6594,#1800);
#1233=LINE('',#6596,#1801);
#1234=LINE('',#6598,#1802);
#1235=LINE('',#6600,#1803);
#1236=LINE('',#6602,#1804);
#1237=LINE('',#6604,#1805);
#1238=LINE('',#6608,#1806);
#1239=LINE('',#6609,#1807);
#1240=LINE('',#6611,#1808);
#1241=LINE('',#6613,#1809);
#1242=LINE('',#6615,#1810);
#1243=LINE('',#6617,#1811);
#1244=LINE('',#6619,#1812);
#1245=LINE('',#6621,#1813);
#1246=LINE('',#6623,#1814);
#1247=LINE('',#6625,#1815);
#1248=LINE('',#6627,#1816);
#1249=LINE('',#6629,#1817);
#1250=LINE('',#6631,#1818);
#1251=LINE('',#6633,#1819);
#1252=LINE('',#6635,#1820);
#1253=LINE('',#6637,#1821);
#1254=LINE('',#6639,#1822);
#1255=LINE('',#6641,#1823);
#1256=LINE('',#6644,#1824);
#1257=LINE('',#6646,#1825);
#1258=LINE('',#6651,#1826);
#1259=LINE('',#6653,#1827);
#1260=LINE('',#6654,#1828);
#1261=LINE('',#6657,#1829);
#1262=LINE('',#6658,#1830);
#1263=LINE('',#6661,#1831);
#1264=LINE('',#6663,#1832);
#1265=LINE('',#6664,#1833);
#1266=LINE('',#6668,#1834);
#1267=LINE('',#6670,#1835);
#1268=LINE('',#6671,#1836);
#1269=LINE('',#6674,#1837);
#1270=LINE('',#6675,#1838);
#1271=LINE('',#6678,#1839);
#1272=LINE('',#6680,#1840);
#1273=LINE('',#6681,#1841);
#1274=LINE('',#6684,#1842);
#1275=LINE('',#6686,#1843);
#1276=LINE('',#6687,#1844);
#1277=LINE('',#6689,#1845);
#1278=LINE('',#6692,#1846);
#1279=LINE('',#6694,#1847);
#1280=LINE('',#6695,#1848);
#1281=LINE('',#6698,#1849);
#1282=LINE('',#6700,#1850);
#1283=LINE('',#6701,#1851);
#1284=LINE('',#6703,#1852);
#1285=LINE('',#6706,#1853);
#1286=LINE('',#6708,#1854);
#1287=LINE('',#6709,#1855);
#1288=LINE('',#6712,#1856);
#1289=LINE('',#6714,#1857);
#1290=LINE('',#6715,#1858);
#1291=LINE('',#6717,#1859);
#1292=LINE('',#6720,#1860);
#1293=LINE('',#6722,#1861);
#1294=LINE('',#6723,#1862);
#1295=LINE('',#6725,#1863);
#1296=LINE('',#6728,#1864);
#1297=LINE('',#6729,#1865);
#1298=LINE('',#6731,#1866);
#1299=LINE('',#6732,#1867);
#1300=LINE('',#6734,#1868);
#1301=LINE('',#6736,#1869);
#1302=LINE('',#6739,#1870);
#1303=LINE('',#6740,#1871);
#1304=LINE('',#6742,#1872);
#1305=LINE('',#6744,#1873);
#1306=LINE('',#6745,#1874);
#1307=LINE('',#6747,#1875);
#1308=LINE('',#6749,#1876);
#1309=LINE('',#6751,#1877);
#1310=LINE('',#6753,#1878);
#1311=LINE('',#6755,#1879);
#1312=LINE('',#6757,#1880);
#1313=LINE('',#6759,#1881);
#1314=LINE('',#6761,#1882);
#1315=LINE('',#6763,#1883);
#1316=LINE('',#6765,#1884);
#1317=LINE('',#6767,#1885);
#1318=LINE('',#6768,#1886);
#1319=LINE('',#6770,#1887);
#1320=LINE('',#6772,#1888);
#1321=LINE('',#6774,#1889);
#1322=LINE('',#6776,#1890);
#1323=LINE('',#6778,#1891);
#1324=LINE('',#6780,#1892);
#1325=LINE('',#6782,#1893);
#1326=LINE('',#6784,#1894);
#1327=LINE('',#6786,#1895);
#1328=LINE('',#6788,#1896);
#1329=LINE('',#6790,#1897);
#1330=LINE('',#6792,#1898);
#1331=LINE('',#6793,#1899);
#1332=LINE('',#6796,#1900);
#1333=LINE('',#6798,#1901);
#1334=LINE('',#6800,#1902);
#1335=LINE('',#6802,#1903);
#1336=LINE('',#6804,#1904);
#1337=LINE('',#6806,#1905);
#1338=LINE('',#6809,#1906);
#1339=LINE('',#6811,#1907);
#1340=LINE('',#6814,#1908);
#1341=LINE('',#6815,#1909);
#1342=LINE('',#6818,#1910);
#1343=LINE('',#6823,#1911);
#1344=LINE('',#6825,#1912);
#1345=LINE('',#6826,#1913);
#1346=LINE('',#6827,#1914);
#1347=LINE('',#6830,#1915);
#1348=LINE('',#6831,#1916);
#1349=LINE('',#6834,#1917);
#1350=LINE('',#6835,#1918);
#1351=LINE('',#6838,#1919);
#1352=LINE('',#6839,#1920);
#1353=LINE('',#6842,#1921);
#1354=LINE('',#6843,#1922);
#1355=LINE('',#6847,#1923);
#1356=LINE('',#6849,#1924);
#1357=LINE('',#6850,#1925);
#1358=LINE('',#6853,#1926);
#1359=LINE('',#6854,#1927);
#1360=LINE('',#6857,#1928);
#1361=LINE('',#6858,#1929);
#1362=LINE('',#6861,#1930);
#1363=LINE('',#6863,#1931);
#1364=LINE('',#6865,#1932);
#1365=LINE('',#6866,#1933);
#1366=LINE('',#6869,#1934);
#1367=LINE('',#6870,#1935);
#1368=LINE('',#6873,#1936);
#1369=LINE('',#6874,#1937);
#1370=LINE('',#6877,#1938);
#1371=LINE('',#6879,#1939);
#1372=LINE('',#6880,#1940);
#1373=LINE('',#6882,#1941);
#1374=LINE('',#6883,#1942);
#1375=LINE('',#6885,#1943);
#1376=LINE('',#6887,#1944);
#1377=LINE('',#6889,#1945);
#1378=LINE('',#6891,#1946);
#1379=LINE('',#6894,#1947);
#1380=LINE('',#6895,#1948);
#1381=LINE('',#6897,#1949);
#1382=LINE('',#6900,#1950);
#1383=LINE('',#6901,#1951);
#1384=LINE('',#6904,#1952);
#1385=LINE('',#6906,#1953);
#1386=LINE('',#6907,#1954);
#1387=LINE('',#6909,#1955);
#1388=LINE('',#6911,#1956);
#1389=LINE('',#6914,#1957);
#1390=LINE('',#6916,#1958);
#1391=LINE('',#6917,#1959);
#1392=LINE('',#6919,#1960);
#1393=LINE('',#6922,#1961);
#1394=LINE('',#6923,#1962);
#1395=LINE('',#6925,#1963);
#1396=LINE('',#6927,#1964);
#1397=LINE('',#6929,#1965);
#1398=LINE('',#6932,#1966);
#1399=LINE('',#6933,#1967);
#1400=LINE('',#6935,#1968);
#1401=LINE('',#6937,#1969);
#1402=LINE('',#6939,#1970);
#1403=LINE('',#6941,#1971);
#1404=LINE('',#6943,#1972);
#1405=LINE('',#6944,#1973);
#1406=LINE('',#6946,#1974);
#1407=LINE('',#6948,#1975);
#1408=LINE('',#6950,#1976);
#1409=LINE('',#6952,#1977);
#1410=LINE('',#6954,#1978);
#1411=LINE('',#6956,#1979);
#1412=LINE('',#6958,#1980);
#1413=LINE('',#6960,#1981);
#1414=LINE('',#6962,#1982);
#1415=LINE('',#6964,#1983);
#1416=LINE('',#6966,#1984);
#1417=LINE('',#6968,#1985);
#1418=LINE('',#6970,#1986);
#1419=LINE('',#6972,#1987);
#1420=LINE('',#6975,#1988);
#1421=LINE('',#6977,#1989);
#1422=LINE('',#6982,#1990);
#1423=LINE('',#6984,#1991);
#1424=LINE('',#6985,#1992);
#1425=LINE('',#6988,#1993);
#1426=LINE('',#6989,#1994);
#1427=LINE('',#6992,#1995);
#1428=LINE('',#6993,#1996);
#1429=LINE('',#6996,#1997);
#1430=LINE('',#6997,#1998);
#1431=LINE('',#7000,#1999);
#1432=LINE('',#7002,#2000);
#1433=LINE('',#7003,#2001);
#1434=LINE('',#7004,#2002);
#1435=LINE('',#7007,#2003);
#1436=LINE('',#7008,#2004);
#1437=LINE('',#7011,#2005);
#1438=LINE('',#7012,#2006);
#1439=LINE('',#7015,#2007);
#1440=LINE('',#7016,#2008);
#1441=LINE('',#7018,#2009);
#1442=LINE('',#7021,#2010);
#1443=LINE('',#7022,#2011);
#1444=LINE('',#7025,#2012);
#1445=LINE('',#7026,#2013);
#1446=LINE('',#7029,#2014);
#1447=LINE('',#7030,#2015);
#1448=LINE('',#7032,#2016);
#1449=LINE('',#7035,#2017);
#1450=LINE('',#7036,#2018);
#1451=LINE('',#7039,#2019);
#1452=LINE('',#7040,#2020);
#1453=LINE('',#7043,#2021);
#1454=LINE('',#7044,#2022);
#1455=LINE('',#7046,#2023);
#1456=LINE('',#7049,#2024);
#1457=LINE('',#7050,#2025);
#1458=LINE('',#7052,#2026);
#1459=LINE('',#7054,#2027);
#1460=LINE('',#7057,#2028);
#1461=LINE('',#7058,#2029);
#1462=LINE('',#7060,#2030);
#1463=LINE('',#7061,#2031);
#1464=LINE('',#7064,#2032);
#1465=LINE('',#7067,#2033);
#1466=LINE('',#7068,#2034);
#1467=LINE('',#7070,#2035);
#1468=LINE('',#7073,#2036);
#1469=LINE('',#7074,#2037);
#1470=LINE('',#7076,#2038);
#1471=LINE('',#7079,#2039);
#1472=LINE('',#7080,#2040);
#1473=LINE('',#7082,#2041);
#1474=LINE('',#7084,#2042);
#1475=LINE('',#7087,#2043);
#1476=LINE('',#7088,#2044);
#1477=LINE('',#7090,#2045);
#1478=LINE('',#7093,#2046);
#1479=LINE('',#7094,#2047);
#1480=LINE('',#7097,#2048);
#1481=LINE('',#7098,#2049);
#1482=LINE('',#7100,#2050);
#1483=LINE('',#7102,#2051);
#1484=LINE('',#7103,#2052);
#1485=LINE('',#7105,#2053);
#1486=LINE('',#7107,#2054);
#1487=LINE('',#7109,#2055);
#1488=LINE('',#7111,#2056);
#1489=LINE('',#7113,#2057);
#1490=LINE('',#7115,#2058);
#1491=LINE('',#7117,#2059);
#1492=LINE('',#7119,#2060);
#1493=LINE('',#7121,#2061);
#1494=LINE('',#7123,#2062);
#1495=LINE('',#7125,#2063);
#1496=LINE('',#7127,#2064);
#1497=LINE('',#7129,#2065);
#1498=LINE('',#7131,#2066);
#1499=LINE('',#7133,#2067);
#1500=LINE('',#7137,#2068);
#1501=LINE('',#7138,#2069);
#1502=LINE('',#7140,#2070);
#1503=LINE('',#7142,#2071);
#1504=VECTOR('',#4772,1.35);
#1505=VECTOR('',#4779,1.35);
#1506=VECTOR('',#4786,2.75);
#1507=VECTOR('',#4811,2.75);
#1508=VECTOR('',#4816,10.);
#1509=VECTOR('',#4817,10.);
#1510=VECTOR('',#4818,10.);
#1511=VECTOR('',#4821,10.);
#1512=VECTOR('',#4824,10.);
#1513=VECTOR('',#4827,10.);
#1514=VECTOR('',#4828,10.);
#1515=VECTOR('',#4829,10.);
#1516=VECTOR('',#4830,10.);
#1517=VECTOR('',#4831,10.);
#1518=VECTOR('',#4834,10.);
#1519=VECTOR('',#4835,10.);
#1520=VECTOR('',#4836,10.);
#1521=VECTOR('',#4837,10.);
#1522=VECTOR('',#4840,10.);
#1523=VECTOR('',#4841,10.);
#1524=VECTOR('',#4842,10.);
#1525=VECTOR('',#4843,10.);
#1526=VECTOR('',#4844,10.);
#1527=VECTOR('',#4845,10.);
#1528=VECTOR('',#4846,10.);
#1529=VECTOR('',#4847,10.);
#1530=VECTOR('',#4848,10.);
#1531=VECTOR('',#4849,10.);
#1532=VECTOR('',#4850,10.);
#1533=VECTOR('',#4851,10.);
#1534=VECTOR('',#4852,10.);
#1535=VECTOR('',#4853,10.);
#1536=VECTOR('',#4854,10.);
#1537=VECTOR('',#4855,10.);
#1538=VECTOR('',#4856,10.);
#1539=VECTOR('',#4857,10.);
#1540=VECTOR('',#4858,10.);
#1541=VECTOR('',#4859,10.);
#1542=VECTOR('',#4860,10.);
#1543=VECTOR('',#4861,10.);
#1544=VECTOR('',#4862,10.);
#1545=VECTOR('',#4863,10.);
#1546=VECTOR('',#4864,10.);
#1547=VECTOR('',#4865,10.);
#1548=VECTOR('',#4866,10.);
#1549=VECTOR('',#4867,10.);
#1550=VECTOR('',#4868,10.);
#1551=VECTOR('',#4869,10.);
#1552=VECTOR('',#4870,10.);
#1553=VECTOR('',#4871,10.);
#1554=VECTOR('',#4872,10.);
#1555=VECTOR('',#4873,10.);
#1556=VECTOR('',#4874,10.);
#1557=VECTOR('',#4875,10.);
#1558=VECTOR('',#4876,10.);
#1559=VECTOR('',#4877,10.);
#1560=VECTOR('',#4878,10.);
#1561=VECTOR('',#4879,10.);
#1562=VECTOR('',#4882,10.);
#1563=VECTOR('',#4883,10.);
#1564=VECTOR('',#4886,10.);
#1565=VECTOR('',#4887,10.);
#1566=VECTOR('',#4890,10.);
#1567=VECTOR('',#4891,10.);
#1568=VECTOR('',#4894,10.);
#1569=VECTOR('',#4895,10.);
#1570=VECTOR('',#4898,10.);
#1571=VECTOR('',#4899,10.);
#1572=VECTOR('',#4902,10.);
#1573=VECTOR('',#4903,10.);
#1574=VECTOR('',#4906,10.);
#1575=VECTOR('',#4907,10.);
#1576=VECTOR('',#4910,10.);
#1577=VECTOR('',#4911,10.);
#1578=VECTOR('',#4914,10.);
#1579=VECTOR('',#4915,10.);
#1580=VECTOR('',#4918,10.);
#1581=VECTOR('',#4919,10.);
#1582=VECTOR('',#4922,10.);
#1583=VECTOR('',#4923,10.);
#1584=VECTOR('',#4926,10.);
#1585=VECTOR('',#4927,10.);
#1586=VECTOR('',#4930,10.);
#1587=VECTOR('',#4931,10.);
#1588=VECTOR('',#4934,10.);
#1589=VECTOR('',#4935,10.);
#1590=VECTOR('',#4938,10.);
#1591=VECTOR('',#4939,10.);
#1592=VECTOR('',#4942,10.);
#1593=VECTOR('',#4943,10.);
#1594=VECTOR('',#4946,10.);
#1595=VECTOR('',#4947,10.);
#1596=VECTOR('',#4950,10.);
#1597=VECTOR('',#4951,10.);
#1598=VECTOR('',#4954,10.);
#1599=VECTOR('',#4955,10.);
#1600=VECTOR('',#4958,10.);
#1601=VECTOR('',#4959,10.);
#1602=VECTOR('',#4962,10.);
#1603=VECTOR('',#4963,10.);
#1604=VECTOR('',#4966,10.);
#1605=VECTOR('',#4967,10.);
#1606=VECTOR('',#4970,10.);
#1607=VECTOR('',#4971,10.);
#1608=VECTOR('',#4974,10.);
#1609=VECTOR('',#4975,10.);
#1610=VECTOR('',#4978,10.);
#1611=VECTOR('',#4979,10.);
#1612=VECTOR('',#4982,10.);
#1613=VECTOR('',#4983,10.);
#1614=VECTOR('',#4986,10.);
#1615=VECTOR('',#4987,10.);
#1616=VECTOR('',#4990,10.);
#1617=VECTOR('',#4991,10.);
#1618=VECTOR('',#4994,10.);
#1619=VECTOR('',#4995,10.);
#1620=VECTOR('',#4998,10.);
#1621=VECTOR('',#4999,10.);
#1622=VECTOR('',#5002,10.);
#1623=VECTOR('',#5003,10.);
#1624=VECTOR('',#5006,10.);
#1625=VECTOR('',#5009,10.);
#1626=VECTOR('',#5010,10.);
#1627=VECTOR('',#5011,10.);
#1628=VECTOR('',#5012,10.);
#1629=VECTOR('',#5015,10.);
#1630=VECTOR('',#5016,10.);
#1631=VECTOR('',#5017,10.);
#1632=VECTOR('',#5020,10.);
#1633=VECTOR('',#5021,10.);
#1634=VECTOR('',#5022,10.);
#1635=VECTOR('',#5025,10.);
#1636=VECTOR('',#5026,10.);
#1637=VECTOR('',#5027,10.);
#1638=VECTOR('',#5028,10.);
#1639=VECTOR('',#5031,10.);
#1640=VECTOR('',#5032,10.);
#1641=VECTOR('',#5033,10.);
#1642=VECTOR('',#5036,10.);
#1643=VECTOR('',#5037,10.);
#1644=VECTOR('',#5038,10.);
#1645=VECTOR('',#5039,10.);
#1646=VECTOR('',#5042,10.);
#1647=VECTOR('',#5043,10.);
#1648=VECTOR('',#5044,10.);
#1649=VECTOR('',#5045,10.);
#1650=VECTOR('',#5048,10.);
#1651=VECTOR('',#5051,10.);
#1652=VECTOR('',#5054,10.);
#1653=VECTOR('',#5057,10.);
#1654=VECTOR('',#5062,10.);
#1655=VECTOR('',#5063,10.);
#1656=VECTOR('',#5064,10.);
#1657=VECTOR('',#5065,10.);
#1658=VECTOR('',#5066,10.);
#1659=VECTOR('',#5067,10.);
#1660=VECTOR('',#5068,10.);
#1661=VECTOR('',#5069,10.);
#1662=VECTOR('',#5070,10.);
#1663=VECTOR('',#5071,10.);
#1664=VECTOR('',#5072,10.);
#1665=VECTOR('',#5073,10.);
#1666=VECTOR('',#5074,10.);
#1667=VECTOR('',#5077,10.);
#1668=VECTOR('',#5078,10.);
#1669=VECTOR('',#5079,10.);
#1670=VECTOR('',#5080,10.);
#1671=VECTOR('',#5081,10.);
#1672=VECTOR('',#5082,10.);
#1673=VECTOR('',#5083,10.);
#1674=VECTOR('',#5084,10.);
#1675=VECTOR('',#5085,10.);
#1676=VECTOR('',#5086,10.);
#1677=VECTOR('',#5087,10.);
#1678=VECTOR('',#5088,10.);
#1679=VECTOR('',#5089,10.);
#1680=VECTOR('',#5092,10.);
#1681=VECTOR('',#5093,10.);
#1682=VECTOR('',#5094,10.);
#1683=VECTOR('',#5097,10.);
#1684=VECTOR('',#5098,10.);
#1685=VECTOR('',#5099,10.);
#1686=VECTOR('',#5102,10.);
#1687=VECTOR('',#5103,10.);
#1688=VECTOR('',#5104,10.);
#1689=VECTOR('',#5105,10.);
#1690=VECTOR('',#5106,10.);
#1691=VECTOR('',#5107,10.);
#1692=VECTOR('',#5108,10.);
#1693=VECTOR('',#5109,10.);
#1694=VECTOR('',#5110,10.);
#1695=VECTOR('',#5111,10.);
#1696=VECTOR('',#5112,10.);
#1697=VECTOR('',#5113,10.);
#1698=VECTOR('',#5114,10.);
#1699=VECTOR('',#5115,10.);
#1700=VECTOR('',#5116,10.);
#1701=VECTOR('',#5117,10.);
#1702=VECTOR('',#5118,10.);
#1703=VECTOR('',#5119,10.);
#1704=VECTOR('',#5120,10.);
#1705=VECTOR('',#5121,10.);
#1706=VECTOR('',#5122,10.);
#1707=VECTOR('',#5123,10.);
#1708=VECTOR('',#5124,10.);
#1709=VECTOR('',#5125,10.);
#1710=VECTOR('',#5126,10.);
#1711=VECTOR('',#5127,10.);
#1712=VECTOR('',#5128,10.);
#1713=VECTOR('',#5129,10.);
#1714=VECTOR('',#5132,10.);
#1715=VECTOR('',#5135,10.);
#1716=VECTOR('',#5136,10.);
#1717=VECTOR('',#5137,10.);
#1718=VECTOR('',#5140,10.);
#1719=VECTOR('',#5141,10.);
#1720=VECTOR('',#5142,10.);
#1721=VECTOR('',#5145,10.);
#1722=VECTOR('',#5146,10.);
#1723=VECTOR('',#5149,10.);
#1724=VECTOR('',#5152,10.);
#1725=VECTOR('',#5153,10.);
#1726=VECTOR('',#5154,10.);
#1727=VECTOR('',#5157,10.);
#1728=VECTOR('',#5158,10.);
#1729=VECTOR('',#5161,10.);
#1730=VECTOR('',#5164,10.);
#1731=VECTOR('',#5165,10.);
#1732=VECTOR('',#5168,10.);
#1733=VECTOR('',#5171,10.);
#1734=VECTOR('',#5172,10.);
#1735=VECTOR('',#5173,10.);
#1736=VECTOR('',#5176,10.);
#1737=VECTOR('',#5177,10.);
#1738=VECTOR('',#5180,10.);
#1739=VECTOR('',#5181,10.);
#1740=VECTOR('',#5182,10.);
#1741=VECTOR('',#5183,10.);
#1742=VECTOR('',#5186,10.);
#1743=VECTOR('',#5187,10.);
#1744=VECTOR('',#5190,10.);
#1745=VECTOR('',#5193,10.);
#1746=VECTOR('',#5194,10.);
#1747=VECTOR('',#5195,10.);
#1748=VECTOR('',#5198,10.);
#1749=VECTOR('',#5199,10.);
#1750=VECTOR('',#5202,10.);
#1751=VECTOR('',#5203,10.);
#1752=VECTOR('',#5204,10.);
#1753=VECTOR('',#5207,10.);
#1754=VECTOR('',#5210,10.);
#1755=VECTOR('',#5211,10.);
#1756=VECTOR('',#5214,10.);
#1757=VECTOR('',#5215,10.);
#1758=VECTOR('',#5218,10.);
#1759=VECTOR('',#5219,10.);
#1760=VECTOR('',#5222,10.);
#1761=VECTOR('',#5225,10.);
#1762=VECTOR('',#5226,10.);
#1763=VECTOR('',#5229,10.);
#1764=VECTOR('',#5230,10.);
#1765=VECTOR('',#5233,10.);
#1766=VECTOR('',#5234,10.);
#1767=VECTOR('',#5237,10.);
#1768=VECTOR('',#5240,10.);
#1769=VECTOR('',#5241,10.);
#1770=VECTOR('',#5242,10.);
#1771=VECTOR('',#5245,10.);
#1772=VECTOR('',#5246,10.);
#1773=VECTOR('',#5249,10.);
#1774=VECTOR('',#5250,10.);
#1775=VECTOR('',#5253,10.);
#1776=VECTOR('',#5254,10.);
#1777=VECTOR('',#5257,10.);
#1778=VECTOR('',#5260,10.);
#1779=VECTOR('',#5261,10.);
#1780=VECTOR('',#5262,10.);
#1781=VECTOR('',#5265,10.);
#1782=VECTOR('',#5268,10.);
#1783=VECTOR('',#5269,10.);
#1784=VECTOR('',#5270,10.);
#1785=VECTOR('',#5273,10.);
#1786=VECTOR('',#5274,10.);
#1787=VECTOR('',#5277,10.);
#1788=VECTOR('',#5278,10.);
#1789=VECTOR('',#5281,10.);
#1790=VECTOR('',#5282,10.);
#1791=VECTOR('',#5285,10.);
#1792=VECTOR('',#5286,10.);
#1793=VECTOR('',#5289,10.);
#1794=VECTOR('',#5292,10.);
#1795=VECTOR('',#5295,10.);
#1796=VECTOR('',#5296,10.);
#1797=VECTOR('',#5299,10.);
#1798=VECTOR('',#5300,10.);
#1799=VECTOR('',#5301,10.);
#1800=VECTOR('',#5302,10.);
#1801=VECTOR('',#5305,10.);
#1802=VECTOR('',#5308,10.);
#1803=VECTOR('',#5311,10.);
#1804=VECTOR('',#5314,10.);
#1805=VECTOR('',#5317,10.);
#1806=VECTOR('',#5322,10.);
#1807=VECTOR('',#5323,10.);
#1808=VECTOR('',#5326,10.);
#1809=VECTOR('',#5329,10.);
#1810=VECTOR('',#5332,10.);
#1811=VECTOR('',#5335,10.);
#1812=VECTOR('',#5338,10.);
#1813=VECTOR('',#5341,10.);
#1814=VECTOR('',#5344,10.);
#1815=VECTOR('',#5347,10.);
#1816=VECTOR('',#5350,10.);
#1817=VECTOR('',#5353,10.);
#1818=VECTOR('',#5356,10.);
#1819=VECTOR('',#5359,10.);
#1820=VECTOR('',#5362,10.);
#1821=VECTOR('',#5365,10.);
#1822=VECTOR('',#5368,10.);
#1823=VECTOR('',#5371,10.);
#1824=VECTOR('',#5376,10.);
#1825=VECTOR('',#5379,10.);
#1826=VECTOR('',#5384,10.);
#1827=VECTOR('',#5385,10.);
#1828=VECTOR('',#5386,10.);
#1829=VECTOR('',#5389,10.);
#1830=VECTOR('',#5390,10.);
#1831=VECTOR('',#5393,10.);
#1832=VECTOR('',#5394,10.);
#1833=VECTOR('',#5395,10.);
#1834=VECTOR('',#5398,10.);
#1835=VECTOR('',#5399,10.);
#1836=VECTOR('',#5400,10.);
#1837=VECTOR('',#5403,10.);
#1838=VECTOR('',#5404,10.);
#1839=VECTOR('',#5407,10.);
#1840=VECTOR('',#5408,10.);
#1841=VECTOR('',#5409,10.);
#1842=VECTOR('',#5412,10.);
#1843=VECTOR('',#5413,10.);
#1844=VECTOR('',#5414,10.);
#1845=VECTOR('',#5417,10.);
#1846=VECTOR('',#5420,10.);
#1847=VECTOR('',#5421,10.);
#1848=VECTOR('',#5422,10.);
#1849=VECTOR('',#5425,10.);
#1850=VECTOR('',#5426,10.);
#1851=VECTOR('',#5427,10.);
#1852=VECTOR('',#5430,10.);
#1853=VECTOR('',#5433,10.);
#1854=VECTOR('',#5434,10.);
#1855=VECTOR('',#5435,10.);
#1856=VECTOR('',#5438,10.);
#1857=VECTOR('',#5439,10.);
#1858=VECTOR('',#5440,10.);
#1859=VECTOR('',#5443,10.);
#1860=VECTOR('',#5446,10.);
#1861=VECTOR('',#5447,10.);
#1862=VECTOR('',#5448,10.);
#1863=VECTOR('',#5451,10.);
#1864=VECTOR('',#5454,10.);
#1865=VECTOR('',#5455,10.);
#1866=VECTOR('',#5458,10.);
#1867=VECTOR('',#5459,10.);
#1868=VECTOR('',#5462,10.);
#1869=VECTOR('',#5465,10.);
#1870=VECTOR('',#5468,10.);
#1871=VECTOR('',#5469,10.);
#1872=VECTOR('',#5472,10.);
#1873=VECTOR('',#5475,10.);
#1874=VECTOR('',#5476,10.);
#1875=VECTOR('',#5479,10.);
#1876=VECTOR('',#5482,10.);
#1877=VECTOR('',#5485,10.);
#1878=VECTOR('',#5488,10.);
#1879=VECTOR('',#5491,10.);
#1880=VECTOR('',#5494,10.);
#1881=VECTOR('',#5497,10.);
#1882=VECTOR('',#5500,10.);
#1883=VECTOR('',#5503,10.);
#1884=VECTOR('',#5506,10.);
#1885=VECTOR('',#5509,10.);
#1886=VECTOR('',#5510,10.);
#1887=VECTOR('',#5513,10.);
#1888=VECTOR('',#5516,10.);
#1889=VECTOR('',#5519,10.);
#1890=VECTOR('',#5522,10.);
#1891=VECTOR('',#5525,10.);
#1892=VECTOR('',#5528,10.);
#1893=VECTOR('',#5531,10.);
#1894=VECTOR('',#5534,10.);
#1895=VECTOR('',#5537,10.);
#1896=VECTOR('',#5540,10.);
#1897=VECTOR('',#5543,10.);
#1898=VECTOR('',#5546,10.);
#1899=VECTOR('',#5547,10.);
#1900=VECTOR('',#5552,10.);
#1901=VECTOR('',#5555,10.);
#1902=VECTOR('',#5558,10.);
#1903=VECTOR('',#5561,10.);
#1904=VECTOR('',#5564,10.);
#1905=VECTOR('',#5567,10.);
#1906=VECTOR('',#5572,10.);
#1907=VECTOR('',#5575,10.);
#1908=VECTOR('',#5580,10.);
#1909=VECTOR('',#5581,10.);
#1910=VECTOR('',#5586,10.);
#1911=VECTOR('',#5591,10.);
#1912=VECTOR('',#5592,10.);
#1913=VECTOR('',#5593,10.);
#1914=VECTOR('',#5594,10.);
#1915=VECTOR('',#5597,10.);
#1916=VECTOR('',#5598,10.);
#1917=VECTOR('',#5601,10.);
#1918=VECTOR('',#5602,10.);
#1919=VECTOR('',#5605,10.);
#1920=VECTOR('',#5606,10.);
#1921=VECTOR('',#5609,10.);
#1922=VECTOR('',#5610,10.);
#1923=VECTOR('',#5613,10.);
#1924=VECTOR('',#5614,10.);
#1925=VECTOR('',#5615,10.);
#1926=VECTOR('',#5618,10.);
#1927=VECTOR('',#5619,10.);
#1928=VECTOR('',#5622,10.);
#1929=VECTOR('',#5623,10.);
#1930=VECTOR('',#5626,10.);
#1931=VECTOR('',#5627,10.);
#1932=VECTOR('',#5628,10.);
#1933=VECTOR('',#5629,10.);
#1934=VECTOR('',#5632,10.);
#1935=VECTOR('',#5633,10.);
#1936=VECTOR('',#5636,10.);
#1937=VECTOR('',#5637,10.);
#1938=VECTOR('',#5640,10.);
#1939=VECTOR('',#5641,10.);
#1940=VECTOR('',#5642,10.);
#1941=VECTOR('',#5645,10.);
#1942=VECTOR('',#5646,10.);
#1943=VECTOR('',#5649,10.);
#1944=VECTOR('',#5652,10.);
#1945=VECTOR('',#5655,10.);
#1946=VECTOR('',#5658,10.);
#1947=VECTOR('',#5661,10.);
#1948=VECTOR('',#5662,10.);
#1949=VECTOR('',#5665,10.);
#1950=VECTOR('',#5668,10.);
#1951=VECTOR('',#5669,10.);
#1952=VECTOR('',#5672,10.);
#1953=VECTOR('',#5673,10.);
#1954=VECTOR('',#5674,10.);
#1955=VECTOR('',#5677,10.);
#1956=VECTOR('',#5680,10.);
#1957=VECTOR('',#5683,10.);
#1958=VECTOR('',#5684,10.);
#1959=VECTOR('',#5685,10.);
#1960=VECTOR('',#5688,10.);
#1961=VECTOR('',#5691,10.);
#1962=VECTOR('',#5692,10.);
#1963=VECTOR('',#5695,10.);
#1964=VECTOR('',#5698,10.);
#1965=VECTOR('',#5701,10.);
#1966=VECTOR('',#5704,10.);
#1967=VECTOR('',#5705,10.);
#1968=VECTOR('',#5708,10.);
#1969=VECTOR('',#5711,10.);
#1970=VECTOR('',#5714,10.);
#1971=VECTOR('',#5717,10.);
#1972=VECTOR('',#5720,10.);
#1973=VECTOR('',#5721,10.);
#1974=VECTOR('',#5724,10.);
#1975=VECTOR('',#5727,10.);
#1976=VECTOR('',#5730,10.);
#1977=VECTOR('',#5733,10.);
#1978=VECTOR('',#5736,10.);
#1979=VECTOR('',#5739,10.);
#1980=VECTOR('',#5742,10.);
#1981=VECTOR('',#5745,10.);
#1982=VECTOR('',#5748,10.);
#1983=VECTOR('',#5751,10.);
#1984=VECTOR('',#5754,10.);
#1985=VECTOR('',#5757,10.);
#1986=VECTOR('',#5760,10.);
#1987=VECTOR('',#5763,10.);
#1988=VECTOR('',#5768,10.);
#1989=VECTOR('',#5771,10.);
#1990=VECTOR('',#5776,10.);
#1991=VECTOR('',#5777,10.);
#1992=VECTOR('',#5778,10.);
#1993=VECTOR('',#5781,10.);
#1994=VECTOR('',#5782,10.);
#1995=VECTOR('',#5785,10.);
#1996=VECTOR('',#5786,10.);
#1997=VECTOR('',#5789,10.);
#1998=VECTOR('',#5790,10.);
#1999=VECTOR('',#5793,10.);
#2000=VECTOR('',#5794,10.);
#2001=VECTOR('',#5795,10.);
#2002=VECTOR('',#5796,10.);
#2003=VECTOR('',#5799,10.);
#2004=VECTOR('',#5800,10.);
#2005=VECTOR('',#5803,10.);
#2006=VECTOR('',#5804,10.);
#2007=VECTOR('',#5807,10.);
#2008=VECTOR('',#5808,10.);
#2009=VECTOR('',#5811,10.);
#2010=VECTOR('',#5814,10.);
#2011=VECTOR('',#5815,10.);
#2012=VECTOR('',#5818,10.);
#2013=VECTOR('',#5819,10.);
#2014=VECTOR('',#5822,10.);
#2015=VECTOR('',#5823,10.);
#2016=VECTOR('',#5826,10.);
#2017=VECTOR('',#5829,10.);
#2018=VECTOR('',#5830,10.);
#2019=VECTOR('',#5833,10.);
#2020=VECTOR('',#5834,10.);
#2021=VECTOR('',#5837,10.);
#2022=VECTOR('',#5838,10.);
#2023=VECTOR('',#5841,10.);
#2024=VECTOR('',#5844,10.);
#2025=VECTOR('',#5845,10.);
#2026=VECTOR('',#5848,10.);
#2027=VECTOR('',#5851,10.);
#2028=VECTOR('',#5854,10.);
#2029=VECTOR('',#5855,10.);
#2030=VECTOR('',#5858,10.);
#2031=VECTOR('',#5859,10.);
#2032=VECTOR('',#5864,10.);
#2033=VECTOR('',#5867,10.);
#2034=VECTOR('',#5868,10.);
#2035=VECTOR('',#5871,10.);
#2036=VECTOR('',#5874,10.);
#2037=VECTOR('',#5875,10.);
#2038=VECTOR('',#5878,10.);
#2039=VECTOR('',#5881,10.);
#2040=VECTOR('',#5882,10.);
#2041=VECTOR('',#5885,10.);
#2042=VECTOR('',#5888,10.);
#2043=VECTOR('',#5891,10.);
#2044=VECTOR('',#5892,10.);
#2045=VECTOR('',#5895,10.);
#2046=VECTOR('',#5898,10.);
#2047=VECTOR('',#5899,10.);
#2048=VECTOR('',#5902,10.);
#2049=VECTOR('',#5903,10.);
#2050=VECTOR('',#5906,10.);
#2051=VECTOR('',#5909,10.);
#2052=VECTOR('',#5910,10.);
#2053=VECTOR('',#5913,10.);
#2054=VECTOR('',#5916,10.);
#2055=VECTOR('',#5919,10.);
#2056=VECTOR('',#5922,10.);
#2057=VECTOR('',#5925,10.);
#2058=VECTOR('',#5928,10.);
#2059=VECTOR('',#5931,10.);
#2060=VECTOR('',#5934,10.);
#2061=VECTOR('',#5937,10.);
#2062=VECTOR('',#5940,10.);
#2063=VECTOR('',#5943,10.);
#2064=VECTOR('',#5946,10.);
#2065=VECTOR('',#5949,10.);
#2066=VECTOR('',#5952,10.);
#2067=VECTOR('',#5955,10.);
#2068=VECTOR('',#5962,10.);
#2069=VECTOR('',#5963,10.);
#2070=VECTOR('',#5966,10.);
#2071=VECTOR('',#5969,10.);
#2072=CIRCLE('',#4449,1.35);
#2073=CIRCLE('',#4450,1.35);
#2074=CIRCLE('',#4452,1.35);
#2075=CIRCLE('',#4453,1.35);
#2076=CIRCLE('',#4455,2.75);
#2077=CIRCLE('',#4456,2.75);
#2078=CIRCLE('',#4457,2.75);
#2079=CIRCLE('',#4458,2.75);
#2080=CIRCLE('',#4459,2.75);
#2081=CIRCLE('',#4460,2.75);
#2082=CIRCLE('',#4461,2.75);
#2083=CIRCLE('',#4462,2.75);
#2084=CIRCLE('',#4463,2.75);
#2085=CIRCLE('',#4464,2.75);
#2086=CIRCLE('',#4465,2.75);
#2087=CIRCLE('',#4467,2.75);
#2088=CIRCLE('',#4468,2.75);
#2089=VERTEX_POINT('',#5974);
#2090=VERTEX_POINT('',#5976);
#2091=VERTEX_POINT('',#5980);
#2092=VERTEX_POINT('',#5982);
#2093=VERTEX_POINT('',#5986);
#2094=VERTEX_POINT('',#5988);
#2095=VERTEX_POINT('',#5990);
#2096=VERTEX_POINT('',#5992);
#2097=VERTEX_POINT('',#5994);
#2098=VERTEX_POINT('',#5996);
#2099=VERTEX_POINT('',#5998);
#2100=VERTEX_POINT('',#6000);
#2101=VERTEX_POINT('',#6002);
#2102=VERTEX_POINT('',#6004);
#2103=VERTEX_POINT('',#6006);
#2104=VERTEX_POINT('',#6010);
#2105=VERTEX_POINT('',#6012);
#2106=VERTEX_POINT('',#6016);
#2107=VERTEX_POINT('',#6018);
#2108=VERTEX_POINT('',#6027);
#2109=VERTEX_POINT('',#6029);
#2110=VERTEX_POINT('',#6031);
#2111=VERTEX_POINT('',#6035);
#2112=VERTEX_POINT('',#6036);
#2113=VERTEX_POINT('',#6038);
#2114=VERTEX_POINT('',#6040);
#2115=VERTEX_POINT('',#6044);
#2116=VERTEX_POINT('',#6045);
#2117=VERTEX_POINT('',#6047);
#2118=VERTEX_POINT('',#6049);
#2119=VERTEX_POINT('',#6052);
#2120=VERTEX_POINT('',#6053);
#2121=VERTEX_POINT('',#6055);
#2122=VERTEX_POINT('',#6057);
#2123=VERTEX_POINT('',#6060);
#2124=VERTEX_POINT('',#6062);
#2125=VERTEX_POINT('',#6064);
#2126=VERTEX_POINT('',#6066);
#2127=VERTEX_POINT('',#6068);
#2128=VERTEX_POINT('',#6070);
#2129=VERTEX_POINT('',#6072);
#2130=VERTEX_POINT('',#6074);
#2131=VERTEX_POINT('',#6076);
#2132=VERTEX_POINT('',#6078);
#2133=VERTEX_POINT('',#6080);
#2134=VERTEX_POINT('',#6082);
#2135=VERTEX_POINT('',#6084);
#2136=VERTEX_POINT('',#6086);
#2137=VERTEX_POINT('',#6088);
#2138=VERTEX_POINT('',#6090);
#2139=VERTEX_POINT('',#6092);
#2140=VERTEX_POINT('',#6094);
#2141=VERTEX_POINT('',#6096);
#2142=VERTEX_POINT('',#6098);
#2143=VERTEX_POINT('',#6100);
#2144=VERTEX_POINT('',#6102);
#2145=VERTEX_POINT('',#6104);
#2146=VERTEX_POINT('',#6106);
#2147=VERTEX_POINT('',#6108);
#2148=VERTEX_POINT('',#6110);
#2149=VERTEX_POINT('',#6112);
#2150=VERTEX_POINT('',#6114);
#2151=VERTEX_POINT('',#6116);
#2152=VERTEX_POINT('',#6118);
#2153=VERTEX_POINT('',#6120);
#2154=VERTEX_POINT('',#6124);
#2155=VERTEX_POINT('',#6128);
#2156=VERTEX_POINT('',#6132);
#2157=VERTEX_POINT('',#6136);
#2158=VERTEX_POINT('',#6140);
#2159=VERTEX_POINT('',#6144);
#2160=VERTEX_POINT('',#6148);
#2161=VERTEX_POINT('',#6152);
#2162=VERTEX_POINT('',#6156);
#2163=VERTEX_POINT('',#6160);
#2164=VERTEX_POINT('',#6164);
#2165=VERTEX_POINT('',#6168);
#2166=VERTEX_POINT('',#6172);
#2167=VERTEX_POINT('',#6176);
#2168=VERTEX_POINT('',#6180);
#2169=VERTEX_POINT('',#6184);
#2170=VERTEX_POINT('',#6188);
#2171=VERTEX_POINT('',#6192);
#2172=VERTEX_POINT('',#6196);
#2173=VERTEX_POINT('',#6200);
#2174=VERTEX_POINT('',#6204);
#2175=VERTEX_POINT('',#6208);
#2176=VERTEX_POINT('',#6212);
#2177=VERTEX_POINT('',#6216);
#2178=VERTEX_POINT('',#6220);
#2179=VERTEX_POINT('',#6224);
#2180=VERTEX_POINT('',#6228);
#2181=VERTEX_POINT('',#6232);
#2182=VERTEX_POINT('',#6236);
#2183=VERTEX_POINT('',#6240);
#2184=VERTEX_POINT('',#6244);
#2185=VERTEX_POINT('',#6250);
#2186=VERTEX_POINT('',#6251);
#2187=VERTEX_POINT('',#6253);
#2188=VERTEX_POINT('',#6255);
#2189=VERTEX_POINT('',#6259);
#2190=VERTEX_POINT('',#6261);
#2191=VERTEX_POINT('',#6265);
#2192=VERTEX_POINT('',#6267);
#2193=VERTEX_POINT('',#6271);
#2194=VERTEX_POINT('',#6272);
#2195=VERTEX_POINT('',#6274);
#2196=VERTEX_POINT('',#6276);
#2197=VERTEX_POINT('',#6280);
#2198=VERTEX_POINT('',#6281);
#2199=VERTEX_POINT('',#6286);
#2200=VERTEX_POINT('',#6287);
#2201=VERTEX_POINT('',#6289);
#2202=VERTEX_POINT('',#6291);
#2203=VERTEX_POINT('',#6295);
#2204=VERTEX_POINT('',#6296);
#2205=VERTEX_POINT('',#6299);
#2206=VERTEX_POINT('',#6312);
#2207=VERTEX_POINT('',#6314);
#2208=VERTEX_POINT('',#6316);
#2209=VERTEX_POINT('',#6318);
#2210=VERTEX_POINT('',#6320);
#2211=VERTEX_POINT('',#6322);
#2212=VERTEX_POINT('',#6324);
#2213=VERTEX_POINT('',#6327);
#2214=VERTEX_POINT('',#6329);
#2215=VERTEX_POINT('',#6331);
#2216=VERTEX_POINT('',#6333);
#2217=VERTEX_POINT('',#6337);
#2218=VERTEX_POINT('',#6338);
#2219=VERTEX_POINT('',#6340);
#2220=VERTEX_POINT('',#6342);
#2221=VERTEX_POINT('',#6344);
#2222=VERTEX_POINT('',#6346);
#2223=VERTEX_POINT('',#6348);
#2224=VERTEX_POINT('',#6351);
#2225=VERTEX_POINT('',#6353);
#2226=VERTEX_POINT('',#6355);
#2227=VERTEX_POINT('',#6357);
#2228=VERTEX_POINT('',#6359);
#2229=VERTEX_POINT('',#6363);
#2230=VERTEX_POINT('',#6368);
#2231=VERTEX_POINT('',#6370);
#2232=VERTEX_POINT('',#6374);
#2233=VERTEX_POINT('',#6376);
#2234=VERTEX_POINT('',#6378);
#2235=VERTEX_POINT('',#6380);
#2236=VERTEX_POINT('',#6382);
#2237=VERTEX_POINT('',#6385);
#2238=VERTEX_POINT('',#6387);
#2239=VERTEX_POINT('',#6389);
#2240=VERTEX_POINT('',#6391);
#2241=VERTEX_POINT('',#6393);
#2242=VERTEX_POINT('',#6396);
#2243=VERTEX_POINT('',#6398);
#2244=VERTEX_POINT('',#6400);
#2245=VERTEX_POINT('',#6402);
#2246=VERTEX_POINT('',#6404);
#2247=VERTEX_POINT('',#6407);
#2248=VERTEX_POINT('',#6409);
#2249=VERTEX_POINT('',#6411);
#2250=VERTEX_POINT('',#6413);
#2251=VERTEX_POINT('',#6415);
#2252=VERTEX_POINT('',#6418);
#2253=VERTEX_POINT('',#6419);
#2254=VERTEX_POINT('',#6421);
#2255=VERTEX_POINT('',#6423);
#2256=VERTEX_POINT('',#6429);
#2257=VERTEX_POINT('',#6431);
#2258=VERTEX_POINT('',#6435);
#2259=VERTEX_POINT('',#6437);
#2260=VERTEX_POINT('',#6441);
#2261=VERTEX_POINT('',#6447);
#2262=VERTEX_POINT('',#6449);
#2263=VERTEX_POINT('',#6453);
#2264=VERTEX_POINT('',#6464);
#2265=VERTEX_POINT('',#6466);
#2266=VERTEX_POINT('',#6470);
#2267=VERTEX_POINT('',#6474);
#2268=VERTEX_POINT('',#6476);
#2269=VERTEX_POINT('',#6478);
#2270=VERTEX_POINT('',#6487);
#2271=VERTEX_POINT('',#6488);
#2272=VERTEX_POINT('',#6490);
#2273=VERTEX_POINT('',#6494);
#2274=VERTEX_POINT('',#6498);
#2275=VERTEX_POINT('',#6500);
#2276=VERTEX_POINT('',#6506);
#2277=VERTEX_POINT('',#6510);
#2278=VERTEX_POINT('',#6514);
#2279=VERTEX_POINT('',#6520);
#2280=VERTEX_POINT('',#6524);
#2281=VERTEX_POINT('',#6528);
#2282=VERTEX_POINT('',#6534);
#2283=VERTEX_POINT('',#6535);
#2284=VERTEX_POINT('',#6537);
#2285=VERTEX_POINT('',#6541);
#2286=VERTEX_POINT('',#6545);
#2287=VERTEX_POINT('',#6554);
#2288=VERTEX_POINT('',#6556);
#2289=VERTEX_POINT('',#6562);
#2290=VERTEX_POINT('',#6564);
#2291=VERTEX_POINT('',#6568);
#2292=VERTEX_POINT('',#6572);
#2293=VERTEX_POINT('',#6586);
#2294=VERTEX_POINT('',#6592);
#2295=VERTEX_POINT('',#6607);
#2296=VERTEX_POINT('',#6649);
#2297=VERTEX_POINT('',#6650);
#2298=VERTEX_POINT('',#6652);
#2299=VERTEX_POINT('',#6656);
#2300=VERTEX_POINT('',#6660);
#2301=VERTEX_POINT('',#6662);
#2302=VERTEX_POINT('',#6666);
#2303=VERTEX_POINT('',#6667);
#2304=VERTEX_POINT('',#6669);
#2305=VERTEX_POINT('',#6673);
#2306=VERTEX_POINT('',#6677);
#2307=VERTEX_POINT('',#6679);
#2308=VERTEX_POINT('',#6683);
#2309=VERTEX_POINT('',#6685);
#2310=VERTEX_POINT('',#6691);
#2311=VERTEX_POINT('',#6693);
#2312=VERTEX_POINT('',#6697);
#2313=VERTEX_POINT('',#6699);
#2314=VERTEX_POINT('',#6705);
#2315=VERTEX_POINT('',#6707);
#2316=VERTEX_POINT('',#6711);
#2317=VERTEX_POINT('',#6713);
#2318=VERTEX_POINT('',#6719);
#2319=VERTEX_POINT('',#6721);
#2320=VERTEX_POINT('',#6727);
#2321=VERTEX_POINT('',#6738);
#2322=VERTEX_POINT('',#6821);
#2323=VERTEX_POINT('',#6822);
#2324=VERTEX_POINT('',#6824);
#2325=VERTEX_POINT('',#6829);
#2326=VERTEX_POINT('',#6833);
#2327=VERTEX_POINT('',#6837);
#2328=VERTEX_POINT('',#6841);
#2329=VERTEX_POINT('',#6845);
#2330=VERTEX_POINT('',#6846);
#2331=VERTEX_POINT('',#6848);
#2332=VERTEX_POINT('',#6852);
#2333=VERTEX_POINT('',#6856);
#2334=VERTEX_POINT('',#6860);
#2335=VERTEX_POINT('',#6862);
#2336=VERTEX_POINT('',#6864);
#2337=VERTEX_POINT('',#6868);
#2338=VERTEX_POINT('',#6872);
#2339=VERTEX_POINT('',#6876);
#2340=VERTEX_POINT('',#6878);
#2341=VERTEX_POINT('',#6893);
#2342=VERTEX_POINT('',#6899);
#2343=VERTEX_POINT('',#6903);
#2344=VERTEX_POINT('',#6905);
#2345=VERTEX_POINT('',#6913);
#2346=VERTEX_POINT('',#6915);
#2347=VERTEX_POINT('',#6921);
#2348=VERTEX_POINT('',#6931);
#2349=VERTEX_POINT('',#6980);
#2350=VERTEX_POINT('',#6981);
#2351=VERTEX_POINT('',#6983);
#2352=VERTEX_POINT('',#6987);
#2353=VERTEX_POINT('',#6991);
#2354=VERTEX_POINT('',#6995);
#2355=VERTEX_POINT('',#6999);
#2356=VERTEX_POINT('',#7001);
#2357=VERTEX_POINT('',#7006);
#2358=VERTEX_POINT('',#7010);
#2359=VERTEX_POINT('',#7014);
#2360=VERTEX_POINT('',#7020);
#2361=VERTEX_POINT('',#7024);
#2362=VERTEX_POINT('',#7028);
#2363=VERTEX_POINT('',#7034);
#2364=VERTEX_POINT('',#7038);
#2365=VERTEX_POINT('',#7042);
#2366=VERTEX_POINT('',#7048);
#2367=VERTEX_POINT('',#7056);
#2368=VERTEX_POINT('',#7066);
#2369=VERTEX_POINT('',#7072);
#2370=VERTEX_POINT('',#7078);
#2371=VERTEX_POINT('',#7086);
#2372=VERTEX_POINT('',#7092);
#2373=VERTEX_POINT('',#7096);
#2374=EDGE_CURVE('',#2089,#2089,#2072,.T.);
#2375=EDGE_CURVE('',#2089,#2090,#936,.T.);
#2376=EDGE_CURVE('',#2090,#2090,#2073,.T.);
#2377=EDGE_CURVE('',#2091,#2091,#2074,.T.);
#2378=EDGE_CURVE('',#2091,#2092,#937,.T.);
#2379=EDGE_CURVE('',#2092,#2092,#2075,.T.);
#2380=EDGE_CURVE('',#2093,#2093,#2076,.T.);
#2381=EDGE_CURVE('',#2093,#2094,#938,.T.);
#2382=EDGE_CURVE('',#2095,#2094,#2077,.T.);
#2383=EDGE_CURVE('',#2096,#2095,#2078,.T.);
#2384=EDGE_CURVE('',#2097,#2096,#2079,.T.);
#2385=EDGE_CURVE('',#2098,#2097,#2080,.T.);
#2386=EDGE_CURVE('',#2099,#2098,#2081,.T.);
#2387=EDGE_CURVE('',#2100,#2099,#2082,.T.);
#2388=EDGE_CURVE('',#2101,#2100,#2083,.T.);
#2389=EDGE_CURVE('',#2102,#2101,#2084,.T.);
#2390=EDGE_CURVE('',#2103,#2102,#2085,.T.);
#2391=EDGE_CURVE('',#2094,#2103,#2086,.T.);
#2392=EDGE_CURVE('',#2104,#2104,#2087,.T.);
#2393=EDGE_CURVE('',#2104,#2105,#939,.T.);
#2394=EDGE_CURVE('',#2105,#2105,#2088,.T.);
#2395=EDGE_CURVE('',#2097,#2106,#940,.T.);
#2396=EDGE_CURVE('',#2106,#2107,#941,.T.);
#2397=EDGE_CURVE('',#2098,#2107,#942,.T.);
#2398=EDGE_CURVE('',#2096,#2106,#943,.T.);
#2399=EDGE_CURVE('',#2095,#2106,#944,.T.);
#2400=EDGE_CURVE('',#2103,#2107,#945,.T.);
#2401=EDGE_CURVE('',#2107,#2108,#946,.T.);
#2402=EDGE_CURVE('',#2109,#2108,#947,.T.);
#2403=EDGE_CURVE('',#2109,#2110,#948,.T.);
#2404=EDGE_CURVE('',#2110,#2106,#949,.T.);
#2405=EDGE_CURVE('',#2111,#2112,#950,.T.);
#2406=EDGE_CURVE('',#2113,#2111,#951,.T.);
#2407=EDGE_CURVE('',#2113,#2114,#952,.F.);
#2408=EDGE_CURVE('',#2114,#2112,#953,.T.);
#2409=EDGE_CURVE('',#2115,#2116,#954,.F.);
#2410=EDGE_CURVE('',#2116,#2117,#955,.F.);
#2411=EDGE_CURVE('',#2117,#2118,#956,.F.);
#2412=EDGE_CURVE('',#2118,#2115,#957,.F.);
#2413=EDGE_CURVE('',#2119,#2120,#958,.T.);
#2414=EDGE_CURVE('',#2120,#2121,#959,.T.);
#2415=EDGE_CURVE('',#2122,#2121,#960,.F.);
#2416=EDGE_CURVE('',#2119,#2122,#961,.F.);
#2417=EDGE_CURVE('',#2123,#2111,#962,.T.);
#2418=EDGE_CURVE('',#2112,#2124,#963,.T.);
#2419=EDGE_CURVE('',#2125,#2124,#964,.F.);
#2420=EDGE_CURVE('',#2125,#2126,#965,.T.);
#2421=EDGE_CURVE('',#2126,#2127,#966,.T.);
#2422=EDGE_CURVE('',#2127,#2128,#967,.T.);
#2423=EDGE_CURVE('',#2128,#2129,#968,.T.);
#2424=EDGE_CURVE('',#2129,#2130,#969,.T.);
#2425=EDGE_CURVE('',#2130,#2131,#970,.T.);
#2426=EDGE_CURVE('',#2131,#2132,#971,.T.);
#2427=EDGE_CURVE('',#2132,#2133,#972,.T.);
#2428=EDGE_CURVE('',#2133,#2134,#973,.T.);
#2429=EDGE_CURVE('',#2134,#2135,#974,.T.);
#2430=EDGE_CURVE('',#2135,#2136,#975,.T.);
#2431=EDGE_CURVE('',#2136,#2137,#976,.T.);
#2432=EDGE_CURVE('',#2137,#2138,#977,.T.);
#2433=EDGE_CURVE('',#2138,#2139,#978,.T.);
#2434=EDGE_CURVE('',#2139,#2140,#979,.T.);
#2435=EDGE_CURVE('',#2140,#2141,#980,.T.);
#2436=EDGE_CURVE('',#2141,#2142,#981,.T.);
#2437=EDGE_CURVE('',#2142,#2143,#982,.T.);
#2438=EDGE_CURVE('',#2143,#2144,#983,.T.);
#2439=EDGE_CURVE('',#2144,#2145,#984,.T.);
#2440=EDGE_CURVE('',#2145,#2146,#985,.T.);
#2441=EDGE_CURVE('',#2146,#2147,#986,.T.);
#2442=EDGE_CURVE('',#2147,#2148,#987,.T.);
#2443=EDGE_CURVE('',#2148,#2149,#988,.T.);
#2444=EDGE_CURVE('',#2149,#2150,#989,.T.);
#2445=EDGE_CURVE('',#2150,#2151,#990,.T.);
#2446=EDGE_CURVE('',#2151,#2152,#991,.T.);
#2447=EDGE_CURVE('',#2152,#2153,#992,.T.);
#2448=EDGE_CURVE('',#2153,#2123,#993,.T.);
#2449=EDGE_CURVE('',#2154,#2123,#994,.T.);
#2450=EDGE_CURVE('',#2154,#2113,#995,.F.);
#2451=EDGE_CURVE('',#2155,#2153,#996,.T.);
#2452=EDGE_CURVE('',#2155,#2154,#997,.F.);
#2453=EDGE_CURVE('',#2156,#2152,#998,.T.);
#2454=EDGE_CURVE('',#2156,#2155,#999,.F.);
#2455=EDGE_CURVE('',#2157,#2151,#1000,.T.);
#2456=EDGE_CURVE('',#2157,#2156,#1001,.F.);
#2457=EDGE_CURVE('',#2158,#2150,#1002,.T.);
#2458=EDGE_CURVE('',#2158,#2157,#1003,.F.);
#2459=EDGE_CURVE('',#2159,#2149,#1004,.T.);
#2460=EDGE_CURVE('',#2159,#2158,#1005,.F.);
#2461=EDGE_CURVE('',#2160,#2148,#1006,.T.);
#2462=EDGE_CURVE('',#2160,#2159,#1007,.F.);
#2463=EDGE_CURVE('',#2161,#2147,#1008,.T.);
#2464=EDGE_CURVE('',#2161,#2160,#1009,.F.);
#2465=EDGE_CURVE('',#2162,#2146,#1010,.T.);
#2466=EDGE_CURVE('',#2162,#2161,#1011,.F.);
#2467=EDGE_CURVE('',#2163,#2145,#1012,.T.);
#2468=EDGE_CURVE('',#2163,#2162,#1013,.F.);
#2469=EDGE_CURVE('',#2164,#2144,#1014,.T.);
#2470=EDGE_CURVE('',#2164,#2163,#1015,.F.);
#2471=EDGE_CURVE('',#2165,#2143,#1016,.T.);
#2472=EDGE_CURVE('',#2165,#2164,#1017,.F.);
#2473=EDGE_CURVE('',#2166,#2142,#1018,.T.);
#2474=EDGE_CURVE('',#2166,#2165,#1019,.F.);
#2475=EDGE_CURVE('',#2167,#2141,#1020,.T.);
#2476=EDGE_CURVE('',#2167,#2166,#1021,.F.);
#2477=EDGE_CURVE('',#2168,#2140,#1022,.T.);
#2478=EDGE_CURVE('',#2168,#2167,#1023,.F.);
#2479=EDGE_CURVE('',#2169,#2139,#1024,.T.);
#2480=EDGE_CURVE('',#2169,#2168,#1025,.F.);
#2481=EDGE_CURVE('',#2170,#2138,#1026,.T.);
#2482=EDGE_CURVE('',#2170,#2169,#1027,.F.);
#2483=EDGE_CURVE('',#2171,#2137,#1028,.T.);
#2484=EDGE_CURVE('',#2171,#2170,#1029,.F.);
#2485=EDGE_CURVE('',#2172,#2136,#1030,.T.);
#2486=EDGE_CURVE('',#2172,#2171,#1031,.F.);
#2487=EDGE_CURVE('',#2173,#2135,#1032,.T.);
#2488=EDGE_CURVE('',#2173,#2172,#1033,.F.);
#2489=EDGE_CURVE('',#2174,#2134,#1034,.T.);
#2490=EDGE_CURVE('',#2174,#2173,#1035,.F.);
#2491=EDGE_CURVE('',#2175,#2133,#1036,.T.);
#2492=EDGE_CURVE('',#2175,#2174,#1037,.F.);
#2493=EDGE_CURVE('',#2176,#2132,#1038,.T.);
#2494=EDGE_CURVE('',#2176,#2175,#1039,.F.);
#2495=EDGE_CURVE('',#2177,#2131,#1040,.T.);
#2496=EDGE_CURVE('',#2177,#2176,#1041,.F.);
#2497=EDGE_CURVE('',#2178,#2130,#1042,.T.);
#2498=EDGE_CURVE('',#2178,#2177,#1043,.F.);
#2499=EDGE_CURVE('',#2179,#2129,#1044,.T.);
#2500=EDGE_CURVE('',#2179,#2178,#1045,.F.);
#2501=EDGE_CURVE('',#2180,#2128,#1046,.T.);
#2502=EDGE_CURVE('',#2180,#2179,#1047,.F.);
#2503=EDGE_CURVE('',#2181,#2127,#1048,.T.);
#2504=EDGE_CURVE('',#2181,#2180,#1049,.F.);
#2505=EDGE_CURVE('',#2126,#2182,#1050,.T.);
#2506=EDGE_CURVE('',#2182,#2181,#1051,.F.);
#2507=EDGE_CURVE('',#2183,#2125,#1052,.T.);
#2508=EDGE_CURVE('',#2182,#2183,#1053,.T.);
#2509=EDGE_CURVE('',#2114,#2184,#1054,.F.);
#2510=EDGE_CURVE('',#2184,#2124,#1055,.T.);
#2511=EDGE_CURVE('',#2184,#2183,#1056,.F.);
#2512=EDGE_CURVE('',#2185,#2186,#1057,.T.);
#2513=EDGE_CURVE('',#2185,#2187,#1058,.F.);
#2514=EDGE_CURVE('',#2187,#2188,#1059,.T.);
#2515=EDGE_CURVE('',#2186,#2188,#1060,.T.);
#2516=EDGE_CURVE('',#2107,#2189,#1061,.T.);
#2517=EDGE_CURVE('',#2189,#2190,#1062,.T.);
#2518=EDGE_CURVE('',#2108,#2190,#1063,.T.);
#2519=EDGE_CURVE('',#2109,#2191,#1064,.F.);
#2520=EDGE_CURVE('',#2191,#2192,#1065,.T.);
#2521=EDGE_CURVE('',#2110,#2192,#1066,.T.);
#2522=EDGE_CURVE('',#2193,#2194,#1067,.T.);
#2523=EDGE_CURVE('',#2195,#2194,#1068,.T.);
#2524=EDGE_CURVE('',#2196,#2195,#1069,.T.);
#2525=EDGE_CURVE('',#2196,#2193,#1070,.F.);
#2526=EDGE_CURVE('',#2197,#2198,#1071,.T.);
#2527=EDGE_CURVE('',#2198,#2115,#1072,.T.);
#2528=EDGE_CURVE('',#2197,#2118,#1073,.T.);
#2529=EDGE_CURVE('',#2199,#2200,#1074,.T.);
#2530=EDGE_CURVE('',#2199,#2201,#1075,.T.);
#2531=EDGE_CURVE('',#2201,#2202,#1076,.T.);
#2532=EDGE_CURVE('',#2200,#2202,#1077,.T.);
#2533=EDGE_CURVE('',#2203,#2204,#1078,.T.);
#2534=EDGE_CURVE('',#2197,#2203,#1079,.T.);
#2535=EDGE_CURVE('',#2205,#2117,#1080,.T.);
#2536=EDGE_CURVE('',#2205,#2204,#1081,.T.);
#2537=EDGE_CURVE('',#2102,#2107,#1082,.T.);
#2538=EDGE_CURVE('',#2101,#2107,#1083,.T.);
#2539=EDGE_CURVE('',#2100,#2107,#1084,.T.);
#2540=EDGE_CURVE('',#2099,#2107,#1085,.T.);
#2541=EDGE_CURVE('',#2206,#2205,#1086,.T.);
#2542=EDGE_CURVE('',#2205,#2207,#1087,.T.);
#2543=EDGE_CURVE('',#2208,#2207,#1088,.T.);
#2544=EDGE_CURVE('',#2209,#2208,#1089,.T.);
#2545=EDGE_CURVE('',#2210,#2209,#1090,.T.);
#2546=EDGE_CURVE('',#2211,#2210,#1091,.T.);
#2547=EDGE_CURVE('',#2212,#2211,#1092,.T.);
#2548=EDGE_CURVE('',#2195,#2212,#1093,.T.);
#2549=EDGE_CURVE('',#2194,#2213,#1094,.T.);
#2550=EDGE_CURVE('',#2214,#2213,#1095,.T.);
#2551=EDGE_CURVE('',#2215,#2214,#1096,.T.);
#2552=EDGE_CURVE('',#2216,#2215,#1097,.T.);
#2553=EDGE_CURVE('',#2206,#2216,#1098,.T.);
#2554=EDGE_CURVE('',#2217,#2218,#1099,.T.);
#2555=EDGE_CURVE('',#2219,#2218,#1100,.T.);
#2556=EDGE_CURVE('',#2220,#2219,#1101,.T.);
#2557=EDGE_CURVE('',#2221,#2220,#1102,.T.);
#2558=EDGE_CURVE('',#2222,#2221,#1103,.T.);
#2559=EDGE_CURVE('',#2223,#2222,#1104,.T.);
#2560=EDGE_CURVE('',#2223,#2198,#1105,.T.);
#2561=EDGE_CURVE('',#2197,#2224,#1106,.T.);
#2562=EDGE_CURVE('',#2224,#2225,#1107,.T.);
#2563=EDGE_CURVE('',#2226,#2225,#1108,.T.);
#2564=EDGE_CURVE('',#2227,#2226,#1109,.T.);
#2565=EDGE_CURVE('',#2228,#2227,#1110,.T.);
#2566=EDGE_CURVE('',#2217,#2228,#1111,.T.);
#2567=EDGE_CURVE('',#2229,#2186,#1112,.T.);
#2568=EDGE_CURVE('',#2199,#2229,#1113,.T.);
#2569=EDGE_CURVE('',#2200,#2185,#1114,.F.);
#2570=EDGE_CURVE('',#2230,#2217,#1115,.T.);
#2571=EDGE_CURVE('',#2230,#2231,#1116,.F.);
#2572=EDGE_CURVE('',#2218,#2231,#1117,.T.);
#2573=EDGE_CURVE('',#2232,#2190,#1118,.F.);
#2574=EDGE_CURVE('',#2233,#2232,#1119,.F.);
#2575=EDGE_CURVE('',#2234,#2233,#1120,.F.);
#2576=EDGE_CURVE('',#2235,#2234,#1121,.F.);
#2577=EDGE_CURVE('',#2236,#2235,#1122,.F.);
#2578=EDGE_CURVE('',#2231,#2236,#1123,.F.);
#2579=EDGE_CURVE('',#2230,#2237,#1124,.T.);
#2580=EDGE_CURVE('',#2238,#2237,#1125,.F.);
#2581=EDGE_CURVE('',#2239,#2238,#1126,.F.);
#2582=EDGE_CURVE('',#2240,#2239,#1127,.F.);
#2583=EDGE_CURVE('',#2241,#2240,#1128,.F.);
#2584=EDGE_CURVE('',#2187,#2241,#1129,.F.);
#2585=EDGE_CURVE('',#2242,#2202,#1130,.F.);
#2586=EDGE_CURVE('',#2243,#2242,#1131,.F.);
#2587=EDGE_CURVE('',#2244,#2243,#1132,.F.);
#2588=EDGE_CURVE('',#2245,#2244,#1133,.F.);
#2589=EDGE_CURVE('',#2246,#2245,#1134,.F.);
#2590=EDGE_CURVE('',#2193,#2246,#1135,.F.);
#2591=EDGE_CURVE('',#2196,#2247,#1136,.T.);
#2592=EDGE_CURVE('',#2248,#2247,#1137,.F.);
#2593=EDGE_CURVE('',#2249,#2248,#1138,.F.);
#2594=EDGE_CURVE('',#2250,#2249,#1139,.F.);
#2595=EDGE_CURVE('',#2251,#2250,#1140,.F.);
#2596=EDGE_CURVE('',#2191,#2251,#1141,.F.);
#2597=EDGE_CURVE('',#2252,#2253,#1142,.F.);
#2598=EDGE_CURVE('',#2254,#2252,#1143,.F.);
#2599=EDGE_CURVE('',#2254,#2255,#1144,.T.);
#2600=EDGE_CURVE('',#2253,#2255,#1145,.F.);
#2601=EDGE_CURVE('',#2207,#2116,#1146,.T.);
#2602=EDGE_CURVE('',#2256,#2198,#1147,.T.);
#2603=EDGE_CURVE('',#2256,#2257,#1148,.T.);
#2604=EDGE_CURVE('',#2207,#2257,#1149,.T.);
#2605=EDGE_CURVE('',#2106,#2258,#1150,.T.);
#2606=EDGE_CURVE('',#2106,#2259,#1151,.T.);
#2607=EDGE_CURVE('',#2258,#2259,#1152,.T.);
#2608=EDGE_CURVE('',#2106,#2260,#1153,.T.);
#2609=EDGE_CURVE('',#2260,#2258,#1154,.T.);
#2610=EDGE_CURVE('',#2107,#2260,#1155,.T.);
#2611=EDGE_CURVE('',#2107,#2261,#1156,.T.);
#2612=EDGE_CURVE('',#2262,#2261,#1157,.T.);
#2613=EDGE_CURVE('',#2107,#2262,#1158,.T.);
#2614=EDGE_CURVE('',#2107,#2263,#1159,.T.);
#2615=EDGE_CURVE('',#2263,#2261,#1160,.T.);
#2616=EDGE_CURVE('',#2260,#2263,#1161,.T.);
#2617=EDGE_CURVE('',#2260,#2256,#1162,.T.);
#2618=EDGE_CURVE('',#2263,#2256,#1163,.T.);
#2619=EDGE_CURVE('',#2260,#2257,#1164,.T.);
#2620=EDGE_CURVE('',#2264,#2229,#1165,.T.);
#2621=EDGE_CURVE('',#2265,#2229,#1166,.T.);
#2622=EDGE_CURVE('',#2264,#2265,#1167,.T.);
#2623=EDGE_CURVE('',#2266,#2229,#1168,.T.);
#2624=EDGE_CURVE('',#2266,#2264,#1169,.T.);
#2625=EDGE_CURVE('',#2267,#2266,#1170,.T.);
#2626=EDGE_CURVE('',#2268,#2267,#1171,.T.);
#2627=EDGE_CURVE('',#2269,#2268,#1172,.T.);
#2628=EDGE_CURVE('',#2199,#2269,#1173,.T.);
#2629=EDGE_CURVE('',#2267,#2203,#1174,.T.);
#2630=EDGE_CURVE('',#2203,#2266,#1175,.T.);
#2631=EDGE_CURVE('',#2267,#2204,#1176,.T.);
#2632=EDGE_CURVE('',#2270,#2271,#1177,.T.);
#2633=EDGE_CURVE('',#2272,#2271,#1178,.T.);
#2634=EDGE_CURVE('',#2272,#2270,#1179,.T.);
#2635=EDGE_CURVE('',#2273,#2271,#1180,.T.);
#2636=EDGE_CURVE('',#2272,#2273,#1181,.T.);
#2637=EDGE_CURVE('',#2274,#2272,#1182,.T.);
#2638=EDGE_CURVE('',#2275,#2274,#1183,.T.);
#2639=EDGE_CURVE('',#2275,#2272,#1184,.T.);
#2640=EDGE_CURVE('',#2274,#2273,#1185,.T.);
#2641=EDGE_CURVE('',#2276,#2274,#1186,.T.);
#2642=EDGE_CURVE('',#2276,#2275,#1187,.T.);
#2643=EDGE_CURVE('',#2274,#2277,#1188,.T.);
#2644=EDGE_CURVE('',#2277,#2273,#1189,.T.);
#2645=EDGE_CURVE('',#2278,#2274,#1190,.T.);
#2646=EDGE_CURVE('',#2278,#2277,#1191,.T.);
#2647=EDGE_CURVE('',#2276,#2278,#1192,.T.);
#2648=EDGE_CURVE('',#2279,#2276,#1193,.T.);
#2649=EDGE_CURVE('',#2279,#2278,#1194,.T.);
#2650=EDGE_CURVE('',#2280,#2276,#1195,.T.);
#2651=EDGE_CURVE('',#2280,#2275,#1196,.T.);
#2652=EDGE_CURVE('',#2281,#2276,#1197,.T.);
#2653=EDGE_CURVE('',#2281,#2280,#1198,.T.);
#2654=EDGE_CURVE('',#2281,#2279,#1199,.T.);
#2655=EDGE_CURVE('',#2282,#2283,#1200,.T.);
#2656=EDGE_CURVE('',#2282,#2284,#1201,.T.);
#2657=EDGE_CURVE('',#2284,#2283,#1202,.T.);
#2658=EDGE_CURVE('',#2285,#2283,#1203,.T.);
#2659=EDGE_CURVE('',#2282,#2285,#1204,.T.);
#2660=EDGE_CURVE('',#2286,#2282,#1205,.T.);
#2661=EDGE_CURVE('',#2286,#2284,#1206,.T.);
#2662=EDGE_CURVE('',#2107,#2282,#1207,.T.);
#2663=EDGE_CURVE('',#2107,#2286,#1208,.T.);
#2664=EDGE_CURVE('',#2107,#2285,#1209,.T.);
#2665=EDGE_CURVE('',#2287,#2281,#1210,.T.);
#2666=EDGE_CURVE('',#2288,#2287,#1211,.T.);
#2667=EDGE_CURVE('',#2288,#2281,#1212,.T.);
#2668=EDGE_CURVE('',#2287,#2279,#1213,.T.);
#2669=EDGE_CURVE('',#2289,#2235,#1214,.T.);
#2670=EDGE_CURVE('',#2290,#2234,#1215,.T.);
#2671=EDGE_CURVE('',#2290,#2289,#1216,.T.);
#2672=EDGE_CURVE('',#2289,#2291,#1217,.T.);
#2673=EDGE_CURVE('',#2236,#2291,#1218,.T.);
#2674=EDGE_CURVE('',#2292,#2291,#1219,.T.);
#2675=EDGE_CURVE('',#2289,#2292,#1220,.T.);
#2676=EDGE_CURVE('',#2223,#2263,#1221,.T.);
#2677=EDGE_CURVE('',#2223,#2261,#1222,.T.);
#2678=EDGE_CURVE('',#2223,#2288,#1223,.T.);
#2679=EDGE_CURVE('',#2223,#2281,#1224,.T.);
#2680=EDGE_CURVE('',#2261,#2288,#1225,.T.);
#2681=EDGE_CURVE('',#2262,#2288,#1226,.T.);
#2682=EDGE_CURVE('',#2278,#2293,#1227,.T.);
#2683=EDGE_CURVE('',#2293,#2277,#1228,.T.);
#2684=EDGE_CURVE('',#2284,#2278,#1229,.T.);
#2685=EDGE_CURVE('',#2233,#2293,#1230,.T.);
#2686=EDGE_CURVE('',#2294,#2232,#1231,.T.);
#2687=EDGE_CURVE('',#2294,#2283,#1232,.T.);
#2688=EDGE_CURVE('',#2279,#2284,#1233,.T.);
#2689=EDGE_CURVE('',#2286,#2279,#1234,.T.);
#2690=EDGE_CURVE('',#2287,#2286,#1235,.T.);
#2691=EDGE_CURVE('',#2107,#2287,#1236,.T.);
#2692=EDGE_CURVE('',#2107,#2288,#1237,.T.);
#2693=EDGE_CURVE('',#2223,#2295,#1238,.T.);
#2694=EDGE_CURVE('',#2222,#2295,#1239,.T.);
#2695=EDGE_CURVE('',#2295,#2281,#1240,.T.);
#2696=EDGE_CURVE('',#2222,#2281,#1241,.T.);
#2697=EDGE_CURVE('',#2222,#2280,#1242,.T.);
#2698=EDGE_CURVE('',#2221,#2280,#1243,.T.);
#2699=EDGE_CURVE('',#2221,#2275,#1244,.T.);
#2700=EDGE_CURVE('',#2220,#2275,#1245,.T.);
#2701=EDGE_CURVE('',#2220,#2272,#1246,.T.);
#2702=EDGE_CURVE('',#2219,#2272,#1247,.T.);
#2703=EDGE_CURVE('',#2219,#2270,#1248,.T.);
#2704=EDGE_CURVE('',#2218,#2270,#1249,.T.);
#2705=EDGE_CURVE('',#2218,#2271,#1250,.T.);
#2706=EDGE_CURVE('',#2271,#2292,#1251,.T.);
#2707=EDGE_CURVE('',#2273,#2292,#1252,.T.);
#2708=EDGE_CURVE('',#2273,#2289,#1253,.T.);
#2709=EDGE_CURVE('',#2277,#2289,#1254,.T.);
#2710=EDGE_CURVE('',#2277,#2290,#1255,.T.);
#2711=EDGE_CURVE('',#2294,#2285,#1256,.T.);
#2712=EDGE_CURVE('',#2189,#2285,#1257,.T.);
#2713=EDGE_CURVE('',#2296,#2297,#1258,.T.);
#2714=EDGE_CURVE('',#2298,#2296,#1259,.T.);
#2715=EDGE_CURVE('',#2298,#2297,#1260,.T.);
#2716=EDGE_CURVE('',#2296,#2299,#1261,.T.);
#2717=EDGE_CURVE('',#2297,#2299,#1262,.T.);
#2718=EDGE_CURVE('',#2300,#2298,#1263,.T.);
#2719=EDGE_CURVE('',#2301,#2300,#1264,.T.);
#2720=EDGE_CURVE('',#2301,#2298,#1265,.T.);
#2721=EDGE_CURVE('',#2302,#2303,#1266,.T.);
#2722=EDGE_CURVE('',#2304,#2302,#1267,.T.);
#2723=EDGE_CURVE('',#2304,#2303,#1268,.T.);
#2724=EDGE_CURVE('',#2302,#2305,#1269,.T.);
#2725=EDGE_CURVE('',#2303,#2305,#1270,.T.);
#2726=EDGE_CURVE('',#2306,#2301,#1271,.T.);
#2727=EDGE_CURVE('',#2307,#2306,#1272,.T.);
#2728=EDGE_CURVE('',#2307,#2301,#1273,.T.);
#2729=EDGE_CURVE('',#2308,#2304,#1274,.T.);
#2730=EDGE_CURVE('',#2309,#2308,#1275,.T.);
#2731=EDGE_CURVE('',#2309,#2304,#1276,.T.);
#2732=EDGE_CURVE('',#2308,#2302,#1277,.T.);
#2733=EDGE_CURVE('',#2310,#2307,#1278,.T.);
#2734=EDGE_CURVE('',#2311,#2310,#1279,.T.);
#2735=EDGE_CURVE('',#2311,#2307,#1280,.T.);
#2736=EDGE_CURVE('',#2312,#2309,#1281,.T.);
#2737=EDGE_CURVE('',#2313,#2312,#1282,.T.);
#2738=EDGE_CURVE('',#2313,#2309,#1283,.T.);
#2739=EDGE_CURVE('',#2312,#2308,#1284,.T.);
#2740=EDGE_CURVE('',#2314,#2311,#1285,.T.);
#2741=EDGE_CURVE('',#2315,#2314,#1286,.T.);
#2742=EDGE_CURVE('',#2315,#2311,#1287,.T.);
#2743=EDGE_CURVE('',#2316,#2313,#1288,.T.);
#2744=EDGE_CURVE('',#2317,#2316,#1289,.T.);
#2745=EDGE_CURVE('',#2317,#2313,#1290,.T.);
#2746=EDGE_CURVE('',#2316,#2312,#1291,.T.);
#2747=EDGE_CURVE('',#2318,#2188,#1292,.T.);
#2748=EDGE_CURVE('',#2318,#2319,#1293,.T.);
#2749=EDGE_CURVE('',#2319,#2188,#1294,.T.);
#2750=EDGE_CURVE('',#2318,#2241,#1295,.T.);
#2751=EDGE_CURVE('',#2265,#2320,#1296,.T.);
#2752=EDGE_CURVE('',#2264,#2320,#1297,.T.);
#2753=EDGE_CURVE('',#2224,#2264,#1298,.T.);
#2754=EDGE_CURVE('',#2224,#2320,#1299,.T.);
#2755=EDGE_CURVE('',#2266,#2224,#1300,.T.);
#2756=EDGE_CURVE('',#2265,#2186,#1301,.T.);
#2757=EDGE_CURVE('',#2186,#2321,#1302,.T.);
#2758=EDGE_CURVE('',#2265,#2321,#1303,.T.);
#2759=EDGE_CURVE('',#2320,#2321,#1304,.T.);
#2760=EDGE_CURVE('',#2305,#2320,#1305,.T.);
#2761=EDGE_CURVE('',#2305,#2321,#1306,.T.);
#2762=EDGE_CURVE('',#2224,#2305,#1307,.T.);
#2763=EDGE_CURVE('',#2224,#2303,#1308,.T.);
#2764=EDGE_CURVE('',#2225,#2303,#1309,.T.);
#2765=EDGE_CURVE('',#2225,#2304,#1310,.T.);
#2766=EDGE_CURVE('',#2226,#2304,#1311,.T.);
#2767=EDGE_CURVE('',#2226,#2309,#1312,.T.);
#2768=EDGE_CURVE('',#2227,#2309,#1313,.T.);
#2769=EDGE_CURVE('',#2227,#2313,#1314,.T.);
#2770=EDGE_CURVE('',#2228,#2313,#1315,.T.);
#2771=EDGE_CURVE('',#2228,#2317,#1316,.T.);
#2772=EDGE_CURVE('',#2186,#2299,#1317,.T.);
#2773=EDGE_CURVE('',#2186,#2297,#1318,.T.);
#2774=EDGE_CURVE('',#2321,#2297,#1319,.T.);
#2775=EDGE_CURVE('',#2298,#2321,#1320,.T.);
#2776=EDGE_CURVE('',#2305,#2298,#1321,.T.);
#2777=EDGE_CURVE('',#2301,#2305,#1322,.T.);
#2778=EDGE_CURVE('',#2302,#2301,#1323,.T.);
#2779=EDGE_CURVE('',#2307,#2302,#1324,.T.);
#2780=EDGE_CURVE('',#2308,#2307,#1325,.T.);
#2781=EDGE_CURVE('',#2311,#2308,#1326,.T.);
#2782=EDGE_CURVE('',#2312,#2311,#1327,.T.);
#2783=EDGE_CURVE('',#2315,#2312,#1328,.T.);
#2784=EDGE_CURVE('',#2316,#2315,#1329,.T.);
#2785=EDGE_CURVE('',#2217,#2317,#1330,.T.);
#2786=EDGE_CURVE('',#2237,#2314,#1331,.T.);
#2787=EDGE_CURVE('',#2299,#2188,#1332,.T.);
#2788=EDGE_CURVE('',#2319,#2299,#1333,.T.);
#2789=EDGE_CURVE('',#2296,#2319,#1334,.T.);
#2790=EDGE_CURVE('',#2240,#2300,#1335,.T.);
#2791=EDGE_CURVE('',#2239,#2306,#1336,.T.);
#2792=EDGE_CURVE('',#2238,#2310,#1337,.T.);
#2793=EDGE_CURVE('',#2260,#2207,#1338,.T.);
#2794=EDGE_CURVE('',#2208,#2260,#1339,.T.);
#2795=EDGE_CURVE('',#2206,#2204,#1340,.T.);
#2796=EDGE_CURVE('',#2267,#2206,#1341,.T.);
#2797=EDGE_CURVE('',#2197,#2266,#1342,.T.);
#2798=EDGE_CURVE('',#2322,#2323,#1343,.T.);
#2799=EDGE_CURVE('',#2322,#2324,#1344,.T.);
#2800=EDGE_CURVE('',#2246,#2324,#1345,.T.);
#2801=EDGE_CURVE('',#2323,#2245,#1346,.T.);
#2802=EDGE_CURVE('',#2325,#2323,#1347,.T.);
#2803=EDGE_CURVE('',#2325,#2322,#1348,.T.);
#2804=EDGE_CURVE('',#2325,#2326,#1349,.T.);
#2805=EDGE_CURVE('',#2326,#2244,#1350,.T.);
#2806=EDGE_CURVE('',#2327,#2326,#1351,.T.);
#2807=EDGE_CURVE('',#2327,#2325,#1352,.T.);
#2808=EDGE_CURVE('',#2327,#2328,#1353,.T.);
#2809=EDGE_CURVE('',#2328,#2243,#1354,.T.);
#2810=EDGE_CURVE('',#2329,#2330,#1355,.T.);
#2811=EDGE_CURVE('',#2331,#2330,#1356,.T.);
#2812=EDGE_CURVE('',#2331,#2329,#1357,.T.);
#2813=EDGE_CURVE('',#2330,#2332,#1358,.T.);
#2814=EDGE_CURVE('',#2329,#2332,#1359,.T.);
#2815=EDGE_CURVE('',#2333,#2328,#1360,.T.);
#2816=EDGE_CURVE('',#2333,#2327,#1361,.T.);
#2817=EDGE_CURVE('',#2333,#2334,#1362,.T.);
#2818=EDGE_CURVE('',#2335,#2242,#1363,.T.);
#2819=EDGE_CURVE('',#2335,#2336,#1364,.T.);
#2820=EDGE_CURVE('',#2334,#2336,#1365,.T.);
#2821=EDGE_CURVE('',#2337,#2333,#1366,.T.);
#2822=EDGE_CURVE('',#2337,#2334,#1367,.T.);
#2823=EDGE_CURVE('',#2338,#2330,#1368,.T.);
#2824=EDGE_CURVE('',#2331,#2338,#1369,.T.);
#2825=EDGE_CURVE('',#2339,#2336,#1370,.T.);
#2826=EDGE_CURVE('',#2340,#2339,#1371,.T.);
#2827=EDGE_CURVE('',#2340,#2336,#1372,.T.);
#2828=EDGE_CURVE('',#2332,#2325,#1373,.T.);
#2829=EDGE_CURVE('',#2332,#2322,#1374,.T.);
#2830=EDGE_CURVE('',#2330,#2325,#1375,.T.);
#2831=EDGE_CURVE('',#2330,#2327,#1376,.T.);
#2832=EDGE_CURVE('',#2338,#2327,#1377,.T.);
#2833=EDGE_CURVE('',#2338,#2333,#1378,.T.);
#2834=EDGE_CURVE('',#2341,#2333,#1379,.T.);
#2835=EDGE_CURVE('',#2341,#2338,#1380,.T.);
#2836=EDGE_CURVE('',#2341,#2337,#1381,.T.);
#2837=EDGE_CURVE('',#2194,#2342,#1382,.T.);
#2838=EDGE_CURVE('',#2213,#2342,#1383,.T.);
#2839=EDGE_CURVE('',#2343,#2342,#1384,.T.);
#2840=EDGE_CURVE('',#2342,#2344,#1385,.T.);
#2841=EDGE_CURVE('',#2343,#2344,#1386,.T.);
#2842=EDGE_CURVE('',#2213,#2343,#1387,.T.);
#2843=EDGE_CURVE('',#2214,#2343,#1388,.T.);
#2844=EDGE_CURVE('',#2345,#2344,#1389,.T.);
#2845=EDGE_CURVE('',#2344,#2346,#1390,.T.);
#2846=EDGE_CURVE('',#2345,#2346,#1391,.T.);
#2847=EDGE_CURVE('',#2343,#2345,#1392,.T.);
#2848=EDGE_CURVE('',#2347,#2343,#1393,.T.);
#2849=EDGE_CURVE('',#2347,#2345,#1394,.T.);
#2850=EDGE_CURVE('',#2214,#2347,#1395,.T.);
#2851=EDGE_CURVE('',#2215,#2347,#1396,.T.);
#2852=EDGE_CURVE('',#2268,#2206,#1397,.T.);
#2853=EDGE_CURVE('',#2268,#2348,#1398,.T.);
#2854=EDGE_CURVE('',#2206,#2348,#1399,.T.);
#2855=EDGE_CURVE('',#2269,#2348,#1400,.T.);
#2856=EDGE_CURVE('',#2199,#2348,#1401,.T.);
#2857=EDGE_CURVE('',#2340,#2334,#1402,.T.);
#2858=EDGE_CURVE('',#2337,#2340,#1403,.T.);
#2859=EDGE_CURVE('',#2199,#2337,#1404,.T.);
#2860=EDGE_CURVE('',#2199,#2340,#1405,.T.);
#2861=EDGE_CURVE('',#2199,#2341,#1406,.T.);
#2862=EDGE_CURVE('',#2348,#2341,#1407,.T.);
#2863=EDGE_CURVE('',#2348,#2338,#1408,.T.);
#2864=EDGE_CURVE('',#2206,#2338,#1409,.T.);
#2865=EDGE_CURVE('',#2206,#2331,#1410,.T.);
#2866=EDGE_CURVE('',#2216,#2331,#1411,.T.);
#2867=EDGE_CURVE('',#2216,#2329,#1412,.T.);
#2868=EDGE_CURVE('',#2215,#2329,#1413,.T.);
#2869=EDGE_CURVE('',#2329,#2347,#1414,.T.);
#2870=EDGE_CURVE('',#2347,#2332,#1415,.T.);
#2871=EDGE_CURVE('',#2332,#2345,#1416,.T.);
#2872=EDGE_CURVE('',#2345,#2322,#1417,.T.);
#2873=EDGE_CURVE('',#2322,#2346,#1418,.T.);
#2874=EDGE_CURVE('',#2346,#2324,#1419,.T.);
#2875=EDGE_CURVE('',#2335,#2339,#1420,.T.);
#2876=EDGE_CURVE('',#2201,#2339,#1421,.T.);
#2877=EDGE_CURVE('',#2349,#2350,#1422,.T.);
#2878=EDGE_CURVE('',#2351,#2349,#1423,.T.);
#2879=EDGE_CURVE('',#2351,#2350,#1424,.T.);
#2880=EDGE_CURVE('',#2349,#2352,#1425,.T.);
#2881=EDGE_CURVE('',#2350,#2352,#1426,.T.);
#2882=EDGE_CURVE('',#2353,#2349,#1427,.T.);
#2883=EDGE_CURVE('',#2353,#2351,#1428,.T.);
#2884=EDGE_CURVE('',#2349,#2354,#1429,.T.);
#2885=EDGE_CURVE('',#2354,#2352,#1430,.T.);
#2886=EDGE_CURVE('',#2353,#2355,#1431,.T.);
#2887=EDGE_CURVE('',#2356,#2354,#1432,.T.);
#2888=EDGE_CURVE('',#2356,#2251,#1433,.T.);
#2889=EDGE_CURVE('',#2355,#2250,#1434,.T.);
#2890=EDGE_CURVE('',#2357,#2353,#1435,.T.);
#2891=EDGE_CURVE('',#2357,#2355,#1436,.T.);
#2892=EDGE_CURVE('',#2358,#2353,#1437,.T.);
#2893=EDGE_CURVE('',#2358,#2351,#1438,.T.);
#2894=EDGE_CURVE('',#2359,#2353,#1439,.T.);
#2895=EDGE_CURVE('',#2359,#2358,#1440,.T.);
#2896=EDGE_CURVE('',#2359,#2357,#1441,.T.);
#2897=EDGE_CURVE('',#2360,#2357,#1442,.T.);
#2898=EDGE_CURVE('',#2360,#2359,#1443,.T.);
#2899=EDGE_CURVE('',#2357,#2361,#1444,.T.);
#2900=EDGE_CURVE('',#2249,#2361,#1445,.T.);
#2901=EDGE_CURVE('',#2362,#2357,#1446,.T.);
#2902=EDGE_CURVE('',#2362,#2361,#1447,.T.);
#2903=EDGE_CURVE('',#2360,#2362,#1448,.T.);
#2904=EDGE_CURVE('',#2363,#2360,#1449,.T.);
#2905=EDGE_CURVE('',#2363,#2362,#1450,.T.);
#2906=EDGE_CURVE('',#2364,#2359,#1451,.T.);
#2907=EDGE_CURVE('',#2364,#2358,#1452,.T.);
#2908=EDGE_CURVE('',#2365,#2359,#1453,.T.);
#2909=EDGE_CURVE('',#2365,#2364,#1454,.T.);
#2910=EDGE_CURVE('',#2365,#2360,#1455,.T.);
#2911=EDGE_CURVE('',#2366,#2360,#1456,.T.);
#2912=EDGE_CURVE('',#2366,#2365,#1457,.T.);
#2913=EDGE_CURVE('',#2366,#2363,#1458,.T.);
#2914=EDGE_CURVE('',#2356,#2192,#1459,.T.);
#2915=EDGE_CURVE('',#2259,#2367,#1460,.T.);
#2916=EDGE_CURVE('',#2258,#2367,#1461,.T.);
#2917=EDGE_CURVE('',#2208,#2258,#1462,.T.);
#2918=EDGE_CURVE('',#2208,#2367,#1463,.T.);
#2919=EDGE_CURVE('',#2110,#2259,#1464,.T.);
#2920=EDGE_CURVE('',#2110,#2368,#1465,.T.);
#2921=EDGE_CURVE('',#2259,#2368,#1466,.T.);
#2922=EDGE_CURVE('',#2367,#2368,#1467,.T.);
#2923=EDGE_CURVE('',#2369,#2367,#1468,.T.);
#2924=EDGE_CURVE('',#2369,#2368,#1469,.T.);
#2925=EDGE_CURVE('',#2208,#2369,#1470,.T.);
#2926=EDGE_CURVE('',#2208,#2370,#1471,.T.);
#2927=EDGE_CURVE('',#2370,#2369,#1472,.T.);
#2928=EDGE_CURVE('',#2209,#2370,#1473,.T.);
#2929=EDGE_CURVE('',#2209,#2369,#1474,.T.);
#2930=EDGE_CURVE('',#2209,#2371,#1475,.T.);
#2931=EDGE_CURVE('',#2371,#2369,#1476,.T.);
#2932=EDGE_CURVE('',#2210,#2371,#1477,.T.);
#2933=EDGE_CURVE('',#2362,#2372,#1478,.T.);
#2934=EDGE_CURVE('',#2372,#2248,#1479,.T.);
#2935=EDGE_CURVE('',#2373,#2362,#1480,.T.);
#2936=EDGE_CURVE('',#2373,#2372,#1481,.T.);
#2937=EDGE_CURVE('',#2363,#2373,#1482,.T.);
#2938=EDGE_CURVE('',#2195,#2366,#1483,.T.);
#2939=EDGE_CURVE('',#2373,#2247,#1484,.T.);
#2940=EDGE_CURVE('',#2212,#2366,#1485,.T.);
#2941=EDGE_CURVE('',#2212,#2365,#1486,.T.);
#2942=EDGE_CURVE('',#2211,#2365,#1487,.T.);
#2943=EDGE_CURVE('',#2211,#2364,#1488,.T.);
#2944=EDGE_CURVE('',#2210,#2364,#1489,.T.);
#2945=EDGE_CURVE('',#2364,#2371,#1490,.T.);
#2946=EDGE_CURVE('',#2371,#2358,#1491,.T.);
#2947=EDGE_CURVE('',#2358,#2369,#1492,.T.);
#2948=EDGE_CURVE('',#2369,#2351,#1493,.T.);
#2949=EDGE_CURVE('',#2351,#2368,#1494,.T.);
#2950=EDGE_CURVE('',#2368,#2350,#1495,.T.);
#2951=EDGE_CURVE('',#2110,#2350,#1496,.T.);
#2952=EDGE_CURVE('',#2110,#2352,#1497,.T.);
#2953=EDGE_CURVE('',#2352,#2192,#1498,.T.);
#2954=EDGE_CURVE('',#2354,#2192,#1499,.T.);
#2955=EDGE_CURVE('',#2121,#2255,#1500,.T.);
#2956=EDGE_CURVE('',#2122,#2254,#1501,.T.);
#2957=EDGE_CURVE('',#2120,#2253,#1502,.T.);
#2958=EDGE_CURVE('',#2119,#2252,#1503,.T.);
#2959=ORIENTED_EDGE('',*,*,#2374,.F.);
#2960=ORIENTED_EDGE('',*,*,#2375,.T.);
#2961=ORIENTED_EDGE('',*,*,#2376,.F.);
#2962=ORIENTED_EDGE('',*,*,#2375,.F.);
#2963=ORIENTED_EDGE('',*,*,#2377,.F.);
#2964=ORIENTED_EDGE('',*,*,#2378,.T.);
#2965=ORIENTED_EDGE('',*,*,#2379,.F.);
#2966=ORIENTED_EDGE('',*,*,#2378,.F.);
#2967=ORIENTED_EDGE('',*,*,#2380,.F.);
#2968=ORIENTED_EDGE('',*,*,#2381,.T.);
#2969=ORIENTED_EDGE('',*,*,#2382,.F.);
#2970=ORIENTED_EDGE('',*,*,#2383,.F.);
#2971=ORIENTED_EDGE('',*,*,#2384,.F.);
#2972=ORIENTED_EDGE('',*,*,#2385,.F.);
#2973=ORIENTED_EDGE('',*,*,#2386,.F.);
#2974=ORIENTED_EDGE('',*,*,#2387,.F.);
#2975=ORIENTED_EDGE('',*,*,#2388,.F.);
#2976=ORIENTED_EDGE('',*,*,#2389,.F.);
#2977=ORIENTED_EDGE('',*,*,#2390,.F.);
#2978=ORIENTED_EDGE('',*,*,#2391,.F.);
#2979=ORIENTED_EDGE('',*,*,#2381,.F.);
#2980=ORIENTED_EDGE('',*,*,#2392,.F.);
#2981=ORIENTED_EDGE('',*,*,#2393,.T.);
#2982=ORIENTED_EDGE('',*,*,#2394,.F.);
#2983=ORIENTED_EDGE('',*,*,#2393,.F.);
#2984=ORIENTED_EDGE('',*,*,#2385,.T.);
#2985=ORIENTED_EDGE('',*,*,#2395,.T.);
#2986=ORIENTED_EDGE('',*,*,#2396,.T.);
#2987=ORIENTED_EDGE('',*,*,#2397,.F.);
#2988=ORIENTED_EDGE('',*,*,#2384,.T.);
#2989=ORIENTED_EDGE('',*,*,#2398,.T.);
#2990=ORIENTED_EDGE('',*,*,#2395,.F.);
#2991=ORIENTED_EDGE('',*,*,#2383,.T.);
#2992=ORIENTED_EDGE('',*,*,#2399,.T.);
#2993=ORIENTED_EDGE('',*,*,#2398,.F.);
#2994=ORIENTED_EDGE('',*,*,#2382,.T.);
#2995=ORIENTED_EDGE('',*,*,#2391,.T.);
#2996=ORIENTED_EDGE('',*,*,#2400,.T.);
#2997=ORIENTED_EDGE('',*,*,#2401,.T.);
#2998=ORIENTED_EDGE('',*,*,#2402,.F.);
#2999=ORIENTED_EDGE('',*,*,#2403,.T.);
#3000=ORIENTED_EDGE('',*,*,#2404,.T.);
#3001=ORIENTED_EDGE('',*,*,#2399,.F.);
#3002=ORIENTED_EDGE('',*,*,#2405,.F.);
#3003=ORIENTED_EDGE('',*,*,#2406,.F.);
#3004=ORIENTED_EDGE('',*,*,#2407,.T.);
#3005=ORIENTED_EDGE('',*,*,#2408,.T.);
#3006=ORIENTED_EDGE('',*,*,#2409,.T.);
#3007=ORIENTED_EDGE('',*,*,#2410,.T.);
#3008=ORIENTED_EDGE('',*,*,#2411,.T.);
#3009=ORIENTED_EDGE('',*,*,#2412,.T.);
#3010=ORIENTED_EDGE('',*,*,#2413,.T.);
#3011=ORIENTED_EDGE('',*,*,#2414,.T.);
#3012=ORIENTED_EDGE('',*,*,#2415,.F.);
#3013=ORIENTED_EDGE('',*,*,#2416,.F.);
#3014=ORIENTED_EDGE('',*,*,#2417,.T.);
#3015=ORIENTED_EDGE('',*,*,#2405,.T.);
#3016=ORIENTED_EDGE('',*,*,#2418,.T.);
#3017=ORIENTED_EDGE('',*,*,#2419,.F.);
#3018=ORIENTED_EDGE('',*,*,#2420,.T.);
#3019=ORIENTED_EDGE('',*,*,#2421,.T.);
#3020=ORIENTED_EDGE('',*,*,#2422,.T.);
#3021=ORIENTED_EDGE('',*,*,#2423,.T.);
#3022=ORIENTED_EDGE('',*,*,#2424,.T.);
#3023=ORIENTED_EDGE('',*,*,#2425,.T.);
#3024=ORIENTED_EDGE('',*,*,#2426,.T.);
#3025=ORIENTED_EDGE('',*,*,#2427,.T.);
#3026=ORIENTED_EDGE('',*,*,#2428,.T.);
#3027=ORIENTED_EDGE('',*,*,#2429,.T.);
#3028=ORIENTED_EDGE('',*,*,#2430,.T.);
#3029=ORIENTED_EDGE('',*,*,#2431,.T.);
#3030=ORIENTED_EDGE('',*,*,#2432,.T.);
#3031=ORIENTED_EDGE('',*,*,#2433,.T.);
#3032=ORIENTED_EDGE('',*,*,#2434,.T.);
#3033=ORIENTED_EDGE('',*,*,#2435,.T.);
#3034=ORIENTED_EDGE('',*,*,#2436,.T.);
#3035=ORIENTED_EDGE('',*,*,#2437,.T.);
#3036=ORIENTED_EDGE('',*,*,#2438,.T.);
#3037=ORIENTED_EDGE('',*,*,#2439,.T.);
#3038=ORIENTED_EDGE('',*,*,#2440,.T.);
#3039=ORIENTED_EDGE('',*,*,#2441,.T.);
#3040=ORIENTED_EDGE('',*,*,#2442,.T.);
#3041=ORIENTED_EDGE('',*,*,#2443,.T.);
#3042=ORIENTED_EDGE('',*,*,#2444,.T.);
#3043=ORIENTED_EDGE('',*,*,#2445,.T.);
#3044=ORIENTED_EDGE('',*,*,#2446,.T.);
#3045=ORIENTED_EDGE('',*,*,#2447,.T.);
#3046=ORIENTED_EDGE('',*,*,#2448,.T.);
#3047=ORIENTED_EDGE('',*,*,#2417,.F.);
#3048=ORIENTED_EDGE('',*,*,#2449,.F.);
#3049=ORIENTED_EDGE('',*,*,#2450,.T.);
#3050=ORIENTED_EDGE('',*,*,#2406,.T.);
#3051=ORIENTED_EDGE('',*,*,#2448,.F.);
#3052=ORIENTED_EDGE('',*,*,#2451,.F.);
#3053=ORIENTED_EDGE('',*,*,#2452,.T.);
#3054=ORIENTED_EDGE('',*,*,#2449,.T.);
#3055=ORIENTED_EDGE('',*,*,#2447,.F.);
#3056=ORIENTED_EDGE('',*,*,#2453,.F.);
#3057=ORIENTED_EDGE('',*,*,#2454,.T.);
#3058=ORIENTED_EDGE('',*,*,#2451,.T.);
#3059=ORIENTED_EDGE('',*,*,#2446,.F.);
#3060=ORIENTED_EDGE('',*,*,#2455,.F.);
#3061=ORIENTED_EDGE('',*,*,#2456,.T.);
#3062=ORIENTED_EDGE('',*,*,#2453,.T.);
#3063=ORIENTED_EDGE('',*,*,#2445,.F.);
#3064=ORIENTED_EDGE('',*,*,#2457,.F.);
#3065=ORIENTED_EDGE('',*,*,#2458,.T.);
#3066=ORIENTED_EDGE('',*,*,#2455,.T.);
#3067=ORIENTED_EDGE('',*,*,#2444,.F.);
#3068=ORIENTED_EDGE('',*,*,#2459,.F.);
#3069=ORIENTED_EDGE('',*,*,#2460,.T.);
#3070=ORIENTED_EDGE('',*,*,#2457,.T.);
#3071=ORIENTED_EDGE('',*,*,#2443,.F.);
#3072=ORIENTED_EDGE('',*,*,#2461,.F.);
#3073=ORIENTED_EDGE('',*,*,#2462,.T.);
#3074=ORIENTED_EDGE('',*,*,#2459,.T.);
#3075=ORIENTED_EDGE('',*,*,#2442,.F.);
#3076=ORIENTED_EDGE('',*,*,#2463,.F.);
#3077=ORIENTED_EDGE('',*,*,#2464,.T.);
#3078=ORIENTED_EDGE('',*,*,#2461,.T.);
#3079=ORIENTED_EDGE('',*,*,#2441,.F.);
#3080=ORIENTED_EDGE('',*,*,#2465,.F.);
#3081=ORIENTED_EDGE('',*,*,#2466,.T.);
#3082=ORIENTED_EDGE('',*,*,#2463,.T.);
#3083=ORIENTED_EDGE('',*,*,#2440,.F.);
#3084=ORIENTED_EDGE('',*,*,#2467,.F.);
#3085=ORIENTED_EDGE('',*,*,#2468,.T.);
#3086=ORIENTED_EDGE('',*,*,#2465,.T.);
#3087=ORIENTED_EDGE('',*,*,#2439,.F.);
#3088=ORIENTED_EDGE('',*,*,#2469,.F.);
#3089=ORIENTED_EDGE('',*,*,#2470,.T.);
#3090=ORIENTED_EDGE('',*,*,#2467,.T.);
#3091=ORIENTED_EDGE('',*,*,#2438,.F.);
#3092=ORIENTED_EDGE('',*,*,#2471,.F.);
#3093=ORIENTED_EDGE('',*,*,#2472,.T.);
#3094=ORIENTED_EDGE('',*,*,#2469,.T.);
#3095=ORIENTED_EDGE('',*,*,#2437,.F.);
#3096=ORIENTED_EDGE('',*,*,#2473,.F.);
#3097=ORIENTED_EDGE('',*,*,#2474,.T.);
#3098=ORIENTED_EDGE('',*,*,#2471,.T.);
#3099=ORIENTED_EDGE('',*,*,#2436,.F.);
#3100=ORIENTED_EDGE('',*,*,#2475,.F.);
#3101=ORIENTED_EDGE('',*,*,#2476,.T.);
#3102=ORIENTED_EDGE('',*,*,#2473,.T.);
#3103=ORIENTED_EDGE('',*,*,#2435,.F.);
#3104=ORIENTED_EDGE('',*,*,#2477,.F.);
#3105=ORIENTED_EDGE('',*,*,#2478,.T.);
#3106=ORIENTED_EDGE('',*,*,#2475,.T.);
#3107=ORIENTED_EDGE('',*,*,#2434,.F.);
#3108=ORIENTED_EDGE('',*,*,#2479,.F.);
#3109=ORIENTED_EDGE('',*,*,#2480,.T.);
#3110=ORIENTED_EDGE('',*,*,#2477,.T.);
#3111=ORIENTED_EDGE('',*,*,#2433,.F.);
#3112=ORIENTED_EDGE('',*,*,#2481,.F.);
#3113=ORIENTED_EDGE('',*,*,#2482,.T.);
#3114=ORIENTED_EDGE('',*,*,#2479,.T.);
#3115=ORIENTED_EDGE('',*,*,#2432,.F.);
#3116=ORIENTED_EDGE('',*,*,#2483,.F.);
#3117=ORIENTED_EDGE('',*,*,#2484,.T.);
#3118=ORIENTED_EDGE('',*,*,#2481,.T.);
#3119=ORIENTED_EDGE('',*,*,#2431,.F.);
#3120=ORIENTED_EDGE('',*,*,#2485,.F.);
#3121=ORIENTED_EDGE('',*,*,#2486,.T.);
#3122=ORIENTED_EDGE('',*,*,#2483,.T.);
#3123=ORIENTED_EDGE('',*,*,#2430,.F.);
#3124=ORIENTED_EDGE('',*,*,#2487,.F.);
#3125=ORIENTED_EDGE('',*,*,#2488,.T.);
#3126=ORIENTED_EDGE('',*,*,#2485,.T.);
#3127=ORIENTED_EDGE('',*,*,#2429,.F.);
#3128=ORIENTED_EDGE('',*,*,#2489,.F.);
#3129=ORIENTED_EDGE('',*,*,#2490,.T.);
#3130=ORIENTED_EDGE('',*,*,#2487,.T.);
#3131=ORIENTED_EDGE('',*,*,#2428,.F.);
#3132=ORIENTED_EDGE('',*,*,#2491,.F.);
#3133=ORIENTED_EDGE('',*,*,#2492,.T.);
#3134=ORIENTED_EDGE('',*,*,#2489,.T.);
#3135=ORIENTED_EDGE('',*,*,#2427,.F.);
#3136=ORIENTED_EDGE('',*,*,#2493,.F.);
#3137=ORIENTED_EDGE('',*,*,#2494,.T.);
#3138=ORIENTED_EDGE('',*,*,#2491,.T.);
#3139=ORIENTED_EDGE('',*,*,#2426,.F.);
#3140=ORIENTED_EDGE('',*,*,#2495,.F.);
#3141=ORIENTED_EDGE('',*,*,#2496,.T.);
#3142=ORIENTED_EDGE('',*,*,#2493,.T.);
#3143=ORIENTED_EDGE('',*,*,#2425,.F.);
#3144=ORIENTED_EDGE('',*,*,#2497,.F.);
#3145=ORIENTED_EDGE('',*,*,#2498,.T.);
#3146=ORIENTED_EDGE('',*,*,#2495,.T.);
#3147=ORIENTED_EDGE('',*,*,#2424,.F.);
#3148=ORIENTED_EDGE('',*,*,#2499,.F.);
#3149=ORIENTED_EDGE('',*,*,#2500,.T.);
#3150=ORIENTED_EDGE('',*,*,#2497,.T.);
#3151=ORIENTED_EDGE('',*,*,#2423,.F.);
#3152=ORIENTED_EDGE('',*,*,#2501,.F.);
#3153=ORIENTED_EDGE('',*,*,#2502,.T.);
#3154=ORIENTED_EDGE('',*,*,#2499,.T.);
#3155=ORIENTED_EDGE('',*,*,#2422,.F.);
#3156=ORIENTED_EDGE('',*,*,#2503,.F.);
#3157=ORIENTED_EDGE('',*,*,#2504,.T.);
#3158=ORIENTED_EDGE('',*,*,#2501,.T.);
#3159=ORIENTED_EDGE('',*,*,#2421,.F.);
#3160=ORIENTED_EDGE('',*,*,#2505,.T.);
#3161=ORIENTED_EDGE('',*,*,#2506,.T.);
#3162=ORIENTED_EDGE('',*,*,#2503,.T.);
#3163=ORIENTED_EDGE('',*,*,#2420,.F.);
#3164=ORIENTED_EDGE('',*,*,#2507,.F.);
#3165=ORIENTED_EDGE('',*,*,#2508,.F.);
#3166=ORIENTED_EDGE('',*,*,#2505,.F.);
#3167=ORIENTED_EDGE('',*,*,#2418,.F.);
#3168=ORIENTED_EDGE('',*,*,#2408,.F.);
#3169=ORIENTED_EDGE('',*,*,#2509,.T.);
#3170=ORIENTED_EDGE('',*,*,#2510,.T.);
#3171=ORIENTED_EDGE('',*,*,#2419,.T.);
#3172=ORIENTED_EDGE('',*,*,#2510,.F.);
#3173=ORIENTED_EDGE('',*,*,#2511,.T.);
#3174=ORIENTED_EDGE('',*,*,#2507,.T.);
#3175=ORIENTED_EDGE('',*,*,#2512,.F.);
#3176=ORIENTED_EDGE('',*,*,#2513,.T.);
#3177=ORIENTED_EDGE('',*,*,#2514,.T.);
#3178=ORIENTED_EDGE('',*,*,#2515,.F.);
#3179=ORIENTED_EDGE('',*,*,#2401,.F.);
#3180=ORIENTED_EDGE('',*,*,#2516,.T.);
#3181=ORIENTED_EDGE('',*,*,#2517,.T.);
#3182=ORIENTED_EDGE('',*,*,#2518,.F.);
#3183=ORIENTED_EDGE('',*,*,#2403,.F.);
#3184=ORIENTED_EDGE('',*,*,#2519,.T.);
#3185=ORIENTED_EDGE('',*,*,#2520,.T.);
#3186=ORIENTED_EDGE('',*,*,#2521,.F.);
#3187=ORIENTED_EDGE('',*,*,#2522,.T.);
#3188=ORIENTED_EDGE('',*,*,#2523,.F.);
#3189=ORIENTED_EDGE('',*,*,#2524,.F.);
#3190=ORIENTED_EDGE('',*,*,#2525,.T.);
#3191=ORIENTED_EDGE('',*,*,#2374,.T.);
#3192=ORIENTED_EDGE('',*,*,#2377,.T.);
#3193=ORIENTED_EDGE('',*,*,#2526,.T.);
#3194=ORIENTED_EDGE('',*,*,#2527,.T.);
#3195=ORIENTED_EDGE('',*,*,#2412,.F.);
#3196=ORIENTED_EDGE('',*,*,#2528,.F.);
#3197=ORIENTED_EDGE('',*,*,#2529,.F.);
#3198=ORIENTED_EDGE('',*,*,#2530,.T.);
#3199=ORIENTED_EDGE('',*,*,#2531,.T.);
#3200=ORIENTED_EDGE('',*,*,#2532,.F.);
#3201=ORIENTED_EDGE('',*,*,#2533,.F.);
#3202=ORIENTED_EDGE('',*,*,#2534,.F.);
#3203=ORIENTED_EDGE('',*,*,#2528,.T.);
#3204=ORIENTED_EDGE('',*,*,#2411,.F.);
#3205=ORIENTED_EDGE('',*,*,#2535,.F.);
#3206=ORIENTED_EDGE('',*,*,#2536,.T.);
#3207=ORIENTED_EDGE('',*,*,#2394,.T.);
#3208=ORIENTED_EDGE('',*,*,#2390,.T.);
#3209=ORIENTED_EDGE('',*,*,#2537,.T.);
#3210=ORIENTED_EDGE('',*,*,#2400,.F.);
#3211=ORIENTED_EDGE('',*,*,#2389,.T.);
#3212=ORIENTED_EDGE('',*,*,#2538,.T.);
#3213=ORIENTED_EDGE('',*,*,#2537,.F.);
#3214=ORIENTED_EDGE('',*,*,#2388,.T.);
#3215=ORIENTED_EDGE('',*,*,#2539,.T.);
#3216=ORIENTED_EDGE('',*,*,#2538,.F.);
#3217=ORIENTED_EDGE('',*,*,#2387,.T.);
#3218=ORIENTED_EDGE('',*,*,#2540,.T.);
#3219=ORIENTED_EDGE('',*,*,#2539,.F.);
#3220=ORIENTED_EDGE('',*,*,#2386,.T.);
#3221=ORIENTED_EDGE('',*,*,#2397,.T.);
#3222=ORIENTED_EDGE('',*,*,#2540,.F.);
#3223=ORIENTED_EDGE('',*,*,#2541,.T.);
#3224=ORIENTED_EDGE('',*,*,#2542,.T.);
#3225=ORIENTED_EDGE('',*,*,#2543,.F.);
#3226=ORIENTED_EDGE('',*,*,#2544,.F.);
#3227=ORIENTED_EDGE('',*,*,#2545,.F.);
#3228=ORIENTED_EDGE('',*,*,#2546,.F.);
#3229=ORIENTED_EDGE('',*,*,#2547,.F.);
#3230=ORIENTED_EDGE('',*,*,#2548,.F.);
#3231=ORIENTED_EDGE('',*,*,#2523,.T.);
#3232=ORIENTED_EDGE('',*,*,#2549,.T.);
#3233=ORIENTED_EDGE('',*,*,#2550,.F.);
#3234=ORIENTED_EDGE('',*,*,#2551,.F.);
#3235=ORIENTED_EDGE('',*,*,#2552,.F.);
#3236=ORIENTED_EDGE('',*,*,#2553,.F.);
#3237=ORIENTED_EDGE('',*,*,#2554,.T.);
#3238=ORIENTED_EDGE('',*,*,#2555,.F.);
#3239=ORIENTED_EDGE('',*,*,#2556,.F.);
#3240=ORIENTED_EDGE('',*,*,#2557,.F.);
#3241=ORIENTED_EDGE('',*,*,#2558,.F.);
#3242=ORIENTED_EDGE('',*,*,#2559,.F.);
#3243=ORIENTED_EDGE('',*,*,#2560,.T.);
#3244=ORIENTED_EDGE('',*,*,#2526,.F.);
#3245=ORIENTED_EDGE('',*,*,#2561,.T.);
#3246=ORIENTED_EDGE('',*,*,#2562,.T.);
#3247=ORIENTED_EDGE('',*,*,#2563,.F.);
#3248=ORIENTED_EDGE('',*,*,#2564,.F.);
#3249=ORIENTED_EDGE('',*,*,#2565,.F.);
#3250=ORIENTED_EDGE('',*,*,#2566,.F.);
#3251=ORIENTED_EDGE('',*,*,#2567,.F.);
#3252=ORIENTED_EDGE('',*,*,#2568,.F.);
#3253=ORIENTED_EDGE('',*,*,#2529,.T.);
#3254=ORIENTED_EDGE('',*,*,#2569,.T.);
#3255=ORIENTED_EDGE('',*,*,#2512,.T.);
#3256=ORIENTED_EDGE('',*,*,#2392,.T.);
#3257=ORIENTED_EDGE('',*,*,#2554,.F.);
#3258=ORIENTED_EDGE('',*,*,#2570,.F.);
#3259=ORIENTED_EDGE('',*,*,#2571,.T.);
#3260=ORIENTED_EDGE('',*,*,#2572,.F.);
#3261=ORIENTED_EDGE('',*,*,#2518,.T.);
#3262=ORIENTED_EDGE('',*,*,#2573,.F.);
#3263=ORIENTED_EDGE('',*,*,#2574,.F.);
#3264=ORIENTED_EDGE('',*,*,#2575,.F.);
#3265=ORIENTED_EDGE('',*,*,#2576,.F.);
#3266=ORIENTED_EDGE('',*,*,#2577,.F.);
#3267=ORIENTED_EDGE('',*,*,#2578,.F.);
#3268=ORIENTED_EDGE('',*,*,#2571,.F.);
#3269=ORIENTED_EDGE('',*,*,#2579,.T.);
#3270=ORIENTED_EDGE('',*,*,#2580,.F.);
#3271=ORIENTED_EDGE('',*,*,#2581,.F.);
#3272=ORIENTED_EDGE('',*,*,#2582,.F.);
#3273=ORIENTED_EDGE('',*,*,#2583,.F.);
#3274=ORIENTED_EDGE('',*,*,#2584,.F.);
#3275=ORIENTED_EDGE('',*,*,#2513,.F.);
#3276=ORIENTED_EDGE('',*,*,#2569,.F.);
#3277=ORIENTED_EDGE('',*,*,#2532,.T.);
#3278=ORIENTED_EDGE('',*,*,#2585,.F.);
#3279=ORIENTED_EDGE('',*,*,#2586,.F.);
#3280=ORIENTED_EDGE('',*,*,#2587,.F.);
#3281=ORIENTED_EDGE('',*,*,#2588,.F.);
#3282=ORIENTED_EDGE('',*,*,#2589,.F.);
#3283=ORIENTED_EDGE('',*,*,#2590,.F.);
#3284=ORIENTED_EDGE('',*,*,#2525,.F.);
#3285=ORIENTED_EDGE('',*,*,#2591,.T.);
#3286=ORIENTED_EDGE('',*,*,#2592,.F.);
#3287=ORIENTED_EDGE('',*,*,#2593,.F.);
#3288=ORIENTED_EDGE('',*,*,#2594,.F.);
#3289=ORIENTED_EDGE('',*,*,#2595,.F.);
#3290=ORIENTED_EDGE('',*,*,#2596,.F.);
#3291=ORIENTED_EDGE('',*,*,#2519,.F.);
#3292=ORIENTED_EDGE('',*,*,#2402,.T.);
#3293=ORIENTED_EDGE('',*,*,#2597,.F.);
#3294=ORIENTED_EDGE('',*,*,#2598,.F.);
#3295=ORIENTED_EDGE('',*,*,#2599,.T.);
#3296=ORIENTED_EDGE('',*,*,#2600,.F.);
#3297=ORIENTED_EDGE('',*,*,#2508,.T.);
#3298=ORIENTED_EDGE('',*,*,#2511,.F.);
#3299=ORIENTED_EDGE('',*,*,#2509,.F.);
#3300=ORIENTED_EDGE('',*,*,#2407,.F.);
#3301=ORIENTED_EDGE('',*,*,#2450,.F.);
#3302=ORIENTED_EDGE('',*,*,#2452,.F.);
#3303=ORIENTED_EDGE('',*,*,#2454,.F.);
#3304=ORIENTED_EDGE('',*,*,#2456,.F.);
#3305=ORIENTED_EDGE('',*,*,#2458,.F.);
#3306=ORIENTED_EDGE('',*,*,#2460,.F.);
#3307=ORIENTED_EDGE('',*,*,#2462,.F.);
#3308=ORIENTED_EDGE('',*,*,#2464,.F.);
#3309=ORIENTED_EDGE('',*,*,#2466,.F.);
#3310=ORIENTED_EDGE('',*,*,#2468,.F.);
#3311=ORIENTED_EDGE('',*,*,#2470,.F.);
#3312=ORIENTED_EDGE('',*,*,#2472,.F.);
#3313=ORIENTED_EDGE('',*,*,#2474,.F.);
#3314=ORIENTED_EDGE('',*,*,#2476,.F.);
#3315=ORIENTED_EDGE('',*,*,#2478,.F.);
#3316=ORIENTED_EDGE('',*,*,#2480,.F.);
#3317=ORIENTED_EDGE('',*,*,#2482,.F.);
#3318=ORIENTED_EDGE('',*,*,#2484,.F.);
#3319=ORIENTED_EDGE('',*,*,#2486,.F.);
#3320=ORIENTED_EDGE('',*,*,#2488,.F.);
#3321=ORIENTED_EDGE('',*,*,#2490,.F.);
#3322=ORIENTED_EDGE('',*,*,#2492,.F.);
#3323=ORIENTED_EDGE('',*,*,#2494,.F.);
#3324=ORIENTED_EDGE('',*,*,#2496,.F.);
#3325=ORIENTED_EDGE('',*,*,#2498,.F.);
#3326=ORIENTED_EDGE('',*,*,#2500,.F.);
#3327=ORIENTED_EDGE('',*,*,#2502,.F.);
#3328=ORIENTED_EDGE('',*,*,#2504,.F.);
#3329=ORIENTED_EDGE('',*,*,#2506,.F.);
#3330=ORIENTED_EDGE('',*,*,#2542,.F.);
#3331=ORIENTED_EDGE('',*,*,#2535,.T.);
#3332=ORIENTED_EDGE('',*,*,#2410,.F.);
#3333=ORIENTED_EDGE('',*,*,#2601,.F.);
#3334=ORIENTED_EDGE('',*,*,#2376,.T.);
#3335=ORIENTED_EDGE('',*,*,#2379,.T.);
#3336=ORIENTED_EDGE('',*,*,#2602,.F.);
#3337=ORIENTED_EDGE('',*,*,#2603,.T.);
#3338=ORIENTED_EDGE('',*,*,#2604,.F.);
#3339=ORIENTED_EDGE('',*,*,#2601,.T.);
#3340=ORIENTED_EDGE('',*,*,#2409,.F.);
#3341=ORIENTED_EDGE('',*,*,#2527,.F.);
#3342=ORIENTED_EDGE('',*,*,#2380,.T.);
#3343=ORIENTED_EDGE('',*,*,#2605,.F.);
#3344=ORIENTED_EDGE('',*,*,#2606,.T.);
#3345=ORIENTED_EDGE('',*,*,#2607,.F.);
#3346=ORIENTED_EDGE('',*,*,#2608,.F.);
#3347=ORIENTED_EDGE('',*,*,#2605,.T.);
#3348=ORIENTED_EDGE('',*,*,#2609,.F.);
#3349=ORIENTED_EDGE('',*,*,#2396,.F.);
#3350=ORIENTED_EDGE('',*,*,#2608,.T.);
#3351=ORIENTED_EDGE('',*,*,#2610,.F.);
#3352=ORIENTED_EDGE('',*,*,#2611,.T.);
#3353=ORIENTED_EDGE('',*,*,#2612,.F.);
#3354=ORIENTED_EDGE('',*,*,#2613,.F.);
#3355=ORIENTED_EDGE('',*,*,#2614,.T.);
#3356=ORIENTED_EDGE('',*,*,#2615,.T.);
#3357=ORIENTED_EDGE('',*,*,#2611,.F.);
#3358=ORIENTED_EDGE('',*,*,#2616,.T.);
#3359=ORIENTED_EDGE('',*,*,#2614,.F.);
#3360=ORIENTED_EDGE('',*,*,#2610,.T.);
#3361=ORIENTED_EDGE('',*,*,#2617,.T.);
#3362=ORIENTED_EDGE('',*,*,#2618,.F.);
#3363=ORIENTED_EDGE('',*,*,#2616,.F.);
#3364=ORIENTED_EDGE('',*,*,#2603,.F.);
#3365=ORIENTED_EDGE('',*,*,#2617,.F.);
#3366=ORIENTED_EDGE('',*,*,#2619,.T.);
#3367=ORIENTED_EDGE('',*,*,#2620,.T.);
#3368=ORIENTED_EDGE('',*,*,#2621,.F.);
#3369=ORIENTED_EDGE('',*,*,#2622,.F.);
#3370=ORIENTED_EDGE('',*,*,#2623,.T.);
#3371=ORIENTED_EDGE('',*,*,#2620,.F.);
#3372=ORIENTED_EDGE('',*,*,#2624,.F.);
#3373=ORIENTED_EDGE('',*,*,#2625,.F.);
#3374=ORIENTED_EDGE('',*,*,#2626,.F.);
#3375=ORIENTED_EDGE('',*,*,#2627,.F.);
#3376=ORIENTED_EDGE('',*,*,#2628,.F.);
#3377=ORIENTED_EDGE('',*,*,#2568,.T.);
#3378=ORIENTED_EDGE('',*,*,#2623,.F.);
#3379=ORIENTED_EDGE('',*,*,#2629,.F.);
#3380=ORIENTED_EDGE('',*,*,#2625,.T.);
#3381=ORIENTED_EDGE('',*,*,#2630,.F.);
#3382=ORIENTED_EDGE('',*,*,#2631,.F.);
#3383=ORIENTED_EDGE('',*,*,#2629,.T.);
#3384=ORIENTED_EDGE('',*,*,#2533,.T.);
#3385=ORIENTED_EDGE('',*,*,#2632,.T.);
#3386=ORIENTED_EDGE('',*,*,#2633,.F.);
#3387=ORIENTED_EDGE('',*,*,#2634,.T.);
#3388=ORIENTED_EDGE('',*,*,#2635,.F.);
#3389=ORIENTED_EDGE('',*,*,#2636,.F.);
#3390=ORIENTED_EDGE('',*,*,#2633,.T.);
#3391=ORIENTED_EDGE('',*,*,#2637,.F.);
#3392=ORIENTED_EDGE('',*,*,#2638,.F.);
#3393=ORIENTED_EDGE('',*,*,#2639,.T.);
#3394=ORIENTED_EDGE('',*,*,#2640,.F.);
#3395=ORIENTED_EDGE('',*,*,#2637,.T.);
#3396=ORIENTED_EDGE('',*,*,#2636,.T.);
#3397=ORIENTED_EDGE('',*,*,#2641,.F.);
#3398=ORIENTED_EDGE('',*,*,#2642,.T.);
#3399=ORIENTED_EDGE('',*,*,#2638,.T.);
#3400=ORIENTED_EDGE('',*,*,#2643,.F.);
#3401=ORIENTED_EDGE('',*,*,#2640,.T.);
#3402=ORIENTED_EDGE('',*,*,#2644,.F.);
#3403=ORIENTED_EDGE('',*,*,#2645,.T.);
#3404=ORIENTED_EDGE('',*,*,#2643,.T.);
#3405=ORIENTED_EDGE('',*,*,#2646,.F.);
#3406=ORIENTED_EDGE('',*,*,#2647,.F.);
#3407=ORIENTED_EDGE('',*,*,#2641,.T.);
#3408=ORIENTED_EDGE('',*,*,#2645,.F.);
#3409=ORIENTED_EDGE('',*,*,#2648,.T.);
#3410=ORIENTED_EDGE('',*,*,#2647,.T.);
#3411=ORIENTED_EDGE('',*,*,#2649,.F.);
#3412=ORIENTED_EDGE('',*,*,#2650,.F.);
#3413=ORIENTED_EDGE('',*,*,#2651,.T.);
#3414=ORIENTED_EDGE('',*,*,#2642,.F.);
#3415=ORIENTED_EDGE('',*,*,#2652,.F.);
#3416=ORIENTED_EDGE('',*,*,#2653,.T.);
#3417=ORIENTED_EDGE('',*,*,#2650,.T.);
#3418=ORIENTED_EDGE('',*,*,#2654,.F.);
#3419=ORIENTED_EDGE('',*,*,#2652,.T.);
#3420=ORIENTED_EDGE('',*,*,#2648,.F.);
#3421=ORIENTED_EDGE('',*,*,#2655,.F.);
#3422=ORIENTED_EDGE('',*,*,#2656,.T.);
#3423=ORIENTED_EDGE('',*,*,#2657,.T.);
#3424=ORIENTED_EDGE('',*,*,#2658,.F.);
#3425=ORIENTED_EDGE('',*,*,#2659,.F.);
#3426=ORIENTED_EDGE('',*,*,#2655,.T.);
#3427=ORIENTED_EDGE('',*,*,#2660,.F.);
#3428=ORIENTED_EDGE('',*,*,#2661,.T.);
#3429=ORIENTED_EDGE('',*,*,#2656,.F.);
#3430=ORIENTED_EDGE('',*,*,#2662,.F.);
#3431=ORIENTED_EDGE('',*,*,#2663,.T.);
#3432=ORIENTED_EDGE('',*,*,#2660,.T.);
#3433=ORIENTED_EDGE('',*,*,#2664,.F.);
#3434=ORIENTED_EDGE('',*,*,#2662,.T.);
#3435=ORIENTED_EDGE('',*,*,#2659,.T.);
#3436=ORIENTED_EDGE('',*,*,#2665,.F.);
#3437=ORIENTED_EDGE('',*,*,#2666,.F.);
#3438=ORIENTED_EDGE('',*,*,#2667,.T.);
#3439=ORIENTED_EDGE('',*,*,#2668,.F.);
#3440=ORIENTED_EDGE('',*,*,#2665,.T.);
#3441=ORIENTED_EDGE('',*,*,#2654,.T.);
#3442=ORIENTED_EDGE('',*,*,#2669,.T.);
#3443=ORIENTED_EDGE('',*,*,#2576,.T.);
#3444=ORIENTED_EDGE('',*,*,#2670,.F.);
#3445=ORIENTED_EDGE('',*,*,#2671,.T.);
#3446=ORIENTED_EDGE('',*,*,#2672,.T.);
#3447=ORIENTED_EDGE('',*,*,#2673,.F.);
#3448=ORIENTED_EDGE('',*,*,#2577,.T.);
#3449=ORIENTED_EDGE('',*,*,#2669,.F.);
#3450=ORIENTED_EDGE('',*,*,#2674,.T.);
#3451=ORIENTED_EDGE('',*,*,#2672,.F.);
#3452=ORIENTED_EDGE('',*,*,#2675,.T.);
#3453=ORIENTED_EDGE('',*,*,#2615,.F.);
#3454=ORIENTED_EDGE('',*,*,#2676,.F.);
#3455=ORIENTED_EDGE('',*,*,#2677,.T.);
#3456=ORIENTED_EDGE('',*,*,#2678,.F.);
#3457=ORIENTED_EDGE('',*,*,#2679,.T.);
#3458=ORIENTED_EDGE('',*,*,#2667,.F.);
#3459=ORIENTED_EDGE('',*,*,#2680,.F.);
#3460=ORIENTED_EDGE('',*,*,#2677,.F.);
#3461=ORIENTED_EDGE('',*,*,#2678,.T.);
#3462=ORIENTED_EDGE('',*,*,#2612,.T.);
#3463=ORIENTED_EDGE('',*,*,#2680,.T.);
#3464=ORIENTED_EDGE('',*,*,#2681,.F.);
#3465=ORIENTED_EDGE('',*,*,#2682,.F.);
#3466=ORIENTED_EDGE('',*,*,#2646,.T.);
#3467=ORIENTED_EDGE('',*,*,#2683,.F.);
#3468=ORIENTED_EDGE('',*,*,#2684,.T.);
#3469=ORIENTED_EDGE('',*,*,#2682,.T.);
#3470=ORIENTED_EDGE('',*,*,#2685,.F.);
#3471=ORIENTED_EDGE('',*,*,#2574,.T.);
#3472=ORIENTED_EDGE('',*,*,#2686,.F.);
#3473=ORIENTED_EDGE('',*,*,#2687,.T.);
#3474=ORIENTED_EDGE('',*,*,#2657,.F.);
#3475=ORIENTED_EDGE('',*,*,#2688,.F.);
#3476=ORIENTED_EDGE('',*,*,#2649,.T.);
#3477=ORIENTED_EDGE('',*,*,#2684,.F.);
#3478=ORIENTED_EDGE('',*,*,#2689,.T.);
#3479=ORIENTED_EDGE('',*,*,#2688,.T.);
#3480=ORIENTED_EDGE('',*,*,#2661,.F.);
#3481=ORIENTED_EDGE('',*,*,#2690,.F.);
#3482=ORIENTED_EDGE('',*,*,#2668,.T.);
#3483=ORIENTED_EDGE('',*,*,#2689,.F.);
#3484=ORIENTED_EDGE('',*,*,#2691,.T.);
#3485=ORIENTED_EDGE('',*,*,#2690,.T.);
#3486=ORIENTED_EDGE('',*,*,#2663,.F.);
#3487=ORIENTED_EDGE('',*,*,#2692,.T.);
#3488=ORIENTED_EDGE('',*,*,#2666,.T.);
#3489=ORIENTED_EDGE('',*,*,#2691,.F.);
#3490=ORIENTED_EDGE('',*,*,#2681,.T.);
#3491=ORIENTED_EDGE('',*,*,#2692,.F.);
#3492=ORIENTED_EDGE('',*,*,#2613,.T.);
#3493=ORIENTED_EDGE('',*,*,#2693,.F.);
#3494=ORIENTED_EDGE('',*,*,#2559,.T.);
#3495=ORIENTED_EDGE('',*,*,#2694,.T.);
#3496=ORIENTED_EDGE('',*,*,#2695,.T.);
#3497=ORIENTED_EDGE('',*,*,#2679,.F.);
#3498=ORIENTED_EDGE('',*,*,#2693,.T.);
#3499=ORIENTED_EDGE('',*,*,#2696,.T.);
#3500=ORIENTED_EDGE('',*,*,#2695,.F.);
#3501=ORIENTED_EDGE('',*,*,#2694,.F.);
#3502=ORIENTED_EDGE('',*,*,#2697,.T.);
#3503=ORIENTED_EDGE('',*,*,#2653,.F.);
#3504=ORIENTED_EDGE('',*,*,#2696,.F.);
#3505=ORIENTED_EDGE('',*,*,#2698,.T.);
#3506=ORIENTED_EDGE('',*,*,#2697,.F.);
#3507=ORIENTED_EDGE('',*,*,#2558,.T.);
#3508=ORIENTED_EDGE('',*,*,#2699,.T.);
#3509=ORIENTED_EDGE('',*,*,#2651,.F.);
#3510=ORIENTED_EDGE('',*,*,#2698,.F.);
#3511=ORIENTED_EDGE('',*,*,#2700,.T.);
#3512=ORIENTED_EDGE('',*,*,#2699,.F.);
#3513=ORIENTED_EDGE('',*,*,#2557,.T.);
#3514=ORIENTED_EDGE('',*,*,#2701,.T.);
#3515=ORIENTED_EDGE('',*,*,#2639,.F.);
#3516=ORIENTED_EDGE('',*,*,#2700,.F.);
#3517=ORIENTED_EDGE('',*,*,#2702,.T.);
#3518=ORIENTED_EDGE('',*,*,#2701,.F.);
#3519=ORIENTED_EDGE('',*,*,#2556,.T.);
#3520=ORIENTED_EDGE('',*,*,#2703,.T.);
#3521=ORIENTED_EDGE('',*,*,#2634,.F.);
#3522=ORIENTED_EDGE('',*,*,#2702,.F.);
#3523=ORIENTED_EDGE('',*,*,#2704,.T.);
#3524=ORIENTED_EDGE('',*,*,#2703,.F.);
#3525=ORIENTED_EDGE('',*,*,#2555,.T.);
#3526=ORIENTED_EDGE('',*,*,#2705,.T.);
#3527=ORIENTED_EDGE('',*,*,#2632,.F.);
#3528=ORIENTED_EDGE('',*,*,#2704,.F.);
#3529=ORIENTED_EDGE('',*,*,#2706,.F.);
#3530=ORIENTED_EDGE('',*,*,#2705,.F.);
#3531=ORIENTED_EDGE('',*,*,#2572,.T.);
#3532=ORIENTED_EDGE('',*,*,#2578,.T.);
#3533=ORIENTED_EDGE('',*,*,#2673,.T.);
#3534=ORIENTED_EDGE('',*,*,#2674,.F.);
#3535=ORIENTED_EDGE('',*,*,#2707,.F.);
#3536=ORIENTED_EDGE('',*,*,#2635,.T.);
#3537=ORIENTED_EDGE('',*,*,#2706,.T.);
#3538=ORIENTED_EDGE('',*,*,#2708,.F.);
#3539=ORIENTED_EDGE('',*,*,#2707,.T.);
#3540=ORIENTED_EDGE('',*,*,#2675,.F.);
#3541=ORIENTED_EDGE('',*,*,#2709,.F.);
#3542=ORIENTED_EDGE('',*,*,#2644,.T.);
#3543=ORIENTED_EDGE('',*,*,#2708,.T.);
#3544=ORIENTED_EDGE('',*,*,#2710,.F.);
#3545=ORIENTED_EDGE('',*,*,#2709,.T.);
#3546=ORIENTED_EDGE('',*,*,#2671,.F.);
#3547=ORIENTED_EDGE('',*,*,#2685,.T.);
#3548=ORIENTED_EDGE('',*,*,#2683,.T.);
#3549=ORIENTED_EDGE('',*,*,#2710,.T.);
#3550=ORIENTED_EDGE('',*,*,#2670,.T.);
#3551=ORIENTED_EDGE('',*,*,#2575,.T.);
#3552=ORIENTED_EDGE('',*,*,#2711,.T.);
#3553=ORIENTED_EDGE('',*,*,#2658,.T.);
#3554=ORIENTED_EDGE('',*,*,#2687,.F.);
#3555=ORIENTED_EDGE('',*,*,#2711,.F.);
#3556=ORIENTED_EDGE('',*,*,#2686,.T.);
#3557=ORIENTED_EDGE('',*,*,#2573,.T.);
#3558=ORIENTED_EDGE('',*,*,#2517,.F.);
#3559=ORIENTED_EDGE('',*,*,#2712,.T.);
#3560=ORIENTED_EDGE('',*,*,#2516,.F.);
#3561=ORIENTED_EDGE('',*,*,#2664,.T.);
#3562=ORIENTED_EDGE('',*,*,#2712,.F.);
#3563=ORIENTED_EDGE('',*,*,#2713,.F.);
#3564=ORIENTED_EDGE('',*,*,#2714,.F.);
#3565=ORIENTED_EDGE('',*,*,#2715,.T.);
#3566=ORIENTED_EDGE('',*,*,#2716,.F.);
#3567=ORIENTED_EDGE('',*,*,#2713,.T.);
#3568=ORIENTED_EDGE('',*,*,#2717,.T.);
#3569=ORIENTED_EDGE('',*,*,#2718,.F.);
#3570=ORIENTED_EDGE('',*,*,#2719,.F.);
#3571=ORIENTED_EDGE('',*,*,#2720,.T.);
#3572=ORIENTED_EDGE('',*,*,#2721,.F.);
#3573=ORIENTED_EDGE('',*,*,#2722,.F.);
#3574=ORIENTED_EDGE('',*,*,#2723,.T.);
#3575=ORIENTED_EDGE('',*,*,#2724,.F.);
#3576=ORIENTED_EDGE('',*,*,#2721,.T.);
#3577=ORIENTED_EDGE('',*,*,#2725,.T.);
#3578=ORIENTED_EDGE('',*,*,#2726,.F.);
#3579=ORIENTED_EDGE('',*,*,#2727,.F.);
#3580=ORIENTED_EDGE('',*,*,#2728,.T.);
#3581=ORIENTED_EDGE('',*,*,#2729,.F.);
#3582=ORIENTED_EDGE('',*,*,#2730,.F.);
#3583=ORIENTED_EDGE('',*,*,#2731,.T.);
#3584=ORIENTED_EDGE('',*,*,#2732,.F.);
#3585=ORIENTED_EDGE('',*,*,#2729,.T.);
#3586=ORIENTED_EDGE('',*,*,#2722,.T.);
#3587=ORIENTED_EDGE('',*,*,#2733,.F.);
#3588=ORIENTED_EDGE('',*,*,#2734,.F.);
#3589=ORIENTED_EDGE('',*,*,#2735,.T.);
#3590=ORIENTED_EDGE('',*,*,#2736,.F.);
#3591=ORIENTED_EDGE('',*,*,#2737,.F.);
#3592=ORIENTED_EDGE('',*,*,#2738,.T.);
#3593=ORIENTED_EDGE('',*,*,#2739,.F.);
#3594=ORIENTED_EDGE('',*,*,#2736,.T.);
#3595=ORIENTED_EDGE('',*,*,#2730,.T.);
#3596=ORIENTED_EDGE('',*,*,#2740,.F.);
#3597=ORIENTED_EDGE('',*,*,#2741,.F.);
#3598=ORIENTED_EDGE('',*,*,#2742,.T.);
#3599=ORIENTED_EDGE('',*,*,#2743,.F.);
#3600=ORIENTED_EDGE('',*,*,#2744,.F.);
#3601=ORIENTED_EDGE('',*,*,#2745,.T.);
#3602=ORIENTED_EDGE('',*,*,#2746,.F.);
#3603=ORIENTED_EDGE('',*,*,#2743,.T.);
#3604=ORIENTED_EDGE('',*,*,#2737,.T.);
#3605=ORIENTED_EDGE('',*,*,#2747,.F.);
#3606=ORIENTED_EDGE('',*,*,#2748,.T.);
#3607=ORIENTED_EDGE('',*,*,#2749,.T.);
#3608=ORIENTED_EDGE('',*,*,#2584,.T.);
#3609=ORIENTED_EDGE('',*,*,#2750,.F.);
#3610=ORIENTED_EDGE('',*,*,#2747,.T.);
#3611=ORIENTED_EDGE('',*,*,#2514,.F.);
#3612=ORIENTED_EDGE('',*,*,#2622,.T.);
#3613=ORIENTED_EDGE('',*,*,#2751,.T.);
#3614=ORIENTED_EDGE('',*,*,#2752,.F.);
#3615=ORIENTED_EDGE('',*,*,#2753,.T.);
#3616=ORIENTED_EDGE('',*,*,#2752,.T.);
#3617=ORIENTED_EDGE('',*,*,#2754,.F.);
#3618=ORIENTED_EDGE('',*,*,#2624,.T.);
#3619=ORIENTED_EDGE('',*,*,#2753,.F.);
#3620=ORIENTED_EDGE('',*,*,#2755,.F.);
#3621=ORIENTED_EDGE('',*,*,#2756,.F.);
#3622=ORIENTED_EDGE('',*,*,#2621,.T.);
#3623=ORIENTED_EDGE('',*,*,#2567,.T.);
#3624=ORIENTED_EDGE('',*,*,#2757,.T.);
#3625=ORIENTED_EDGE('',*,*,#2758,.F.);
#3626=ORIENTED_EDGE('',*,*,#2756,.T.);
#3627=ORIENTED_EDGE('',*,*,#2759,.F.);
#3628=ORIENTED_EDGE('',*,*,#2751,.F.);
#3629=ORIENTED_EDGE('',*,*,#2758,.T.);
#3630=ORIENTED_EDGE('',*,*,#2760,.T.);
#3631=ORIENTED_EDGE('',*,*,#2759,.T.);
#3632=ORIENTED_EDGE('',*,*,#2761,.F.);
#3633=ORIENTED_EDGE('',*,*,#2762,.F.);
#3634=ORIENTED_EDGE('',*,*,#2754,.T.);
#3635=ORIENTED_EDGE('',*,*,#2760,.F.);
#3636=ORIENTED_EDGE('',*,*,#2763,.F.);
#3637=ORIENTED_EDGE('',*,*,#2762,.T.);
#3638=ORIENTED_EDGE('',*,*,#2725,.F.);
#3639=ORIENTED_EDGE('',*,*,#2764,.F.);
#3640=ORIENTED_EDGE('',*,*,#2562,.F.);
#3641=ORIENTED_EDGE('',*,*,#2763,.T.);
#3642=ORIENTED_EDGE('',*,*,#2765,.F.);
#3643=ORIENTED_EDGE('',*,*,#2764,.T.);
#3644=ORIENTED_EDGE('',*,*,#2723,.F.);
#3645=ORIENTED_EDGE('',*,*,#2766,.F.);
#3646=ORIENTED_EDGE('',*,*,#2563,.T.);
#3647=ORIENTED_EDGE('',*,*,#2765,.T.);
#3648=ORIENTED_EDGE('',*,*,#2767,.F.);
#3649=ORIENTED_EDGE('',*,*,#2766,.T.);
#3650=ORIENTED_EDGE('',*,*,#2731,.F.);
#3651=ORIENTED_EDGE('',*,*,#2768,.F.);
#3652=ORIENTED_EDGE('',*,*,#2564,.T.);
#3653=ORIENTED_EDGE('',*,*,#2767,.T.);
#3654=ORIENTED_EDGE('',*,*,#2769,.F.);
#3655=ORIENTED_EDGE('',*,*,#2768,.T.);
#3656=ORIENTED_EDGE('',*,*,#2738,.F.);
#3657=ORIENTED_EDGE('',*,*,#2770,.F.);
#3658=ORIENTED_EDGE('',*,*,#2565,.T.);
#3659=ORIENTED_EDGE('',*,*,#2769,.T.);
#3660=ORIENTED_EDGE('',*,*,#2771,.F.);
#3661=ORIENTED_EDGE('',*,*,#2770,.T.);
#3662=ORIENTED_EDGE('',*,*,#2745,.F.);
#3663=ORIENTED_EDGE('',*,*,#2772,.T.);
#3664=ORIENTED_EDGE('',*,*,#2717,.F.);
#3665=ORIENTED_EDGE('',*,*,#2773,.F.);
#3666=ORIENTED_EDGE('',*,*,#2773,.T.);
#3667=ORIENTED_EDGE('',*,*,#2774,.F.);
#3668=ORIENTED_EDGE('',*,*,#2757,.F.);
#3669=ORIENTED_EDGE('',*,*,#2775,.T.);
#3670=ORIENTED_EDGE('',*,*,#2774,.T.);
#3671=ORIENTED_EDGE('',*,*,#2715,.F.);
#3672=ORIENTED_EDGE('',*,*,#2776,.F.);
#3673=ORIENTED_EDGE('',*,*,#2761,.T.);
#3674=ORIENTED_EDGE('',*,*,#2775,.F.);
#3675=ORIENTED_EDGE('',*,*,#2777,.T.);
#3676=ORIENTED_EDGE('',*,*,#2776,.T.);
#3677=ORIENTED_EDGE('',*,*,#2720,.F.);
#3678=ORIENTED_EDGE('',*,*,#2778,.F.);
#3679=ORIENTED_EDGE('',*,*,#2724,.T.);
#3680=ORIENTED_EDGE('',*,*,#2777,.F.);
#3681=ORIENTED_EDGE('',*,*,#2779,.T.);
#3682=ORIENTED_EDGE('',*,*,#2778,.T.);
#3683=ORIENTED_EDGE('',*,*,#2728,.F.);
#3684=ORIENTED_EDGE('',*,*,#2780,.F.);
#3685=ORIENTED_EDGE('',*,*,#2732,.T.);
#3686=ORIENTED_EDGE('',*,*,#2779,.F.);
#3687=ORIENTED_EDGE('',*,*,#2781,.T.);
#3688=ORIENTED_EDGE('',*,*,#2780,.T.);
#3689=ORIENTED_EDGE('',*,*,#2735,.F.);
#3690=ORIENTED_EDGE('',*,*,#2782,.F.);
#3691=ORIENTED_EDGE('',*,*,#2739,.T.);
#3692=ORIENTED_EDGE('',*,*,#2781,.F.);
#3693=ORIENTED_EDGE('',*,*,#2783,.T.);
#3694=ORIENTED_EDGE('',*,*,#2782,.T.);
#3695=ORIENTED_EDGE('',*,*,#2742,.F.);
#3696=ORIENTED_EDGE('',*,*,#2784,.F.);
#3697=ORIENTED_EDGE('',*,*,#2746,.T.);
#3698=ORIENTED_EDGE('',*,*,#2783,.F.);
#3699=ORIENTED_EDGE('',*,*,#2785,.T.);
#3700=ORIENTED_EDGE('',*,*,#2744,.T.);
#3701=ORIENTED_EDGE('',*,*,#2784,.T.);
#3702=ORIENTED_EDGE('',*,*,#2741,.T.);
#3703=ORIENTED_EDGE('',*,*,#2786,.F.);
#3704=ORIENTED_EDGE('',*,*,#2579,.F.);
#3705=ORIENTED_EDGE('',*,*,#2570,.T.);
#3706=ORIENTED_EDGE('',*,*,#2771,.T.);
#3707=ORIENTED_EDGE('',*,*,#2785,.F.);
#3708=ORIENTED_EDGE('',*,*,#2566,.T.);
#3709=ORIENTED_EDGE('',*,*,#2515,.T.);
#3710=ORIENTED_EDGE('',*,*,#2787,.F.);
#3711=ORIENTED_EDGE('',*,*,#2772,.F.);
#3712=ORIENTED_EDGE('',*,*,#2788,.T.);
#3713=ORIENTED_EDGE('',*,*,#2787,.T.);
#3714=ORIENTED_EDGE('',*,*,#2749,.F.);
#3715=ORIENTED_EDGE('',*,*,#2789,.F.);
#3716=ORIENTED_EDGE('',*,*,#2716,.T.);
#3717=ORIENTED_EDGE('',*,*,#2788,.F.);
#3718=ORIENTED_EDGE('',*,*,#2790,.T.);
#3719=ORIENTED_EDGE('',*,*,#2718,.T.);
#3720=ORIENTED_EDGE('',*,*,#2714,.T.);
#3721=ORIENTED_EDGE('',*,*,#2789,.T.);
#3722=ORIENTED_EDGE('',*,*,#2748,.F.);
#3723=ORIENTED_EDGE('',*,*,#2750,.T.);
#3724=ORIENTED_EDGE('',*,*,#2583,.T.);
#3725=ORIENTED_EDGE('',*,*,#2791,.T.);
#3726=ORIENTED_EDGE('',*,*,#2726,.T.);
#3727=ORIENTED_EDGE('',*,*,#2719,.T.);
#3728=ORIENTED_EDGE('',*,*,#2790,.F.);
#3729=ORIENTED_EDGE('',*,*,#2582,.T.);
#3730=ORIENTED_EDGE('',*,*,#2792,.T.);
#3731=ORIENTED_EDGE('',*,*,#2733,.T.);
#3732=ORIENTED_EDGE('',*,*,#2727,.T.);
#3733=ORIENTED_EDGE('',*,*,#2791,.F.);
#3734=ORIENTED_EDGE('',*,*,#2581,.T.);
#3735=ORIENTED_EDGE('',*,*,#2786,.T.);
#3736=ORIENTED_EDGE('',*,*,#2740,.T.);
#3737=ORIENTED_EDGE('',*,*,#2734,.T.);
#3738=ORIENTED_EDGE('',*,*,#2792,.F.);
#3739=ORIENTED_EDGE('',*,*,#2580,.T.);
#3740=ORIENTED_EDGE('',*,*,#2793,.T.);
#3741=ORIENTED_EDGE('',*,*,#2604,.T.);
#3742=ORIENTED_EDGE('',*,*,#2619,.F.);
#3743=ORIENTED_EDGE('',*,*,#2543,.T.);
#3744=ORIENTED_EDGE('',*,*,#2793,.F.);
#3745=ORIENTED_EDGE('',*,*,#2794,.F.);
#3746=ORIENTED_EDGE('',*,*,#2602,.T.);
#3747=ORIENTED_EDGE('',*,*,#2560,.F.);
#3748=ORIENTED_EDGE('',*,*,#2676,.T.);
#3749=ORIENTED_EDGE('',*,*,#2618,.T.);
#3750=ORIENTED_EDGE('',*,*,#2795,.F.);
#3751=ORIENTED_EDGE('',*,*,#2796,.F.);
#3752=ORIENTED_EDGE('',*,*,#2631,.T.);
#3753=ORIENTED_EDGE('',*,*,#2541,.F.);
#3754=ORIENTED_EDGE('',*,*,#2795,.T.);
#3755=ORIENTED_EDGE('',*,*,#2536,.F.);
#3756=ORIENTED_EDGE('',*,*,#2797,.T.);
#3757=ORIENTED_EDGE('',*,*,#2755,.T.);
#3758=ORIENTED_EDGE('',*,*,#2561,.F.);
#3759=ORIENTED_EDGE('',*,*,#2630,.T.);
#3760=ORIENTED_EDGE('',*,*,#2797,.F.);
#3761=ORIENTED_EDGE('',*,*,#2534,.T.);
#3762=ORIENTED_EDGE('',*,*,#2798,.F.);
#3763=ORIENTED_EDGE('',*,*,#2799,.T.);
#3764=ORIENTED_EDGE('',*,*,#2800,.F.);
#3765=ORIENTED_EDGE('',*,*,#2589,.T.);
#3766=ORIENTED_EDGE('',*,*,#2801,.F.);
#3767=ORIENTED_EDGE('',*,*,#2802,.F.);
#3768=ORIENTED_EDGE('',*,*,#2803,.T.);
#3769=ORIENTED_EDGE('',*,*,#2798,.T.);
#3770=ORIENTED_EDGE('',*,*,#2804,.F.);
#3771=ORIENTED_EDGE('',*,*,#2802,.T.);
#3772=ORIENTED_EDGE('',*,*,#2801,.T.);
#3773=ORIENTED_EDGE('',*,*,#2588,.T.);
#3774=ORIENTED_EDGE('',*,*,#2805,.F.);
#3775=ORIENTED_EDGE('',*,*,#2806,.F.);
#3776=ORIENTED_EDGE('',*,*,#2807,.T.);
#3777=ORIENTED_EDGE('',*,*,#2804,.T.);
#3778=ORIENTED_EDGE('',*,*,#2808,.F.);
#3779=ORIENTED_EDGE('',*,*,#2806,.T.);
#3780=ORIENTED_EDGE('',*,*,#2805,.T.);
#3781=ORIENTED_EDGE('',*,*,#2587,.T.);
#3782=ORIENTED_EDGE('',*,*,#2809,.F.);
#3783=ORIENTED_EDGE('',*,*,#2810,.T.);
#3784=ORIENTED_EDGE('',*,*,#2811,.F.);
#3785=ORIENTED_EDGE('',*,*,#2812,.T.);
#3786=ORIENTED_EDGE('',*,*,#2813,.F.);
#3787=ORIENTED_EDGE('',*,*,#2810,.F.);
#3788=ORIENTED_EDGE('',*,*,#2814,.T.);
#3789=ORIENTED_EDGE('',*,*,#2815,.F.);
#3790=ORIENTED_EDGE('',*,*,#2816,.T.);
#3791=ORIENTED_EDGE('',*,*,#2808,.T.);
#3792=ORIENTED_EDGE('',*,*,#2817,.F.);
#3793=ORIENTED_EDGE('',*,*,#2815,.T.);
#3794=ORIENTED_EDGE('',*,*,#2809,.T.);
#3795=ORIENTED_EDGE('',*,*,#2586,.T.);
#3796=ORIENTED_EDGE('',*,*,#2818,.F.);
#3797=ORIENTED_EDGE('',*,*,#2819,.T.);
#3798=ORIENTED_EDGE('',*,*,#2820,.F.);
#3799=ORIENTED_EDGE('',*,*,#2821,.T.);
#3800=ORIENTED_EDGE('',*,*,#2817,.T.);
#3801=ORIENTED_EDGE('',*,*,#2822,.F.);
#3802=ORIENTED_EDGE('',*,*,#2823,.F.);
#3803=ORIENTED_EDGE('',*,*,#2824,.F.);
#3804=ORIENTED_EDGE('',*,*,#2811,.T.);
#3805=ORIENTED_EDGE('',*,*,#2825,.F.);
#3806=ORIENTED_EDGE('',*,*,#2826,.F.);
#3807=ORIENTED_EDGE('',*,*,#2827,.T.);
#3808=ORIENTED_EDGE('',*,*,#2828,.F.);
#3809=ORIENTED_EDGE('',*,*,#2829,.T.);
#3810=ORIENTED_EDGE('',*,*,#2803,.F.);
#3811=ORIENTED_EDGE('',*,*,#2830,.F.);
#3812=ORIENTED_EDGE('',*,*,#2813,.T.);
#3813=ORIENTED_EDGE('',*,*,#2828,.T.);
#3814=ORIENTED_EDGE('',*,*,#2831,.F.);
#3815=ORIENTED_EDGE('',*,*,#2830,.T.);
#3816=ORIENTED_EDGE('',*,*,#2807,.F.);
#3817=ORIENTED_EDGE('',*,*,#2832,.F.);
#3818=ORIENTED_EDGE('',*,*,#2823,.T.);
#3819=ORIENTED_EDGE('',*,*,#2831,.T.);
#3820=ORIENTED_EDGE('',*,*,#2833,.F.);
#3821=ORIENTED_EDGE('',*,*,#2832,.T.);
#3822=ORIENTED_EDGE('',*,*,#2816,.F.);
#3823=ORIENTED_EDGE('',*,*,#2834,.F.);
#3824=ORIENTED_EDGE('',*,*,#2835,.T.);
#3825=ORIENTED_EDGE('',*,*,#2833,.T.);
#3826=ORIENTED_EDGE('',*,*,#2836,.F.);
#3827=ORIENTED_EDGE('',*,*,#2834,.T.);
#3828=ORIENTED_EDGE('',*,*,#2821,.F.);
#3829=ORIENTED_EDGE('',*,*,#2549,.F.);
#3830=ORIENTED_EDGE('',*,*,#2837,.T.);
#3831=ORIENTED_EDGE('',*,*,#2838,.F.);
#3832=ORIENTED_EDGE('',*,*,#2839,.T.);
#3833=ORIENTED_EDGE('',*,*,#2840,.T.);
#3834=ORIENTED_EDGE('',*,*,#2841,.F.);
#3835=ORIENTED_EDGE('',*,*,#2842,.F.);
#3836=ORIENTED_EDGE('',*,*,#2838,.T.);
#3837=ORIENTED_EDGE('',*,*,#2839,.F.);
#3838=ORIENTED_EDGE('',*,*,#2550,.T.);
#3839=ORIENTED_EDGE('',*,*,#2842,.T.);
#3840=ORIENTED_EDGE('',*,*,#2843,.F.);
#3841=ORIENTED_EDGE('',*,*,#2844,.T.);
#3842=ORIENTED_EDGE('',*,*,#2845,.T.);
#3843=ORIENTED_EDGE('',*,*,#2846,.F.);
#3844=ORIENTED_EDGE('',*,*,#2847,.F.);
#3845=ORIENTED_EDGE('',*,*,#2841,.T.);
#3846=ORIENTED_EDGE('',*,*,#2844,.F.);
#3847=ORIENTED_EDGE('',*,*,#2848,.T.);
#3848=ORIENTED_EDGE('',*,*,#2847,.T.);
#3849=ORIENTED_EDGE('',*,*,#2849,.F.);
#3850=ORIENTED_EDGE('',*,*,#2850,.F.);
#3851=ORIENTED_EDGE('',*,*,#2843,.T.);
#3852=ORIENTED_EDGE('',*,*,#2848,.F.);
#3853=ORIENTED_EDGE('',*,*,#2551,.T.);
#3854=ORIENTED_EDGE('',*,*,#2850,.T.);
#3855=ORIENTED_EDGE('',*,*,#2851,.F.);
#3856=ORIENTED_EDGE('',*,*,#2852,.F.);
#3857=ORIENTED_EDGE('',*,*,#2626,.T.);
#3858=ORIENTED_EDGE('',*,*,#2796,.T.);
#3859=ORIENTED_EDGE('',*,*,#2853,.F.);
#3860=ORIENTED_EDGE('',*,*,#2852,.T.);
#3861=ORIENTED_EDGE('',*,*,#2854,.T.);
#3862=ORIENTED_EDGE('',*,*,#2855,.F.);
#3863=ORIENTED_EDGE('',*,*,#2627,.T.);
#3864=ORIENTED_EDGE('',*,*,#2853,.T.);
#3865=ORIENTED_EDGE('',*,*,#2628,.T.);
#3866=ORIENTED_EDGE('',*,*,#2855,.T.);
#3867=ORIENTED_EDGE('',*,*,#2856,.F.);
#3868=ORIENTED_EDGE('',*,*,#2857,.T.);
#3869=ORIENTED_EDGE('',*,*,#2820,.T.);
#3870=ORIENTED_EDGE('',*,*,#2827,.F.);
#3871=ORIENTED_EDGE('',*,*,#2858,.F.);
#3872=ORIENTED_EDGE('',*,*,#2822,.T.);
#3873=ORIENTED_EDGE('',*,*,#2857,.F.);
#3874=ORIENTED_EDGE('',*,*,#2859,.T.);
#3875=ORIENTED_EDGE('',*,*,#2858,.T.);
#3876=ORIENTED_EDGE('',*,*,#2860,.F.);
#3877=ORIENTED_EDGE('',*,*,#2861,.T.);
#3878=ORIENTED_EDGE('',*,*,#2836,.T.);
#3879=ORIENTED_EDGE('',*,*,#2859,.F.);
#3880=ORIENTED_EDGE('',*,*,#2862,.T.);
#3881=ORIENTED_EDGE('',*,*,#2861,.F.);
#3882=ORIENTED_EDGE('',*,*,#2856,.T.);
#3883=ORIENTED_EDGE('',*,*,#2863,.T.);
#3884=ORIENTED_EDGE('',*,*,#2835,.F.);
#3885=ORIENTED_EDGE('',*,*,#2862,.F.);
#3886=ORIENTED_EDGE('',*,*,#2864,.T.);
#3887=ORIENTED_EDGE('',*,*,#2863,.F.);
#3888=ORIENTED_EDGE('',*,*,#2854,.F.);
#3889=ORIENTED_EDGE('',*,*,#2865,.T.);
#3890=ORIENTED_EDGE('',*,*,#2824,.T.);
#3891=ORIENTED_EDGE('',*,*,#2864,.F.);
#3892=ORIENTED_EDGE('',*,*,#2866,.T.);
#3893=ORIENTED_EDGE('',*,*,#2865,.F.);
#3894=ORIENTED_EDGE('',*,*,#2553,.T.);
#3895=ORIENTED_EDGE('',*,*,#2867,.T.);
#3896=ORIENTED_EDGE('',*,*,#2812,.F.);
#3897=ORIENTED_EDGE('',*,*,#2866,.F.);
#3898=ORIENTED_EDGE('',*,*,#2868,.T.);
#3899=ORIENTED_EDGE('',*,*,#2867,.F.);
#3900=ORIENTED_EDGE('',*,*,#2552,.T.);
#3901=ORIENTED_EDGE('',*,*,#2869,.F.);
#3902=ORIENTED_EDGE('',*,*,#2868,.F.);
#3903=ORIENTED_EDGE('',*,*,#2851,.T.);
#3904=ORIENTED_EDGE('',*,*,#2870,.T.);
#3905=ORIENTED_EDGE('',*,*,#2814,.F.);
#3906=ORIENTED_EDGE('',*,*,#2869,.T.);
#3907=ORIENTED_EDGE('',*,*,#2871,.F.);
#3908=ORIENTED_EDGE('',*,*,#2870,.F.);
#3909=ORIENTED_EDGE('',*,*,#2849,.T.);
#3910=ORIENTED_EDGE('',*,*,#2872,.T.);
#3911=ORIENTED_EDGE('',*,*,#2829,.F.);
#3912=ORIENTED_EDGE('',*,*,#2871,.T.);
#3913=ORIENTED_EDGE('',*,*,#2873,.F.);
#3914=ORIENTED_EDGE('',*,*,#2872,.F.);
#3915=ORIENTED_EDGE('',*,*,#2846,.T.);
#3916=ORIENTED_EDGE('',*,*,#2874,.T.);
#3917=ORIENTED_EDGE('',*,*,#2799,.F.);
#3918=ORIENTED_EDGE('',*,*,#2873,.T.);
#3919=ORIENTED_EDGE('',*,*,#2800,.T.);
#3920=ORIENTED_EDGE('',*,*,#2874,.F.);
#3921=ORIENTED_EDGE('',*,*,#2845,.F.);
#3922=ORIENTED_EDGE('',*,*,#2840,.F.);
#3923=ORIENTED_EDGE('',*,*,#2837,.F.);
#3924=ORIENTED_EDGE('',*,*,#2522,.F.);
#3925=ORIENTED_EDGE('',*,*,#2590,.T.);
#3926=ORIENTED_EDGE('',*,*,#2875,.T.);
#3927=ORIENTED_EDGE('',*,*,#2825,.T.);
#3928=ORIENTED_EDGE('',*,*,#2819,.F.);
#3929=ORIENTED_EDGE('',*,*,#2875,.F.);
#3930=ORIENTED_EDGE('',*,*,#2818,.T.);
#3931=ORIENTED_EDGE('',*,*,#2585,.T.);
#3932=ORIENTED_EDGE('',*,*,#2531,.F.);
#3933=ORIENTED_EDGE('',*,*,#2876,.T.);
#3934=ORIENTED_EDGE('',*,*,#2530,.F.);
#3935=ORIENTED_EDGE('',*,*,#2860,.T.);
#3936=ORIENTED_EDGE('',*,*,#2826,.T.);
#3937=ORIENTED_EDGE('',*,*,#2876,.F.);
#3938=ORIENTED_EDGE('',*,*,#2877,.F.);
#3939=ORIENTED_EDGE('',*,*,#2878,.F.);
#3940=ORIENTED_EDGE('',*,*,#2879,.T.);
#3941=ORIENTED_EDGE('',*,*,#2880,.F.);
#3942=ORIENTED_EDGE('',*,*,#2877,.T.);
#3943=ORIENTED_EDGE('',*,*,#2881,.T.);
#3944=ORIENTED_EDGE('',*,*,#2882,.F.);
#3945=ORIENTED_EDGE('',*,*,#2883,.T.);
#3946=ORIENTED_EDGE('',*,*,#2878,.T.);
#3947=ORIENTED_EDGE('',*,*,#2884,.F.);
#3948=ORIENTED_EDGE('',*,*,#2880,.T.);
#3949=ORIENTED_EDGE('',*,*,#2885,.F.);
#3950=ORIENTED_EDGE('',*,*,#2886,.F.);
#3951=ORIENTED_EDGE('',*,*,#2882,.T.);
#3952=ORIENTED_EDGE('',*,*,#2884,.T.);
#3953=ORIENTED_EDGE('',*,*,#2887,.F.);
#3954=ORIENTED_EDGE('',*,*,#2888,.T.);
#3955=ORIENTED_EDGE('',*,*,#2595,.T.);
#3956=ORIENTED_EDGE('',*,*,#2889,.F.);
#3957=ORIENTED_EDGE('',*,*,#2890,.T.);
#3958=ORIENTED_EDGE('',*,*,#2886,.T.);
#3959=ORIENTED_EDGE('',*,*,#2891,.F.);
#3960=ORIENTED_EDGE('',*,*,#2892,.F.);
#3961=ORIENTED_EDGE('',*,*,#2893,.T.);
#3962=ORIENTED_EDGE('',*,*,#2883,.F.);
#3963=ORIENTED_EDGE('',*,*,#2894,.F.);
#3964=ORIENTED_EDGE('',*,*,#2895,.T.);
#3965=ORIENTED_EDGE('',*,*,#2892,.T.);
#3966=ORIENTED_EDGE('',*,*,#2896,.F.);
#3967=ORIENTED_EDGE('',*,*,#2894,.T.);
#3968=ORIENTED_EDGE('',*,*,#2890,.F.);
#3969=ORIENTED_EDGE('',*,*,#2897,.F.);
#3970=ORIENTED_EDGE('',*,*,#2898,.T.);
#3971=ORIENTED_EDGE('',*,*,#2896,.T.);
#3972=ORIENTED_EDGE('',*,*,#2899,.F.);
#3973=ORIENTED_EDGE('',*,*,#2891,.T.);
#3974=ORIENTED_EDGE('',*,*,#2889,.T.);
#3975=ORIENTED_EDGE('',*,*,#2594,.T.);
#3976=ORIENTED_EDGE('',*,*,#2900,.T.);
#3977=ORIENTED_EDGE('',*,*,#2901,.T.);
#3978=ORIENTED_EDGE('',*,*,#2899,.T.);
#3979=ORIENTED_EDGE('',*,*,#2902,.F.);
#3980=ORIENTED_EDGE('',*,*,#2903,.F.);
#3981=ORIENTED_EDGE('',*,*,#2897,.T.);
#3982=ORIENTED_EDGE('',*,*,#2901,.F.);
#3983=ORIENTED_EDGE('',*,*,#2904,.T.);
#3984=ORIENTED_EDGE('',*,*,#2903,.T.);
#3985=ORIENTED_EDGE('',*,*,#2905,.F.);
#3986=ORIENTED_EDGE('',*,*,#2906,.F.);
#3987=ORIENTED_EDGE('',*,*,#2907,.T.);
#3988=ORIENTED_EDGE('',*,*,#2895,.F.);
#3989=ORIENTED_EDGE('',*,*,#2908,.F.);
#3990=ORIENTED_EDGE('',*,*,#2909,.T.);
#3991=ORIENTED_EDGE('',*,*,#2906,.T.);
#3992=ORIENTED_EDGE('',*,*,#2910,.F.);
#3993=ORIENTED_EDGE('',*,*,#2908,.T.);
#3994=ORIENTED_EDGE('',*,*,#2898,.F.);
#3995=ORIENTED_EDGE('',*,*,#2911,.F.);
#3996=ORIENTED_EDGE('',*,*,#2912,.T.);
#3997=ORIENTED_EDGE('',*,*,#2910,.T.);
#3998=ORIENTED_EDGE('',*,*,#2913,.F.);
#3999=ORIENTED_EDGE('',*,*,#2911,.T.);
#4000=ORIENTED_EDGE('',*,*,#2904,.F.);
#4001=ORIENTED_EDGE('',*,*,#2520,.F.);
#4002=ORIENTED_EDGE('',*,*,#2596,.T.);
#4003=ORIENTED_EDGE('',*,*,#2888,.F.);
#4004=ORIENTED_EDGE('',*,*,#2914,.T.);
#4005=ORIENTED_EDGE('',*,*,#2607,.T.);
#4006=ORIENTED_EDGE('',*,*,#2915,.T.);
#4007=ORIENTED_EDGE('',*,*,#2916,.F.);
#4008=ORIENTED_EDGE('',*,*,#2917,.T.);
#4009=ORIENTED_EDGE('',*,*,#2916,.T.);
#4010=ORIENTED_EDGE('',*,*,#2918,.F.);
#4011=ORIENTED_EDGE('',*,*,#2609,.T.);
#4012=ORIENTED_EDGE('',*,*,#2917,.F.);
#4013=ORIENTED_EDGE('',*,*,#2794,.T.);
#4014=ORIENTED_EDGE('',*,*,#2919,.T.);
#4015=ORIENTED_EDGE('',*,*,#2606,.F.);
#4016=ORIENTED_EDGE('',*,*,#2404,.F.);
#4017=ORIENTED_EDGE('',*,*,#2920,.T.);
#4018=ORIENTED_EDGE('',*,*,#2921,.F.);
#4019=ORIENTED_EDGE('',*,*,#2919,.F.);
#4020=ORIENTED_EDGE('',*,*,#2922,.F.);
#4021=ORIENTED_EDGE('',*,*,#2915,.F.);
#4022=ORIENTED_EDGE('',*,*,#2921,.T.);
#4023=ORIENTED_EDGE('',*,*,#2923,.T.);
#4024=ORIENTED_EDGE('',*,*,#2922,.T.);
#4025=ORIENTED_EDGE('',*,*,#2924,.F.);
#4026=ORIENTED_EDGE('',*,*,#2925,.F.);
#4027=ORIENTED_EDGE('',*,*,#2918,.T.);
#4028=ORIENTED_EDGE('',*,*,#2923,.F.);
#4029=ORIENTED_EDGE('',*,*,#2926,.F.);
#4030=ORIENTED_EDGE('',*,*,#2925,.T.);
#4031=ORIENTED_EDGE('',*,*,#2927,.F.);
#4032=ORIENTED_EDGE('',*,*,#2928,.F.);
#4033=ORIENTED_EDGE('',*,*,#2544,.T.);
#4034=ORIENTED_EDGE('',*,*,#2926,.T.);
#4035=ORIENTED_EDGE('',*,*,#2929,.F.);
#4036=ORIENTED_EDGE('',*,*,#2928,.T.);
#4037=ORIENTED_EDGE('',*,*,#2927,.T.);
#4038=ORIENTED_EDGE('',*,*,#2930,.F.);
#4039=ORIENTED_EDGE('',*,*,#2929,.T.);
#4040=ORIENTED_EDGE('',*,*,#2931,.F.);
#4041=ORIENTED_EDGE('',*,*,#2545,.T.);
#4042=ORIENTED_EDGE('',*,*,#2930,.T.);
#4043=ORIENTED_EDGE('',*,*,#2932,.F.);
#4044=ORIENTED_EDGE('',*,*,#2933,.F.);
#4045=ORIENTED_EDGE('',*,*,#2902,.T.);
#4046=ORIENTED_EDGE('',*,*,#2900,.F.);
#4047=ORIENTED_EDGE('',*,*,#2593,.T.);
#4048=ORIENTED_EDGE('',*,*,#2934,.F.);
#4049=ORIENTED_EDGE('',*,*,#2935,.T.);
#4050=ORIENTED_EDGE('',*,*,#2933,.T.);
#4051=ORIENTED_EDGE('',*,*,#2936,.F.);
#4052=ORIENTED_EDGE('',*,*,#2937,.F.);
#4053=ORIENTED_EDGE('',*,*,#2905,.T.);
#4054=ORIENTED_EDGE('',*,*,#2935,.F.);
#4055=ORIENTED_EDGE('',*,*,#2938,.T.);
#4056=ORIENTED_EDGE('',*,*,#2913,.T.);
#4057=ORIENTED_EDGE('',*,*,#2937,.T.);
#4058=ORIENTED_EDGE('',*,*,#2939,.T.);
#4059=ORIENTED_EDGE('',*,*,#2591,.F.);
#4060=ORIENTED_EDGE('',*,*,#2524,.T.);
#4061=ORIENTED_EDGE('',*,*,#2940,.T.);
#4062=ORIENTED_EDGE('',*,*,#2938,.F.);
#4063=ORIENTED_EDGE('',*,*,#2548,.T.);
#4064=ORIENTED_EDGE('',*,*,#2941,.T.);
#4065=ORIENTED_EDGE('',*,*,#2912,.F.);
#4066=ORIENTED_EDGE('',*,*,#2940,.F.);
#4067=ORIENTED_EDGE('',*,*,#2942,.T.);
#4068=ORIENTED_EDGE('',*,*,#2941,.F.);
#4069=ORIENTED_EDGE('',*,*,#2547,.T.);
#4070=ORIENTED_EDGE('',*,*,#2943,.T.);
#4071=ORIENTED_EDGE('',*,*,#2909,.F.);
#4072=ORIENTED_EDGE('',*,*,#2942,.F.);
#4073=ORIENTED_EDGE('',*,*,#2944,.T.);
#4074=ORIENTED_EDGE('',*,*,#2943,.F.);
#4075=ORIENTED_EDGE('',*,*,#2546,.T.);
#4076=ORIENTED_EDGE('',*,*,#2945,.F.);
#4077=ORIENTED_EDGE('',*,*,#2944,.F.);
#4078=ORIENTED_EDGE('',*,*,#2932,.T.);
#4079=ORIENTED_EDGE('',*,*,#2946,.T.);
#4080=ORIENTED_EDGE('',*,*,#2907,.F.);
#4081=ORIENTED_EDGE('',*,*,#2945,.T.);
#4082=ORIENTED_EDGE('',*,*,#2947,.F.);
#4083=ORIENTED_EDGE('',*,*,#2946,.F.);
#4084=ORIENTED_EDGE('',*,*,#2931,.T.);
#4085=ORIENTED_EDGE('',*,*,#2948,.T.);
#4086=ORIENTED_EDGE('',*,*,#2893,.F.);
#4087=ORIENTED_EDGE('',*,*,#2947,.T.);
#4088=ORIENTED_EDGE('',*,*,#2949,.F.);
#4089=ORIENTED_EDGE('',*,*,#2948,.F.);
#4090=ORIENTED_EDGE('',*,*,#2924,.T.);
#4091=ORIENTED_EDGE('',*,*,#2950,.T.);
#4092=ORIENTED_EDGE('',*,*,#2879,.F.);
#4093=ORIENTED_EDGE('',*,*,#2949,.T.);
#4094=ORIENTED_EDGE('',*,*,#2951,.T.);
#4095=ORIENTED_EDGE('',*,*,#2950,.F.);
#4096=ORIENTED_EDGE('',*,*,#2920,.F.);
#4097=ORIENTED_EDGE('',*,*,#2952,.T.);
#4098=ORIENTED_EDGE('',*,*,#2881,.F.);
#4099=ORIENTED_EDGE('',*,*,#2951,.F.);
#4100=ORIENTED_EDGE('',*,*,#2521,.T.);
#4101=ORIENTED_EDGE('',*,*,#2953,.F.);
#4102=ORIENTED_EDGE('',*,*,#2952,.F.);
#4103=ORIENTED_EDGE('',*,*,#2954,.F.);
#4104=ORIENTED_EDGE('',*,*,#2885,.T.);
#4105=ORIENTED_EDGE('',*,*,#2953,.T.);
#4106=ORIENTED_EDGE('',*,*,#2887,.T.);
#4107=ORIENTED_EDGE('',*,*,#2954,.T.);
#4108=ORIENTED_EDGE('',*,*,#2914,.F.);
#4109=ORIENTED_EDGE('',*,*,#2939,.F.);
#4110=ORIENTED_EDGE('',*,*,#2936,.T.);
#4111=ORIENTED_EDGE('',*,*,#2934,.T.);
#4112=ORIENTED_EDGE('',*,*,#2592,.T.);
#4113=ORIENTED_EDGE('',*,*,#2415,.T.);
#4114=ORIENTED_EDGE('',*,*,#2955,.T.);
#4115=ORIENTED_EDGE('',*,*,#2599,.F.);
#4116=ORIENTED_EDGE('',*,*,#2956,.F.);
#4117=ORIENTED_EDGE('',*,*,#2414,.F.);
#4118=ORIENTED_EDGE('',*,*,#2957,.T.);
#4119=ORIENTED_EDGE('',*,*,#2600,.T.);
#4120=ORIENTED_EDGE('',*,*,#2955,.F.);
#4121=ORIENTED_EDGE('',*,*,#2413,.F.);
#4122=ORIENTED_EDGE('',*,*,#2958,.T.);
#4123=ORIENTED_EDGE('',*,*,#2597,.T.);
#4124=ORIENTED_EDGE('',*,*,#2957,.F.);
#4125=ORIENTED_EDGE('',*,*,#2416,.T.);
#4126=ORIENTED_EDGE('',*,*,#2956,.T.);
#4127=ORIENTED_EDGE('',*,*,#2598,.T.);
#4128=ORIENTED_EDGE('',*,*,#2958,.F.);
#4129=CYLINDRICAL_SURFACE('',#4448,1.35);
#4130=CYLINDRICAL_SURFACE('',#4451,1.35);
#4131=CYLINDRICAL_SURFACE('',#4454,2.75);
#4132=CYLINDRICAL_SURFACE('',#4466,2.75);
#4133=ADVANCED_FACE('',(#323),#4129,.F.);
#4134=ADVANCED_FACE('',(#324),#4130,.F.);
#4135=ADVANCED_FACE('',(#325),#4131,.F.);
#4136=ADVANCED_FACE('',(#326),#4132,.F.);
#4137=ADVANCED_FACE('',(#327),#26,.T.);
#4138=ADVANCED_FACE('',(#328),#27,.T.);
#4139=ADVANCED_FACE('',(#329),#28,.T.);
#4140=ADVANCED_FACE('',(#330),#29,.T.);
#4141=ADVANCED_FACE('',(#331),#30,.T.);
#4142=ADVANCED_FACE('',(#332,#15,#16),#31,.T.);
#4143=ADVANCED_FACE('',(#333),#32,.T.);
#4144=ADVANCED_FACE('',(#334),#33,.T.);
#4145=ADVANCED_FACE('',(#335),#34,.T.);
#4146=ADVANCED_FACE('',(#336),#35,.T.);
#4147=ADVANCED_FACE('',(#337),#36,.T.);
#4148=ADVANCED_FACE('',(#338),#37,.T.);
#4149=ADVANCED_FACE('',(#339),#38,.T.);
#4150=ADVANCED_FACE('',(#340),#39,.T.);
#4151=ADVANCED_FACE('',(#341),#40,.T.);
#4152=ADVANCED_FACE('',(#342),#41,.T.);
#4153=ADVANCED_FACE('',(#343),#42,.T.);
#4154=ADVANCED_FACE('',(#344),#43,.T.);
#4155=ADVANCED_FACE('',(#345),#44,.T.);
#4156=ADVANCED_FACE('',(#346),#45,.T.);
#4157=ADVANCED_FACE('',(#347),#46,.T.);
#4158=ADVANCED_FACE('',(#348),#47,.T.);
#4159=ADVANCED_FACE('',(#349),#48,.T.);
#4160=ADVANCED_FACE('',(#350),#49,.T.);
#4161=ADVANCED_FACE('',(#351),#50,.T.);
#4162=ADVANCED_FACE('',(#352),#51,.T.);
#4163=ADVANCED_FACE('',(#353),#52,.T.);
#4164=ADVANCED_FACE('',(#354),#53,.T.);
#4165=ADVANCED_FACE('',(#355),#54,.T.);
#4166=ADVANCED_FACE('',(#356),#55,.T.);
#4167=ADVANCED_FACE('',(#357),#56,.T.);
#4168=ADVANCED_FACE('',(#358),#57,.T.);
#4169=ADVANCED_FACE('',(#359),#58,.T.);
#4170=ADVANCED_FACE('',(#360),#59,.T.);
#4171=ADVANCED_FACE('',(#361),#60,.T.);
#4172=ADVANCED_FACE('',(#362),#61,.T.);
#4173=ADVANCED_FACE('',(#363),#62,.T.);
#4174=ADVANCED_FACE('',(#364),#63,.T.);
#4175=ADVANCED_FACE('',(#365),#64,.T.);
#4176=ADVANCED_FACE('',(#366),#65,.T.);
#4177=ADVANCED_FACE('',(#367),#66,.T.);
#4178=ADVANCED_FACE('',(#368,#17,#18),#67,.T.);
#4179=ADVANCED_FACE('',(#369),#68,.T.);
#4180=ADVANCED_FACE('',(#370),#69,.T.);
#4181=ADVANCED_FACE('',(#371,#19),#70,.T.);
#4182=ADVANCED_FACE('',(#372),#71,.T.);
#4183=ADVANCED_FACE('',(#373),#72,.T.);
#4184=ADVANCED_FACE('',(#374),#73,.T.);
#4185=ADVANCED_FACE('',(#375),#74,.T.);
#4186=ADVANCED_FACE('',(#376),#75,.T.);
#4187=ADVANCED_FACE('',(#377),#76,.T.);
#4188=ADVANCED_FACE('',(#378),#77,.T.);
#4189=ADVANCED_FACE('',(#379,#20),#78,.T.);
#4190=ADVANCED_FACE('',(#380),#79,.T.);
#4191=ADVANCED_FACE('',(#381,#21,#22),#80,.T.);
#4192=ADVANCED_FACE('',(#382,#23,#24),#81,.T.);
#4193=ADVANCED_FACE('',(#383,#25),#82,.T.);
#4194=ADVANCED_FACE('',(#384),#83,.T.);
#4195=ADVANCED_FACE('',(#385),#84,.T.);
#4196=ADVANCED_FACE('',(#386),#85,.T.);
#4197=ADVANCED_FACE('',(#387),#86,.T.);
#4198=ADVANCED_FACE('',(#388),#87,.T.);
#4199=ADVANCED_FACE('',(#389),#88,.T.);
#4200=ADVANCED_FACE('',(#390),#89,.T.);
#4201=ADVANCED_FACE('',(#391),#90,.T.);
#4202=ADVANCED_FACE('',(#392),#91,.T.);
#4203=ADVANCED_FACE('',(#393),#92,.T.);
#4204=ADVANCED_FACE('',(#394),#93,.T.);
#4205=ADVANCED_FACE('',(#395),#94,.T.);
#4206=ADVANCED_FACE('',(#396),#95,.T.);
#4207=ADVANCED_FACE('',(#397),#96,.T.);
#4208=ADVANCED_FACE('',(#398),#97,.T.);
#4209=ADVANCED_FACE('',(#399),#98,.T.);
#4210=ADVANCED_FACE('',(#400),#99,.T.);
#4211=ADVANCED_FACE('',(#401),#100,.T.);
#4212=ADVANCED_FACE('',(#402),#101,.T.);
#4213=ADVANCED_FACE('',(#403),#102,.T.);
#4214=ADVANCED_FACE('',(#404),#103,.T.);
#4215=ADVANCED_FACE('',(#405),#104,.T.);
#4216=ADVANCED_FACE('',(#406),#105,.T.);
#4217=ADVANCED_FACE('',(#407),#106,.T.);
#4218=ADVANCED_FACE('',(#408),#107,.T.);
#4219=ADVANCED_FACE('',(#409),#108,.T.);
#4220=ADVANCED_FACE('',(#410),#109,.T.);
#4221=ADVANCED_FACE('',(#411),#110,.T.);
#4222=ADVANCED_FACE('',(#412),#111,.T.);
#4223=ADVANCED_FACE('',(#413),#112,.T.);
#4224=ADVANCED_FACE('',(#414),#113,.T.);
#4225=ADVANCED_FACE('',(#415),#114,.T.);
#4226=ADVANCED_FACE('',(#416),#115,.T.);
#4227=ADVANCED_FACE('',(#417),#116,.T.);
#4228=ADVANCED_FACE('',(#418),#117,.T.);
#4229=ADVANCED_FACE('',(#419),#118,.T.);
#4230=ADVANCED_FACE('',(#420),#119,.T.);
#4231=ADVANCED_FACE('',(#421),#120,.T.);
#4232=ADVANCED_FACE('',(#422),#121,.T.);
#4233=ADVANCED_FACE('',(#423),#122,.T.);
#4234=ADVANCED_FACE('',(#424),#123,.T.);
#4235=ADVANCED_FACE('',(#425),#124,.T.);
#4236=ADVANCED_FACE('',(#426),#125,.T.);
#4237=ADVANCED_FACE('',(#427),#126,.T.);
#4238=ADVANCED_FACE('',(#428),#127,.T.);
#4239=ADVANCED_FACE('',(#429),#128,.T.);
#4240=ADVANCED_FACE('',(#430),#129,.T.);
#4241=ADVANCED_FACE('',(#431),#130,.T.);
#4242=ADVANCED_FACE('',(#432),#131,.T.);
#4243=ADVANCED_FACE('',(#433),#132,.T.);
#4244=ADVANCED_FACE('',(#434),#133,.T.);
#4245=ADVANCED_FACE('',(#435),#134,.T.);
#4246=ADVANCED_FACE('',(#436),#135,.T.);
#4247=ADVANCED_FACE('',(#437),#136,.T.);
#4248=ADVANCED_FACE('',(#438),#137,.T.);
#4249=ADVANCED_FACE('',(#439),#138,.T.);
#4250=ADVANCED_FACE('',(#440),#139,.T.);
#4251=ADVANCED_FACE('',(#441),#140,.T.);
#4252=ADVANCED_FACE('',(#442),#141,.T.);
#4253=ADVANCED_FACE('',(#443),#142,.T.);
#4254=ADVANCED_FACE('',(#444),#143,.T.);
#4255=ADVANCED_FACE('',(#445),#144,.T.);
#4256=ADVANCED_FACE('',(#446),#145,.T.);
#4257=ADVANCED_FACE('',(#447),#146,.T.);
#4258=ADVANCED_FACE('',(#448),#147,.T.);
#4259=ADVANCED_FACE('',(#449),#148,.T.);
#4260=ADVANCED_FACE('',(#450),#149,.T.);
#4261=ADVANCED_FACE('',(#451),#150,.T.);
#4262=ADVANCED_FACE('',(#452),#151,.T.);
#4263=ADVANCED_FACE('',(#453),#152,.T.);
#4264=ADVANCED_FACE('',(#454),#153,.T.);
#4265=ADVANCED_FACE('',(#455),#154,.T.);
#4266=ADVANCED_FACE('',(#456),#155,.T.);
#4267=ADVANCED_FACE('',(#457),#156,.T.);
#4268=ADVANCED_FACE('',(#458),#157,.T.);
#4269=ADVANCED_FACE('',(#459),#158,.T.);
#4270=ADVANCED_FACE('',(#460),#159,.T.);
#4271=ADVANCED_FACE('',(#461),#160,.T.);
#4272=ADVANCED_FACE('',(#462),#161,.T.);
#4273=ADVANCED_FACE('',(#463),#162,.T.);
#4274=ADVANCED_FACE('',(#464),#163,.T.);
#4275=ADVANCED_FACE('',(#465),#164,.T.);
#4276=ADVANCED_FACE('',(#466),#165,.T.);
#4277=ADVANCED_FACE('',(#467),#166,.T.);
#4278=ADVANCED_FACE('',(#468),#167,.T.);
#4279=ADVANCED_FACE('',(#469),#168,.T.);
#4280=ADVANCED_FACE('',(#470),#169,.T.);
#4281=ADVANCED_FACE('',(#471),#170,.T.);
#4282=ADVANCED_FACE('',(#472),#171,.T.);
#4283=ADVANCED_FACE('',(#473),#172,.T.);
#4284=ADVANCED_FACE('',(#474),#173,.T.);
#4285=ADVANCED_FACE('',(#475),#174,.T.);
#4286=ADVANCED_FACE('',(#476),#175,.T.);
#4287=ADVANCED_FACE('',(#477),#176,.T.);
#4288=ADVANCED_FACE('',(#478),#177,.T.);
#4289=ADVANCED_FACE('',(#479),#178,.T.);
#4290=ADVANCED_FACE('',(#480),#179,.T.);
#4291=ADVANCED_FACE('',(#481),#180,.T.);
#4292=ADVANCED_FACE('',(#482),#181,.T.);
#4293=ADVANCED_FACE('',(#483),#182,.T.);
#4294=ADVANCED_FACE('',(#484),#183,.T.);
#4295=ADVANCED_FACE('',(#485),#184,.T.);
#4296=ADVANCED_FACE('',(#486),#185,.T.);
#4297=ADVANCED_FACE('',(#487),#186,.T.);
#4298=ADVANCED_FACE('',(#488),#187,.T.);
#4299=ADVANCED_FACE('',(#489),#188,.T.);
#4300=ADVANCED_FACE('',(#490),#189,.T.);
#4301=ADVANCED_FACE('',(#491),#190,.T.);
#4302=ADVANCED_FACE('',(#492),#191,.T.);
#4303=ADVANCED_FACE('',(#493),#192,.T.);
#4304=ADVANCED_FACE('',(#494),#193,.T.);
#4305=ADVANCED_FACE('',(#495),#194,.T.);
#4306=ADVANCED_FACE('',(#496),#195,.T.);
#4307=ADVANCED_FACE('',(#497),#196,.T.);
#4308=ADVANCED_FACE('',(#498),#197,.T.);
#4309=ADVANCED_FACE('',(#499),#198,.T.);
#4310=ADVANCED_FACE('',(#500),#199,.T.);
#4311=ADVANCED_FACE('',(#501),#200,.T.);
#4312=ADVANCED_FACE('',(#502),#201,.T.);
#4313=ADVANCED_FACE('',(#503),#202,.T.);
#4314=ADVANCED_FACE('',(#504),#203,.T.);
#4315=ADVANCED_FACE('',(#505),#204,.T.);
#4316=ADVANCED_FACE('',(#506),#205,.T.);
#4317=ADVANCED_FACE('',(#507),#206,.T.);
#4318=ADVANCED_FACE('',(#508),#207,.T.);
#4319=ADVANCED_FACE('',(#509),#208,.T.);
#4320=ADVANCED_FACE('',(#510),#209,.T.);
#4321=ADVANCED_FACE('',(#511),#210,.T.);
#4322=ADVANCED_FACE('',(#512),#211,.T.);
#4323=ADVANCED_FACE('',(#513),#212,.T.);
#4324=ADVANCED_FACE('',(#514),#213,.T.);
#4325=ADVANCED_FACE('',(#515),#214,.T.);
#4326=ADVANCED_FACE('',(#516),#215,.T.);
#4327=ADVANCED_FACE('',(#517),#216,.T.);
#4328=ADVANCED_FACE('',(#518),#217,.T.);
#4329=ADVANCED_FACE('',(#519),#218,.T.);
#4330=ADVANCED_FACE('',(#520),#219,.T.);
#4331=ADVANCED_FACE('',(#521),#220,.T.);
#4332=ADVANCED_FACE('',(#522),#221,.T.);
#4333=ADVANCED_FACE('',(#523),#222,.T.);
#4334=ADVANCED_FACE('',(#524),#223,.T.);
#4335=ADVANCED_FACE('',(#525),#224,.T.);
#4336=ADVANCED_FACE('',(#526),#225,.T.);
#4337=ADVANCED_FACE('',(#527),#226,.T.);
#4338=ADVANCED_FACE('',(#528),#227,.T.);
#4339=ADVANCED_FACE('',(#529),#228,.T.);
#4340=ADVANCED_FACE('',(#530),#229,.T.);
#4341=ADVANCED_FACE('',(#531),#230,.T.);
#4342=ADVANCED_FACE('',(#532),#231,.T.);
#4343=ADVANCED_FACE('',(#533),#232,.T.);
#4344=ADVANCED_FACE('',(#534),#233,.T.);
#4345=ADVANCED_FACE('',(#535),#234,.T.);
#4346=ADVANCED_FACE('',(#536),#235,.T.);
#4347=ADVANCED_FACE('',(#537),#236,.T.);
#4348=ADVANCED_FACE('',(#538),#237,.T.);
#4349=ADVANCED_FACE('',(#539),#238,.T.);
#4350=ADVANCED_FACE('',(#540),#239,.T.);
#4351=ADVANCED_FACE('',(#541),#240,.T.);
#4352=ADVANCED_FACE('',(#542),#241,.T.);
#4353=ADVANCED_FACE('',(#543),#242,.T.);
#4354=ADVANCED_FACE('',(#544),#243,.T.);
#4355=ADVANCED_FACE('',(#545),#244,.T.);
#4356=ADVANCED_FACE('',(#546),#245,.T.);
#4357=ADVANCED_FACE('',(#547),#246,.T.);
#4358=ADVANCED_FACE('',(#548),#247,.T.);
#4359=ADVANCED_FACE('',(#549),#248,.T.);
#4360=ADVANCED_FACE('',(#550),#249,.T.);
#4361=ADVANCED_FACE('',(#551),#250,.T.);
#4362=ADVANCED_FACE('',(#552),#251,.T.);
#4363=ADVANCED_FACE('',(#553),#252,.T.);
#4364=ADVANCED_FACE('',(#554),#253,.T.);
#4365=ADVANCED_FACE('',(#555),#254,.T.);
#4366=ADVANCED_FACE('',(#556),#255,.T.);
#4367=ADVANCED_FACE('',(#557),#256,.T.);
#4368=ADVANCED_FACE('',(#558),#257,.T.);
#4369=ADVANCED_FACE('',(#559),#258,.T.);
#4370=ADVANCED_FACE('',(#560),#259,.T.);
#4371=ADVANCED_FACE('',(#561),#260,.T.);
#4372=ADVANCED_FACE('',(#562),#261,.T.);
#4373=ADVANCED_FACE('',(#563),#262,.T.);
#4374=ADVANCED_FACE('',(#564),#263,.T.);
#4375=ADVANCED_FACE('',(#565),#264,.T.);
#4376=ADVANCED_FACE('',(#566),#265,.T.);
#4377=ADVANCED_FACE('',(#567),#266,.T.);
#4378=ADVANCED_FACE('',(#568),#267,.T.);
#4379=ADVANCED_FACE('',(#569),#268,.T.);
#4380=ADVANCED_FACE('',(#570),#269,.T.);
#4381=ADVANCED_FACE('',(#571),#270,.T.);
#4382=ADVANCED_FACE('',(#572),#271,.T.);
#4383=ADVANCED_FACE('',(#573),#272,.T.);
#4384=ADVANCED_FACE('',(#574),#273,.T.);
#4385=ADVANCED_FACE('',(#575),#274,.T.);
#4386=ADVANCED_FACE('',(#576),#275,.T.);
#4387=ADVANCED_FACE('',(#577),#276,.T.);
#4388=ADVANCED_FACE('',(#578),#277,.T.);
#4389=ADVANCED_FACE('',(#579),#278,.T.);
#4390=ADVANCED_FACE('',(#580),#279,.T.);
#4391=ADVANCED_FACE('',(#581),#280,.T.);
#4392=ADVANCED_FACE('',(#582),#281,.T.);
#4393=ADVANCED_FACE('',(#583),#282,.T.);
#4394=ADVANCED_FACE('',(#584),#283,.T.);
#4395=ADVANCED_FACE('',(#585),#284,.T.);
#4396=ADVANCED_FACE('',(#586),#285,.T.);
#4397=ADVANCED_FACE('',(#587),#286,.T.);
#4398=ADVANCED_FACE('',(#588),#287,.T.);
#4399=ADVANCED_FACE('',(#589),#288,.T.);
#4400=ADVANCED_FACE('',(#590),#289,.T.);
#4401=ADVANCED_FACE('',(#591),#290,.T.);
#4402=ADVANCED_FACE('',(#592),#291,.T.);
#4403=ADVANCED_FACE('',(#593),#292,.T.);
#4404=ADVANCED_FACE('',(#594),#293,.T.);
#4405=ADVANCED_FACE('',(#595),#294,.T.);
#4406=ADVANCED_FACE('',(#596),#295,.T.);
#4407=ADVANCED_FACE('',(#597),#296,.T.);
#4408=ADVANCED_FACE('',(#598),#297,.T.);
#4409=ADVANCED_FACE('',(#599),#298,.T.);
#4410=ADVANCED_FACE('',(#600),#299,.T.);
#4411=ADVANCED_FACE('',(#601),#300,.T.);
#4412=ADVANCED_FACE('',(#602),#301,.T.);
#4413=ADVANCED_FACE('',(#603),#302,.T.);
#4414=ADVANCED_FACE('',(#604),#303,.T.);
#4415=ADVANCED_FACE('',(#605),#304,.T.);
#4416=ADVANCED_FACE('',(#606),#305,.T.);
#4417=ADVANCED_FACE('',(#607),#306,.T.);
#4418=ADVANCED_FACE('',(#608),#307,.T.);
#4419=ADVANCED_FACE('',(#609),#308,.T.);
#4420=ADVANCED_FACE('',(#610),#309,.T.);
#4421=ADVANCED_FACE('',(#611),#310,.T.);
#4422=ADVANCED_FACE('',(#612),#311,.T.);
#4423=ADVANCED_FACE('',(#613),#312,.T.);
#4424=ADVANCED_FACE('',(#614),#313,.T.);
#4425=ADVANCED_FACE('',(#615),#314,.T.);
#4426=ADVANCED_FACE('',(#616),#315,.T.);
#4427=ADVANCED_FACE('',(#617),#316,.T.);
#4428=ADVANCED_FACE('',(#618),#317,.T.);
#4429=ADVANCED_FACE('',(#619),#318,.T.);
#4430=ADVANCED_FACE('',(#620),#319,.T.);
#4431=ADVANCED_FACE('',(#621),#320,.T.);
#4432=ADVANCED_FACE('',(#622),#321,.T.);
#4433=ADVANCED_FACE('',(#623),#322,.T.);
#4434=CLOSED_SHELL('',(#4133,#4134,#4135,#4136,#4137,#4138,#4139,#4140,
#4141,#4142,#4143,#4144,#4145,#4146,#4147,#4148,#4149,#4150,#4151,#4152,
#4153,#4154,#4155,#4156,#4157,#4158,#4159,#4160,#4161,#4162,#4163,#4164,
#4165,#4166,#4167,#4168,#4169,#4170,#4171,#4172,#4173,#4174,#4175,#4176,
#4177,#4178,#4179,#4180,#4181,#4182,#4183,#4184,#4185,#4186,#4187,#4188,
#4189,#4190,#4191,#4192,#4193,#4194,#4195,#4196,#4197,#4198,#4199,#4200,
#4201,#4202,#4203,#4204,#4205,#4206,#4207,#4208,#4209,#4210,#4211,#4212,
#4213,#4214,#4215,#4216,#4217,#4218,#4219,#4220,#4221,#4222,#4223,#4224,
#4225,#4226,#4227,#4228,#4229,#4230,#4231,#4232,#4233,#4234,#4235,#4236,
#4237,#4238,#4239,#4240,#4241,#4242,#4243,#4244,#4245,#4246,#4247,#4248,
#4249,#4250,#4251,#4252,#4253,#4254,#4255,#4256,#4257,#4258,#4259,#4260,
#4261,#4262,#4263,#4264,#4265,#4266,#4267,#4268,#4269,#4270,#4271,#4272,
#4273,#4274,#4275,#4276,#4277,#4278,#4279,#4280,#4281,#4282,#4283,#4284,
#4285,#4286,#4287,#4288,#4289,#4290,#4291,#4292,#4293,#4294,#4295,#4296,
#4297,#4298,#4299,#4300,#4301,#4302,#4303,#4304,#4305,#4306,#4307,#4308,
#4309,#4310,#4311,#4312,#4313,#4314,#4315,#4316,#4317,#4318,#4319,#4320,
#4321,#4322,#4323,#4324,#4325,#4326,#4327,#4328,#4329,#4330,#4331,#4332,
#4333,#4334,#4335,#4336,#4337,#4338,#4339,#4340,#4341,#4342,#4343,#4344,
#4345,#4346,#4347,#4348,#4349,#4350,#4351,#4352,#4353,#4354,#4355,#4356,
#4357,#4358,#4359,#4360,#4361,#4362,#4363,#4364,#4365,#4366,#4367,#4368,
#4369,#4370,#4371,#4372,#4373,#4374,#4375,#4376,#4377,#4378,#4379,#4380,
#4381,#4382,#4383,#4384,#4385,#4386,#4387,#4388,#4389,#4390,#4391,#4392,
#4393,#4394,#4395,#4396,#4397,#4398,#4399,#4400,#4401,#4402,#4403,#4404,
#4405,#4406,#4407,#4408,#4409,#4410,#4411,#4412,#4413,#4414,#4415,#4416,
#4417,#4418,#4419,#4420,#4421,#4422,#4423,#4424,#4425,#4426,#4427,#4428,
#4429,#4430,#4431,#4432,#4433));
#4435=DERIVED_UNIT_ELEMENT(#4437,1.);
#4436=DERIVED_UNIT_ELEMENT(#7149,-3.);
#4437=(
MASS_UNIT()
NAMED_UNIT(*)
SI_UNIT(.KILO.,.GRAM.)
);
#4438=DERIVED_UNIT((#4435,#4436));
#4439=MEASURE_REPRESENTATION_ITEM('density measure',
POSITIVE_RATIO_MEASURE(7850.),#4438);
#4440=PROPERTY_DEFINITION_REPRESENTATION(#4445,#4442);
#4441=PROPERTY_DEFINITION_REPRESENTATION(#4446,#4443);
#4442=REPRESENTATION('material name',(#4444),#7146);
#4443=REPRESENTATION('density',(#4439),#7146);
#4444=DESCRIPTIVE_REPRESENTATION_ITEM('Steel','Steel');
#4445=PROPERTY_DEFINITION('material property','material name',#7156);
#4446=PROPERTY_DEFINITION('material property','density of part',#7156);
#4447=AXIS2_PLACEMENT_3D('',#5972,#4766,#4767);
#4448=AXIS2_PLACEMENT_3D('',#5973,#4768,#4769);
#4449=AXIS2_PLACEMENT_3D('',#5975,#4770,#4771);
#4450=AXIS2_PLACEMENT_3D('',#5978,#4773,#4774);
#4451=AXIS2_PLACEMENT_3D('',#5979,#4775,#4776);
#4452=AXIS2_PLACEMENT_3D('',#5981,#4777,#4778);
#4453=AXIS2_PLACEMENT_3D('',#5984,#4780,#4781);
#4454=AXIS2_PLACEMENT_3D('',#5985,#4782,#4783);
#4455=AXIS2_PLACEMENT_3D('',#5987,#4784,#4785);
#4456=AXIS2_PLACEMENT_3D('',#5991,#4787,#4788);
#4457=AXIS2_PLACEMENT_3D('',#5993,#4789,#4790);
#4458=AXIS2_PLACEMENT_3D('',#5995,#4791,#4792);
#4459=AXIS2_PLACEMENT_3D('',#5997,#4793,#4794);
#4460=AXIS2_PLACEMENT_3D('',#5999,#4795,#4796);
#4461=AXIS2_PLACEMENT_3D('',#6001,#4797,#4798);
#4462=AXIS2_PLACEMENT_3D('',#6003,#4799,#4800);
#4463=AXIS2_PLACEMENT_3D('',#6005,#4801,#4802);
#4464=AXIS2_PLACEMENT_3D('',#6007,#4803,#4804);
#4465=AXIS2_PLACEMENT_3D('',#6008,#4805,#4806);
#4466=AXIS2_PLACEMENT_3D('',#6009,#4807,#4808);
#4467=AXIS2_PLACEMENT_3D('',#6011,#4809,#4810);
#4468=AXIS2_PLACEMENT_3D('',#6014,#4812,#4813);
#4469=AXIS2_PLACEMENT_3D('',#6015,#4814,#4815);
#4470=AXIS2_PLACEMENT_3D('',#6021,#4819,#4820);
#4471=AXIS2_PLACEMENT_3D('',#6023,#4822,#4823);
#4472=AXIS2_PLACEMENT_3D('',#6025,#4825,#4826);
#4473=AXIS2_PLACEMENT_3D('',#6034,#4832,#4833);
#4474=AXIS2_PLACEMENT_3D('',#6043,#4838,#4839);
#4475=AXIS2_PLACEMENT_3D('',#6123,#4880,#4881);
#4476=AXIS2_PLACEMENT_3D('',#6127,#4884,#4885);
#4477=AXIS2_PLACEMENT_3D('',#6131,#4888,#4889);
#4478=AXIS2_PLACEMENT_3D('',#6135,#4892,#4893);
#4479=AXIS2_PLACEMENT_3D('',#6139,#4896,#4897);
#4480=AXIS2_PLACEMENT_3D('',#6143,#4900,#4901);
#4481=AXIS2_PLACEMENT_3D('',#6147,#4904,#4905);
#4482=AXIS2_PLACEMENT_3D('',#6151,#4908,#4909);
#4483=AXIS2_PLACEMENT_3D('',#6155,#4912,#4913);
#4484=AXIS2_PLACEMENT_3D('',#6159,#4916,#4917);
#4485=AXIS2_PLACEMENT_3D('',#6163,#4920,#4921);
#4486=AXIS2_PLACEMENT_3D('',#6167,#4924,#4925);
#4487=AXIS2_PLACEMENT_3D('',#6171,#4928,#4929);
#4488=AXIS2_PLACEMENT_3D('',#6175,#4932,#4933);
#4489=AXIS2_PLACEMENT_3D('',#6179,#4936,#4937);
#4490=AXIS2_PLACEMENT_3D('',#6183,#4940,#4941);
#4491=AXIS2_PLACEMENT_3D('',#6187,#4944,#4945);
#4492=AXIS2_PLACEMENT_3D('',#6191,#4948,#4949);
#4493=AXIS2_PLACEMENT_3D('',#6195,#4952,#4953);
#4494=AXIS2_PLACEMENT_3D('',#6199,#4956,#4957);
#4495=AXIS2_PLACEMENT_3D('',#6203,#4960,#4961);
#4496=AXIS2_PLACEMENT_3D('',#6207,#4964,#4965);
#4497=AXIS2_PLACEMENT_3D('',#6211,#4968,#4969);
#4498=AXIS2_PLACEMENT_3D('',#6215,#4972,#4973);
#4499=AXIS2_PLACEMENT_3D('',#6219,#4976,#4977);
#4500=AXIS2_PLACEMENT_3D('',#6223,#4980,#4981);
#4501=AXIS2_PLACEMENT_3D('',#6227,#4984,#4985);
#4502=AXIS2_PLACEMENT_3D('',#6231,#4988,#4989);
#4503=AXIS2_PLACEMENT_3D('',#6235,#4992,#4993);
#4504=AXIS2_PLACEMENT_3D('',#6239,#4996,#4997);
#4505=AXIS2_PLACEMENT_3D('',#6243,#5000,#5001);
#4506=AXIS2_PLACEMENT_3D('',#6247,#5004,#5005);
#4507=AXIS2_PLACEMENT_3D('',#6249,#5007,#5008);
#4508=AXIS2_PLACEMENT_3D('',#6258,#5013,#5014);
#4509=AXIS2_PLACEMENT_3D('',#6264,#5018,#5019);
#4510=AXIS2_PLACEMENT_3D('',#6270,#5023,#5024);
#4511=AXIS2_PLACEMENT_3D('',#6279,#5029,#5030);
#4512=AXIS2_PLACEMENT_3D('',#6285,#5034,#5035);
#4513=AXIS2_PLACEMENT_3D('',#6294,#5040,#5041);
#4514=AXIS2_PLACEMENT_3D('',#6302,#5046,#5047);
#4515=AXIS2_PLACEMENT_3D('',#6304,#5049,#5050);
#4516=AXIS2_PLACEMENT_3D('',#6306,#5052,#5053);
#4517=AXIS2_PLACEMENT_3D('',#6308,#5055,#5056);
#4518=AXIS2_PLACEMENT_3D('',#6310,#5058,#5059);
#4519=AXIS2_PLACEMENT_3D('',#6311,#5060,#5061);
#4520=AXIS2_PLACEMENT_3D('',#6336,#5075,#5076);
#4521=AXIS2_PLACEMENT_3D('',#6362,#5090,#5091);
#4522=AXIS2_PLACEMENT_3D('',#6367,#5095,#5096);
#4523=AXIS2_PLACEMENT_3D('',#6373,#5100,#5101);
#4524=AXIS2_PLACEMENT_3D('',#6426,#5130,#5131);
#4525=AXIS2_PLACEMENT_3D('',#6428,#5133,#5134);
#4526=AXIS2_PLACEMENT_3D('',#6434,#5138,#5139);
#4527=AXIS2_PLACEMENT_3D('',#6440,#5143,#5144);
#4528=AXIS2_PLACEMENT_3D('',#6444,#5147,#5148);
#4529=AXIS2_PLACEMENT_3D('',#6446,#5150,#5151);
#4530=AXIS2_PLACEMENT_3D('',#6452,#5155,#5156);
#4531=AXIS2_PLACEMENT_3D('',#6456,#5159,#5160);
#4532=AXIS2_PLACEMENT_3D('',#6458,#5162,#5163);
#4533=AXIS2_PLACEMENT_3D('',#6461,#5166,#5167);
#4534=AXIS2_PLACEMENT_3D('',#6463,#5169,#5170);
#4535=AXIS2_PLACEMENT_3D('',#6469,#5174,#5175);
#4536=AXIS2_PLACEMENT_3D('',#6473,#5178,#5179);
#4537=AXIS2_PLACEMENT_3D('',#6481,#5184,#5185);
#4538=AXIS2_PLACEMENT_3D('',#6484,#5188,#5189);
#4539=AXIS2_PLACEMENT_3D('',#6486,#5191,#5192);
#4540=AXIS2_PLACEMENT_3D('',#6493,#5196,#5197);
#4541=AXIS2_PLACEMENT_3D('',#6497,#5200,#5201);
#4542=AXIS2_PLACEMENT_3D('',#6503,#5205,#5206);
#4543=AXIS2_PLACEMENT_3D('',#6505,#5208,#5209);
#4544=AXIS2_PLACEMENT_3D('',#6509,#5212,#5213);
#4545=AXIS2_PLACEMENT_3D('',#6513,#5216,#5217);
#4546=AXIS2_PLACEMENT_3D('',#6517,#5220,#5221);
#4547=AXIS2_PLACEMENT_3D('',#6519,#5223,#5224);
#4548=AXIS2_PLACEMENT_3D('',#6523,#5227,#5228);
#4549=AXIS2_PLACEMENT_3D('',#6527,#5231,#5232);
#4550=AXIS2_PLACEMENT_3D('',#6531,#5235,#5236);
#4551=AXIS2_PLACEMENT_3D('',#6533,#5238,#5239);
#4552=AXIS2_PLACEMENT_3D('',#6540,#5243,#5244);
#4553=AXIS2_PLACEMENT_3D('',#6544,#5247,#5248);
#4554=AXIS2_PLACEMENT_3D('',#6548,#5251,#5252);
#4555=AXIS2_PLACEMENT_3D('',#6551,#5255,#5256);
#4556=AXIS2_PLACEMENT_3D('',#6553,#5258,#5259);
#4557=AXIS2_PLACEMENT_3D('',#6559,#5263,#5264);
#4558=AXIS2_PLACEMENT_3D('',#6561,#5266,#5267);
#4559=AXIS2_PLACEMENT_3D('',#6567,#5271,#5272);
#4560=AXIS2_PLACEMENT_3D('',#6571,#5275,#5276);
#4561=AXIS2_PLACEMENT_3D('',#6575,#5279,#5280);
#4562=AXIS2_PLACEMENT_3D('',#6578,#5283,#5284);
#4563=AXIS2_PLACEMENT_3D('',#6581,#5287,#5288);
#4564=AXIS2_PLACEMENT_3D('',#6583,#5290,#5291);
#4565=AXIS2_PLACEMENT_3D('',#6585,#5293,#5294);
#4566=AXIS2_PLACEMENT_3D('',#6589,#5297,#5298);
#4567=AXIS2_PLACEMENT_3D('',#6595,#5303,#5304);
#4568=AXIS2_PLACEMENT_3D('',#6597,#5306,#5307);
#4569=AXIS2_PLACEMENT_3D('',#6599,#5309,#5310);
#4570=AXIS2_PLACEMENT_3D('',#6601,#5312,#5313);
#4571=AXIS2_PLACEMENT_3D('',#6603,#5315,#5316);
#4572=AXIS2_PLACEMENT_3D('',#6605,#5318,#5319);
#4573=AXIS2_PLACEMENT_3D('',#6606,#5320,#5321);
#4574=AXIS2_PLACEMENT_3D('',#6610,#5324,#5325);
#4575=AXIS2_PLACEMENT_3D('',#6612,#5327,#5328);
#4576=AXIS2_PLACEMENT_3D('',#6614,#5330,#5331);
#4577=AXIS2_PLACEMENT_3D('',#6616,#5333,#5334);
#4578=AXIS2_PLACEMENT_3D('',#6618,#5336,#5337);
#4579=AXIS2_PLACEMENT_3D('',#6620,#5339,#5340);
#4580=AXIS2_PLACEMENT_3D('',#6622,#5342,#5343);
#4581=AXIS2_PLACEMENT_3D('',#6624,#5345,#5346);
#4582=AXIS2_PLACEMENT_3D('',#6626,#5348,#5349);
#4583=AXIS2_PLACEMENT_3D('',#6628,#5351,#5352);
#4584=AXIS2_PLACEMENT_3D('',#6630,#5354,#5355);
#4585=AXIS2_PLACEMENT_3D('',#6632,#5357,#5358);
#4586=AXIS2_PLACEMENT_3D('',#6634,#5360,#5361);
#4587=AXIS2_PLACEMENT_3D('',#6636,#5363,#5364);
#4588=AXIS2_PLACEMENT_3D('',#6638,#5366,#5367);
#4589=AXIS2_PLACEMENT_3D('',#6640,#5369,#5370);
#4590=AXIS2_PLACEMENT_3D('',#6642,#5372,#5373);
#4591=AXIS2_PLACEMENT_3D('',#6643,#5374,#5375);
#4592=AXIS2_PLACEMENT_3D('',#6645,#5377,#5378);
#4593=AXIS2_PLACEMENT_3D('',#6647,#5380,#5381);
#4594=AXIS2_PLACEMENT_3D('',#6648,#5382,#5383);
#4595=AXIS2_PLACEMENT_3D('',#6655,#5387,#5388);
#4596=AXIS2_PLACEMENT_3D('',#6659,#5391,#5392);
#4597=AXIS2_PLACEMENT_3D('',#6665,#5396,#5397);
#4598=AXIS2_PLACEMENT_3D('',#6672,#5401,#5402);
#4599=AXIS2_PLACEMENT_3D('',#6676,#5405,#5406);
#4600=AXIS2_PLACEMENT_3D('',#6682,#5410,#5411);
#4601=AXIS2_PLACEMENT_3D('',#6688,#5415,#5416);
#4602=AXIS2_PLACEMENT_3D('',#6690,#5418,#5419);
#4603=AXIS2_PLACEMENT_3D('',#6696,#5423,#5424);
#4604=AXIS2_PLACEMENT_3D('',#6702,#5428,#5429);
#4605=AXIS2_PLACEMENT_3D('',#6704,#5431,#5432);
#4606=AXIS2_PLACEMENT_3D('',#6710,#5436,#5437);
#4607=AXIS2_PLACEMENT_3D('',#6716,#5441,#5442);
#4608=AXIS2_PLACEMENT_3D('',#6718,#5444,#5445);
#4609=AXIS2_PLACEMENT_3D('',#6724,#5449,#5450);
#4610=AXIS2_PLACEMENT_3D('',#6726,#5452,#5453);
#4611=AXIS2_PLACEMENT_3D('',#6730,#5456,#5457);
#4612=AXIS2_PLACEMENT_3D('',#6733,#5460,#5461);
#4613=AXIS2_PLACEMENT_3D('',#6735,#5463,#5464);
#4614=AXIS2_PLACEMENT_3D('',#6737,#5466,#5467);
#4615=AXIS2_PLACEMENT_3D('',#6741,#5470,#5471);
#4616=AXIS2_PLACEMENT_3D('',#6743,#5473,#5474);
#4617=AXIS2_PLACEMENT_3D('',#6746,#5477,#5478);
#4618=AXIS2_PLACEMENT_3D('',#6748,#5480,#5481);
#4619=AXIS2_PLACEMENT_3D('',#6750,#5483,#5484);
#4620=AXIS2_PLACEMENT_3D('',#6752,#5486,#5487);
#4621=AXIS2_PLACEMENT_3D('',#6754,#5489,#5490);
#4622=AXIS2_PLACEMENT_3D('',#6756,#5492,#5493);
#4623=AXIS2_PLACEMENT_3D('',#6758,#5495,#5496);
#4624=AXIS2_PLACEMENT_3D('',#6760,#5498,#5499);
#4625=AXIS2_PLACEMENT_3D('',#6762,#5501,#5502);
#4626=AXIS2_PLACEMENT_3D('',#6764,#5504,#5505);
#4627=AXIS2_PLACEMENT_3D('',#6766,#5507,#5508);
#4628=AXIS2_PLACEMENT_3D('',#6769,#5511,#5512);
#4629=AXIS2_PLACEMENT_3D('',#6771,#5514,#5515);
#4630=AXIS2_PLACEMENT_3D('',#6773,#5517,#5518);
#4631=AXIS2_PLACEMENT_3D('',#6775,#5520,#5521);
#4632=AXIS2_PLACEMENT_3D('',#6777,#5523,#5524);
#4633=AXIS2_PLACEMENT_3D('',#6779,#5526,#5527);
#4634=AXIS2_PLACEMENT_3D('',#6781,#5529,#5530);
#4635=AXIS2_PLACEMENT_3D('',#6783,#5532,#5533);
#4636=AXIS2_PLACEMENT_3D('',#6785,#5535,#5536);
#4637=AXIS2_PLACEMENT_3D('',#6787,#5538,#5539);
#4638=AXIS2_PLACEMENT_3D('',#6789,#5541,#5542);
#4639=AXIS2_PLACEMENT_3D('',#6791,#5544,#5545);
#4640=AXIS2_PLACEMENT_3D('',#6794,#5548,#5549);
#4641=AXIS2_PLACEMENT_3D('',#6795,#5550,#5551);
#4642=AXIS2_PLACEMENT_3D('',#6797,#5553,#5554);
#4643=AXIS2_PLACEMENT_3D('',#6799,#5556,#5557);
#4644=AXIS2_PLACEMENT_3D('',#6801,#5559,#5560);
#4645=AXIS2_PLACEMENT_3D('',#6803,#5562,#5563);
#4646=AXIS2_PLACEMENT_3D('',#6805,#5565,#5566);
#4647=AXIS2_PLACEMENT_3D('',#6807,#5568,#5569);
#4648=AXIS2_PLACEMENT_3D('',#6808,#5570,#5571);
#4649=AXIS2_PLACEMENT_3D('',#6810,#5573,#5574);
#4650=AXIS2_PLACEMENT_3D('',#6812,#5576,#5577);
#4651=AXIS2_PLACEMENT_3D('',#6813,#5578,#5579);
#4652=AXIS2_PLACEMENT_3D('',#6816,#5582,#5583);
#4653=AXIS2_PLACEMENT_3D('',#6817,#5584,#5585);
#4654=AXIS2_PLACEMENT_3D('',#6819,#5587,#5588);
#4655=AXIS2_PLACEMENT_3D('',#6820,#5589,#5590);
#4656=AXIS2_PLACEMENT_3D('',#6828,#5595,#5596);
#4657=AXIS2_PLACEMENT_3D('',#6832,#5599,#5600);
#4658=AXIS2_PLACEMENT_3D('',#6836,#5603,#5604);
#4659=AXIS2_PLACEMENT_3D('',#6840,#5607,#5608);
#4660=AXIS2_PLACEMENT_3D('',#6844,#5611,#5612);
#4661=AXIS2_PLACEMENT_3D('',#6851,#5616,#5617);
#4662=AXIS2_PLACEMENT_3D('',#6855,#5620,#5621);
#4663=AXIS2_PLACEMENT_3D('',#6859,#5624,#5625);
#4664=AXIS2_PLACEMENT_3D('',#6867,#5630,#5631);
#4665=AXIS2_PLACEMENT_3D('',#6871,#5634,#5635);
#4666=AXIS2_PLACEMENT_3D('',#6875,#5638,#5639);
#4667=AXIS2_PLACEMENT_3D('',#6881,#5643,#5644);
#4668=AXIS2_PLACEMENT_3D('',#6884,#5647,#5648);
#4669=AXIS2_PLACEMENT_3D('',#6886,#5650,#5651);
#4670=AXIS2_PLACEMENT_3D('',#6888,#5653,#5654);
#4671=AXIS2_PLACEMENT_3D('',#6890,#5656,#5657);
#4672=AXIS2_PLACEMENT_3D('',#6892,#5659,#5660);
#4673=AXIS2_PLACEMENT_3D('',#6896,#5663,#5664);
#4674=AXIS2_PLACEMENT_3D('',#6898,#5666,#5667);
#4675=AXIS2_PLACEMENT_3D('',#6902,#5670,#5671);
#4676=AXIS2_PLACEMENT_3D('',#6908,#5675,#5676);
#4677=AXIS2_PLACEMENT_3D('',#6910,#5678,#5679);
#4678=AXIS2_PLACEMENT_3D('',#6912,#5681,#5682);
#4679=AXIS2_PLACEMENT_3D('',#6918,#5686,#5687);
#4680=AXIS2_PLACEMENT_3D('',#6920,#5689,#5690);
#4681=AXIS2_PLACEMENT_3D('',#6924,#5693,#5694);
#4682=AXIS2_PLACEMENT_3D('',#6926,#5696,#5697);
#4683=AXIS2_PLACEMENT_3D('',#6928,#5699,#5700);
#4684=AXIS2_PLACEMENT_3D('',#6930,#5702,#5703);
#4685=AXIS2_PLACEMENT_3D('',#6934,#5706,#5707);
#4686=AXIS2_PLACEMENT_3D('',#6936,#5709,#5710);
#4687=AXIS2_PLACEMENT_3D('',#6938,#5712,#5713);
#4688=AXIS2_PLACEMENT_3D('',#6940,#5715,#5716);
#4689=AXIS2_PLACEMENT_3D('',#6942,#5718,#5719);
#4690=AXIS2_PLACEMENT_3D('',#6945,#5722,#5723);
#4691=AXIS2_PLACEMENT_3D('',#6947,#5725,#5726);
#4692=AXIS2_PLACEMENT_3D('',#6949,#5728,#5729);
#4693=AXIS2_PLACEMENT_3D('',#6951,#5731,#5732);
#4694=AXIS2_PLACEMENT_3D('',#6953,#5734,#5735);
#4695=AXIS2_PLACEMENT_3D('',#6955,#5737,#5738);
#4696=AXIS2_PLACEMENT_3D('',#6957,#5740,#5741);
#4697=AXIS2_PLACEMENT_3D('',#6959,#5743,#5744);
#4698=AXIS2_PLACEMENT_3D('',#6961,#5746,#5747);
#4699=AXIS2_PLACEMENT_3D('',#6963,#5749,#5750);
#4700=AXIS2_PLACEMENT_3D('',#6965,#5752,#5753);
#4701=AXIS2_PLACEMENT_3D('',#6967,#5755,#5756);
#4702=AXIS2_PLACEMENT_3D('',#6969,#5758,#5759);
#4703=AXIS2_PLACEMENT_3D('',#6971,#5761,#5762);
#4704=AXIS2_PLACEMENT_3D('',#6973,#5764,#5765);
#4705=AXIS2_PLACEMENT_3D('',#6974,#5766,#5767);
#4706=AXIS2_PLACEMENT_3D('',#6976,#5769,#5770);
#4707=AXIS2_PLACEMENT_3D('',#6978,#5772,#5773);
#4708=AXIS2_PLACEMENT_3D('',#6979,#5774,#5775);
#4709=AXIS2_PLACEMENT_3D('',#6986,#5779,#5780);
#4710=AXIS2_PLACEMENT_3D('',#6990,#5783,#5784);
#4711=AXIS2_PLACEMENT_3D('',#6994,#5787,#5788);
#4712=AXIS2_PLACEMENT_3D('',#6998,#5791,#5792);
#4713=AXIS2_PLACEMENT_3D('',#7005,#5797,#5798);
#4714=AXIS2_PLACEMENT_3D('',#7009,#5801,#5802);
#4715=AXIS2_PLACEMENT_3D('',#7013,#5805,#5806);
#4716=AXIS2_PLACEMENT_3D('',#7017,#5809,#5810);
#4717=AXIS2_PLACEMENT_3D('',#7019,#5812,#5813);
#4718=AXIS2_PLACEMENT_3D('',#7023,#5816,#5817);
#4719=AXIS2_PLACEMENT_3D('',#7027,#5820,#5821);
#4720=AXIS2_PLACEMENT_3D('',#7031,#5824,#5825);
#4721=AXIS2_PLACEMENT_3D('',#7033,#5827,#5828);
#4722=AXIS2_PLACEMENT_3D('',#7037,#5831,#5832);
#4723=AXIS2_PLACEMENT_3D('',#7041,#5835,#5836);
#4724=AXIS2_PLACEMENT_3D('',#7045,#5839,#5840);
#4725=AXIS2_PLACEMENT_3D('',#7047,#5842,#5843);
#4726=AXIS2_PLACEMENT_3D('',#7051,#5846,#5847);
#4727=AXIS2_PLACEMENT_3D('',#7053,#5849,#5850);
#4728=AXIS2_PLACEMENT_3D('',#7055,#5852,#5853);
#4729=AXIS2_PLACEMENT_3D('',#7059,#5856,#5857);
#4730=AXIS2_PLACEMENT_3D('',#7062,#5860,#5861);
#4731=AXIS2_PLACEMENT_3D('',#7063,#5862,#5863);
#4732=AXIS2_PLACEMENT_3D('',#7065,#5865,#5866);
#4733=AXIS2_PLACEMENT_3D('',#7069,#5869,#5870);
#4734=AXIS2_PLACEMENT_3D('',#7071,#5872,#5873);
#4735=AXIS2_PLACEMENT_3D('',#7075,#5876,#5877);
#4736=AXIS2_PLACEMENT_3D('',#7077,#5879,#5880);
#4737=AXIS2_PLACEMENT_3D('',#7081,#5883,#5884);
#4738=AXIS2_PLACEMENT_3D('',#7083,#5886,#5887);
#4739=AXIS2_PLACEMENT_3D('',#7085,#5889,#5890);
#4740=AXIS2_PLACEMENT_3D('',#7089,#5893,#5894);
#4741=AXIS2_PLACEMENT_3D('',#7091,#5896,#5897);
#4742=AXIS2_PLACEMENT_3D('',#7095,#5900,#5901);
#4743=AXIS2_PLACEMENT_3D('',#7099,#5904,#5905);
#4744=AXIS2_PLACEMENT_3D('',#7101,#5907,#5908);
#4745=AXIS2_PLACEMENT_3D('',#7104,#5911,#5912);
#4746=AXIS2_PLACEMENT_3D('',#7106,#5914,#5915);
#4747=AXIS2_PLACEMENT_3D('',#7108,#5917,#5918);
#4748=AXIS2_PLACEMENT_3D('',#7110,#5920,#5921);
#4749=AXIS2_PLACEMENT_3D('',#7112,#5923,#5924);
#4750=AXIS2_PLACEMENT_3D('',#7114,#5926,#5927);
#4751=AXIS2_PLACEMENT_3D('',#7116,#5929,#5930);
#4752=AXIS2_PLACEMENT_3D('',#7118,#5932,#5933);
#4753=AXIS2_PLACEMENT_3D('',#7120,#5935,#5936);
#4754=AXIS2_PLACEMENT_3D('',#7122,#5938,#5939);
#4755=AXIS2_PLACEMENT_3D('',#7124,#5941,#5942);
#4756=AXIS2_PLACEMENT_3D('',#7126,#5944,#5945);
#4757=AXIS2_PLACEMENT_3D('',#7128,#5947,#5948);
#4758=AXIS2_PLACEMENT_3D('',#7130,#5950,#5951);
#4759=AXIS2_PLACEMENT_3D('',#7132,#5953,#5954);
#4760=AXIS2_PLACEMENT_3D('',#7134,#5956,#5957);
#4761=AXIS2_PLACEMENT_3D('',#7135,#5958,#5959);
#4762=AXIS2_PLACEMENT_3D('',#7136,#5960,#5961);
#4763=AXIS2_PLACEMENT_3D('',#7139,#5964,#5965);
#4764=AXIS2_PLACEMENT_3D('',#7141,#5967,#5968);
#4765=AXIS2_PLACEMENT_3D('',#7143,#5970,#5971);
#4766=DIRECTION('axis',(0.,0.,1.));
#4767=DIRECTION('refdir',(1.,0.,0.));
#4768=DIRECTION('center_axis',(1.,0.,0.));
#4769=DIRECTION('ref_axis',(0.,-1.,0.));
#4770=DIRECTION('center_axis',(1.,0.,0.));
#4771=DIRECTION('ref_axis',(0.,-1.,0.));
#4772=DIRECTION('',(1.,0.,0.));
#4773=DIRECTION('center_axis',(-1.,0.,0.));
#4774=DIRECTION('ref_axis',(0.,-1.,0.));
#4775=DIRECTION('center_axis',(1.,0.,0.));
#4776=DIRECTION('ref_axis',(0.,-1.,0.));
#4777=DIRECTION('center_axis',(1.,0.,0.));
#4778=DIRECTION('ref_axis',(0.,-1.,0.));
#4779=DIRECTION('',(1.,0.,0.));
#4780=DIRECTION('center_axis',(-1.,0.,0.));
#4781=DIRECTION('ref_axis',(0.,-1.,0.));
#4782=DIRECTION('center_axis',(0.,0.,-1.));
#4783=DIRECTION('ref_axis',(-1.,0.,0.));
#4784=DIRECTION('center_axis',(0.,0.,-1.));
#4785=DIRECTION('ref_axis',(-1.,0.,0.));
#4786=DIRECTION('',(0.,0.,-1.));
#4787=DIRECTION('center_axis',(0.,0.,1.));
#4788=DIRECTION('ref_axis',(-1.,0.,0.));
#4789=DIRECTION('center_axis',(0.,0.,1.));
#4790=DIRECTION('ref_axis',(-1.,0.,0.));
#4791=DIRECTION('center_axis',(0.,0.,1.));
#4792=DIRECTION('ref_axis',(-1.,0.,0.));
#4793=DIRECTION('center_axis',(0.,0.,1.));
#4794=DIRECTION('ref_axis',(-1.,0.,0.));
#4795=DIRECTION('center_axis',(0.,0.,1.));
#4796=DIRECTION('ref_axis',(-1.,0.,0.));
#4797=DIRECTION('center_axis',(0.,0.,1.));
#4798=DIRECTION('ref_axis',(-1.,0.,0.));
#4799=DIRECTION('center_axis',(0.,0.,1.));
#4800=DIRECTION('ref_axis',(-1.,0.,0.));
#4801=DIRECTION('center_axis',(0.,0.,1.));
#4802=DIRECTION('ref_axis',(-1.,0.,0.));
#4803=DIRECTION('center_axis',(0.,0.,1.));
#4804=DIRECTION('ref_axis',(-1.,0.,0.));
#4805=DIRECTION('center_axis',(0.,0.,1.));
#4806=DIRECTION('ref_axis',(-1.,0.,0.));
#4807=DIRECTION('center_axis',(0.,0.,-1.));
#4808=DIRECTION('ref_axis',(-1.,0.,0.));
#4809=DIRECTION('center_axis',(0.,0.,-1.));
#4810=DIRECTION('ref_axis',(-1.,0.,0.));
#4811=DIRECTION('',(0.,0.,-1.));
#4812=DIRECTION('center_axis',(0.,0.,1.));
#4813=DIRECTION('ref_axis',(-1.,0.,0.));
#4814=DIRECTION('center_axis',(0.,0.,-1.));
#4815=DIRECTION('ref_axis',(-1.,0.,0.));
#4816=DIRECTION('',(-0.951781611129032,0.306776408344292,0.));
#4817=DIRECTION('',(1.,0.,0.));
#4818=DIRECTION('',(0.903939275937617,0.427660829884356,0.));
#4819=DIRECTION('center_axis',(0.,0.,-1.));
#4820=DIRECTION('ref_axis',(-1.,0.,0.));
#4821=DIRECTION('',(-0.94670995992058,0.322087335651641,0.));
#4822=DIRECTION('center_axis',(0.,0.,-1.));
#4823=DIRECTION('ref_axis',(-1.,0.,0.));
#4824=DIRECTION('',(-0.939737149160265,0.341897777834455,0.));
#4825=DIRECTION('center_axis',(0.,0.,-1.));
#4826=DIRECTION('ref_axis',(-1.,0.,0.));
#4827=DIRECTION('',(0.840291339061151,0.542135098936435,0.));
#4828=DIRECTION('',(0.,-1.,0.));
#4829=DIRECTION('',(1.,0.,0.));
#4830=DIRECTION('',(8.13484698797684E-5,0.999999996691213,0.));
#4831=DIRECTION('',(0.,1.,0.));
#4832=DIRECTION('center_axis',(0.618119157342252,0.0113164568976641,0.786002954911613));
#4833=DIRECTION('ref_axis',(0.786053288378541,0.,-0.618158739992635));
#4834=DIRECTION('',(0.786053288378541,0.,-0.618158739992635));
#4835=DIRECTION('',(-0.00784750901386076,0.999935379271853,-0.00822519803608499));
#4836=DIRECTION('',(-0.786053288378541,0.,0.618158739992635));
#4837=DIRECTION('',(-0.00614150443807298,0.999935376908831,-0.00956681396446978));
#4838=DIRECTION('center_axis',(0.,1.,0.));
#4839=DIRECTION('ref_axis',(0.,0.,1.));
#4840=DIRECTION('',(1.,0.,0.));
#4841=DIRECTION('',(0.,0.,-1.));
#4842=DIRECTION('',(-1.,0.,0.));
#4843=DIRECTION('',(0.,0.,1.));
#4844=DIRECTION('',(1.,0.,0.));
#4845=DIRECTION('',(0.,0.,1.));
#4846=DIRECTION('',(-1.,0.,0.));
#4847=DIRECTION('',(0.,0.,-1.));
#4848=DIRECTION('',(0.654860446371967,0.,-0.755749823537861));
#4849=DIRECTION('',(0.888835690599834,0.,-0.458226052419453));
#4850=DIRECTION('',(0.959492331610034,0.,-0.281734743298624));
#4851=DIRECTION('',(0.995471983493918,0.,-0.0950554053101879));
#4852=DIRECTION('',(0.995472006156665,0.,0.0950551679732653));
#4853=DIRECTION('',(0.959492032979274,0.,0.281735760331022));
#4854=DIRECTION('',(0.8888362172453,0.,0.458225030867002));
#4855=DIRECTION('',(0.786053288378541,0.,0.618158739992635));
#4856=DIRECTION('',(0.654860446371967,0.,0.755749823537861));
#4857=DIRECTION('',(0.500000143727696,0.,0.866025320803198));
#4858=DIRECTION('',(0.327068007150638,0.,0.945000803543844));
#4859=DIRECTION('',(0.142314615071108,0.,0.989821473972535));
#4860=DIRECTION('',(-0.04758040284923,0.,0.998867411253718));
#4861=DIRECTION('',(-0.235759963687043,0.,0.971811318889775));
#4862=DIRECTION('',(-0.415415934529285,0.,0.909631574506492));
#4863=DIRECTION('',(-0.580056021227337,0.,0.814576584636406));
#4864=DIRECTION('',(-0.723733990855069,0.,0.690079061036483));
#4865=DIRECTION('',(-0.841254378199154,0.,0.540639502035094));
#4866=DIRECTION('',(-0.928367501295293,0.,0.371663534044885));
#4867=DIRECTION('',(-0.981928801588972,0.,0.189250703063545));
#4868=DIRECTION('',(-1.,0.,0.));
#4869=DIRECTION('',(-0.981928846505398,0.,-0.189250470014156));
#4870=DIRECTION('',(-0.928367501295293,0.,-0.371663534044885));
#4871=DIRECTION('',(-0.841253645076448,0.,-0.540640642798513));
#4872=DIRECTION('',(-0.723734588066366,0.,-0.690078434698844));
#4873=DIRECTION('',(-0.580056021227336,0.,-0.814576584636406));
#4874=DIRECTION('',(-0.415415934529285,0.,-0.909631574506492));
#4875=DIRECTION('',(-0.235758779296894,0.,-0.971811606220279));
#4876=DIRECTION('',(-0.0475816541059927,0.,-0.998867351650127));
#4877=DIRECTION('',(0.142314615071108,0.,-0.989821473972535));
#4878=DIRECTION('',(0.327068007150638,0.,-0.945000803543844));
#4879=DIRECTION('',(0.500000143727696,0.,-0.866025320803199));
#4880=DIRECTION('center_axis',(0.755701424851414,0.0113171169754299,0.654818508703677));
#4881=DIRECTION('ref_axis',(0.654860446371967,0.,-0.755749823537861));
#4882=DIRECTION('',(-0.00925858404156217,0.999935378803541,-0.00659672938388215));
#4883=DIRECTION('',(-0.654860446371967,0.,0.755749823537861));
#4884=DIRECTION('center_axis',(0.865969865655865,0.0113165404992383,0.499968126671184));
#4885=DIRECTION('ref_axis',(0.500000143727696,0.,-0.866025320803199));
#4886=DIRECTION('',(-0.010342776310786,0.999935377609618,-0.00471885398112985));
#4887=DIRECTION('',(-0.500000143727696,0.,0.866025320803199));
#4888=DIRECTION('center_axis',(0.944940282886329,0.0113173246501257,0.327047060744274));
#4889=DIRECTION('ref_axis',(0.327068007150638,0.,-0.945000803543844));
#4890=DIRECTION('',(-0.0110472770294268,0.999935376608751,-0.00268333310478203));
#4891=DIRECTION('',(-0.327068007150638,0.,0.945000803543844));
#4892=DIRECTION('center_axis',(0.989758089682417,0.0113167161973905,0.142305501800597));
#4893=DIRECTION('ref_axis',(0.142314615071108,0.,-0.989821473972535));
#4894=DIRECTION('',(-0.0113557618580229,0.999935376649634,-0.000537770562776381));
#4895=DIRECTION('',(-0.142314615071108,0.,0.989821473972535));
#4896=DIRECTION('center_axis',(0.998803381290374,0.0113173183297733,-0.0475786068389799));
#4897=DIRECTION('ref_axis',(-0.0475816541059927,0.,-0.998867351650127));
#4898=DIRECTION('',(-0.0112531331284999,0.999935374577226,0.0016166829914851));
#4899=DIRECTION('',(0.0475816541059927,0.,0.998867351650127));
#4900=DIRECTION('center_axis',(0.971749371218889,0.0113170792127332,-0.235743681259514));
#4901=DIRECTION('ref_axis',(-0.235758779296894,0.,-0.971811606220279));
#4902=DIRECTION('',(-0.0107418085478974,0.999935369134982,0.00372439283738322));
#4903=DIRECTION('',(0.235758779296894,0.,0.971811606220279));
#4904=DIRECTION('center_axis',(0.909573309298454,0.011318266887239,-0.415389325629016));
#4905=DIRECTION('ref_axis',(-0.415415934529285,0.,-0.909631574506492));
#4906=DIRECTION('',(-0.00984696875324097,0.999935363647626,0.00568381326778955));
#4907=DIRECTION('',(0.415415934529285,0.,0.909631574506492));
#4908=DIRECTION('center_axis',(0.814524410074125,0.0113180469093875,-0.580018867975479));
#4909=DIRECTION('ref_axis',(-0.580056021227336,0.,-0.814576584636406));
#4910=DIRECTION('',(-0.00859680044063291,0.999935372839259,0.00743943324426734));
#4911=DIRECTION('',(0.580056021227336,0.,0.814576584636406));
#4912=DIRECTION('center_axis',(0.690034245308031,0.0113166484441021,-0.723688243493128));
#4913=DIRECTION('ref_axis',(-0.723734588066366,0.,-0.690078434698844));
#4914=DIRECTION('',(-0.00702242178175146,0.999935373562652,0.00894059787926673));
#4915=DIRECTION('',(0.723734588066366,0.,0.690078434698844));
#4916=DIRECTION('center_axis',(0.540606014900653,0.0113179237085089,-0.841199762991029));
#4917=DIRECTION('ref_axis',(-0.841253645076448,0.,-0.540640642798513));
#4918=DIRECTION('',(-0.00521074201165252,0.999935367562297,0.0101048931584229));
#4919=DIRECTION('',(0.841253645076448,0.,0.540640642798513));
#4920=DIRECTION('center_axis',(0.371639730013524,0.011317703826669,-0.928308041899653));
#4921=DIRECTION('ref_axis',(-0.928367501295293,0.,-0.371663534044885));
#4922=DIRECTION('',(-0.00320082146638793,0.99993536617808,0.0109095466564105));
#4923=DIRECTION('',(0.928367501295293,0.,0.371663534044885));
#4924=DIRECTION('center_axis',(0.189238348058238,0.0113181621116754,-0.981865951558869));
#4925=DIRECTION('ref_axis',(-0.981928846505398,0.,-0.189250470014156));
#4926=DIRECTION('',(-0.00109087596514151,0.999935374673597,0.011316203692097));
#4927=DIRECTION('',(0.981928846505398,0.,0.189250470014156));
#4928=DIRECTION('center_axis',(0.,0.0113162104253029,-0.999935969640862));
#4929=DIRECTION('ref_axis',(-1.,0.,0.));
#4930=DIRECTION('',(0.00108076384017401,0.999935385652847,0.0113162038163485));
#4931=DIRECTION('',(1.,0.,0.));
#4932=DIRECTION('center_axis',(-0.189238585191787,0.0113162483726388,-0.98186592791347));
#4933=DIRECTION('ref_axis',(-0.981928801588972,0.,0.189250703063545));
#4934=DIRECTION('',(0.00320582596209082,0.999935381932303,0.0109066328351521));
#4935=DIRECTION('',(0.981928801588972,0.,-0.189250703063545));
#4936=DIRECTION('center_axis',(-0.37163973356876,0.0113168586477326,-0.928308050780175));
#4937=DIRECTION('ref_axis',(-0.928367501295293,0.,0.371663534044885));
#4938=DIRECTION('',(0.00521216618562851,0.999935375100692,0.0101034125864324));
#4939=DIRECTION('',(0.928367501295293,0.,-0.371663534044885));
#4940=DIRECTION('center_axis',(-0.54060487711161,0.0113174495745927,-0.841200500581322));
#4941=DIRECTION('ref_axis',(-0.841254378199154,0.,0.540639502035094));
#4942=DIRECTION('',(0.00702242762681691,0.999935378578868,0.00894003224617678));
#4943=DIRECTION('',(0.841254378199154,0.,-0.540639502035094));
#4944=DIRECTION('center_axis',(-0.690034874778507,0.0113162421637731,-0.723687649647761));
#4945=DIRECTION('ref_axis',(-0.723733990855069,0.,0.690079061036483));
#4946=DIRECTION('',(0.00858966063254304,0.999935387713337,0.00744567853154111));
#4947=DIRECTION('',(0.723733990855069,0.,-0.690079061036483));
#4948=DIRECTION('center_axis',(-0.814524430293416,0.0113158537166972,-0.580018882373538));
#4949=DIRECTION('ref_axis',(-0.580056021227337,0.,0.814576584636406));
#4950=DIRECTION('',(0.00985256226178967,0.999935374624279,0.00567217699658565));
#4951=DIRECTION('',(0.580056021227337,0.,-0.814576584636406));
#4952=DIRECTION('center_axis',(-0.909573306683388,0.0113185208701099,-0.415389324434752));
#4953=DIRECTION('ref_axis',(-0.415415934529285,0.,0.909631574506492));
#4954=DIRECTION('',(0.0107426609315394,0.999935364651903,0.00372313773253386));
#4955=DIRECTION('',(0.415415934529285,0.,-0.909631574506492));
#4956=DIRECTION('center_axis',(-0.971749078035944,0.0113176129726966,-0.235744864149557));
#4957=DIRECTION('ref_axis',(-0.235759963687043,0.,0.971811318889775));
#4958=DIRECTION('',(0.0112517715339165,0.999935377124025,0.00162456553623864));
#4959=DIRECTION('',(0.235759963687043,0.,-0.971811318889775));
#4960=DIRECTION('center_axis',(-0.998803452039475,0.0113163320767368,-0.0475773561934423));
#4961=DIRECTION('ref_axis',(-0.04758040284923,0.,0.998867411253718));
#4962=DIRECTION('',(0.0113549647377466,0.99993538352993,-0.000541793924806602));
#4963=DIRECTION('',(0.04758040284923,0.,-0.998867411253718));
#4964=DIRECTION('center_axis',(-0.989758092107387,0.0113164997235755,0.142305502149254));
#4965=DIRECTION('ref_axis',(0.142314615071108,0.,0.989821473972535));
#4966=DIRECTION('',(0.0110475856188751,0.999935383033283,-0.00267966603820178));
#4967=DIRECTION('',(-0.142314615071108,0.,-0.989821473972535));
#4968=DIRECTION('center_axis',(-0.944940292594517,0.0113164169302729,0.327047064104311));
#4969=DIRECTION('ref_axis',(0.327068007150638,0.,0.945000803543844));
#4970=DIRECTION('',(0.0103408094481612,0.999935384226986,-0.00472176140723021));
#4971=DIRECTION('',(-0.327068007150638,0.,-0.945000803543844));
#4972=DIRECTION('center_axis',(-0.865969868102985,0.0113162908168133,0.49996812808403));
#4973=DIRECTION('ref_axis',(0.500000143727696,0.,0.866025320803198));
#4974=DIRECTION('',(0.0092567837698357,0.999935378191441,-0.00659934810256049));
#4975=DIRECTION('',(-0.500000143727696,0.,-0.866025320803198));
#4976=DIRECTION('center_axis',(-0.75570142182086,0.0113174712774206,0.654818506077688));
#4977=DIRECTION('ref_axis',(0.654860446371967,0.,0.755749823537861));
#4978=DIRECTION('',(0.00784836137088997,0.999935376222973,-0.00822475541351892));
#4979=DIRECTION('',(-0.654860446371967,0.,-0.755749823537861));
#4980=DIRECTION('center_axis',(-0.618119156090141,0.0113166358763743,0.786002953319422));
#4981=DIRECTION('ref_axis',(0.786053288378541,0.,0.618158739992635));
#4982=DIRECTION('',(0.00614134822818762,0.999935374514491,-0.009567164496604));
#4983=DIRECTION('',(-0.786053288378541,0.,-0.618158739992635));
#4984=DIRECTION('center_axis',(-0.458195682474381,0.0113177683187198,0.88877928907132));
#4985=DIRECTION('ref_axis',(0.8888362172453,0.,0.458225030867002));
#4986=DIRECTION('',(0.00422168352505004,0.999935363420835,-0.0105568162178314));
#4987=DIRECTION('',(-0.8888362172453,0.,-0.458225030867002));
#4988=DIRECTION('center_axis',(-0.281717713111416,0.0113185868299869,0.959430570552891));
#4989=DIRECTION('ref_axis',(0.959492032979274,0.,0.281735760331022));
#4990=DIRECTION('',(0.00215840419932581,0.999935366098953,-0.0111626572044602));
#4991=DIRECTION('',(-0.959492032979274,0.,-0.281735760331022));
#4992=DIRECTION('center_axis',(-0.0950490803986372,0.011317286928088,0.995408253598472));
#4993=DIRECTION('ref_axis',(0.995472006156665,0.,0.0950551679732653));
#4994=DIRECTION('',(-7.60869984062782E-6,-0.999935381812711,0.0113680315435313));
#4995=DIRECTION('',(-0.995472006156665,0.,-0.0950551679732653));
#4996=DIRECTION('center_axis',(0.0950493192765332,0.0113158403606017,0.99540824723427));
#4997=DIRECTION('ref_axis',(0.995471983493918,0.,-0.0950554053101879));
#4998=DIRECTION('',(-0.00215710628123134,0.999935383740075,-0.0111613277472341));
#4999=DIRECTION('',(-0.995471983493918,0.,0.0950554053101879));
#5000=DIRECTION('center_axis',(0.458196705199637,0.0113175295712398,0.888778764861425));
#5001=DIRECTION('ref_axis',(0.888835690599834,0.,-0.458226052419453));
#5002=DIRECTION('',(-0.888835690599834,0.,0.458226052419453));
#5003=DIRECTION('',(-0.00422817801653987,0.999935374141645,-0.0105532009773693));
#5004=DIRECTION('center_axis',(0.281716701374217,0.0113169467051938,0.959430886976286));
#5005=DIRECTION('ref_axis',(0.959492331610034,0.,-0.281734743298624));
#5006=DIRECTION('',(-0.959492331610034,0.,0.281734743298624));
#5007=DIRECTION('center_axis',(0.11196457254257,8.97585290565025E-6,0.993712198986605));
#5008=DIRECTION('ref_axis',(0.993712199026634,0.,-0.11196457254708));
#5009=DIRECTION('',(-8.01669016634244E-5,0.999999996786634,0.));
#5010=DIRECTION('',(-0.993712199026634,0.,0.11196457254708));
#5011=DIRECTION('',(7.9532838997581E-5,0.999999996675374,-1.79938549768283E-5));
#5012=DIRECTION('',(0.0503966674798507,0.998713086810901,-0.00568736666358452));
#5013=DIRECTION('center_axis',(0.111964148170121,0.,-0.993712246842384));
#5014=DIRECTION('ref_axis',(-0.993712246842384,0.,-0.111964148170121));
#5015=DIRECTION('',(0.00839671260940928,-0.999964299438213,0.000946079489036366));
#5016=DIRECTION('',(-4.06918070654879E-5,-0.999999999161578,-4.58485193280798E-6));
#5017=DIRECTION('',(0.993712246842384,0.,0.111964148170121));
#5018=DIRECTION('center_axis',(-0.111964246881767,9.10812019520921E-6,-0.993712235678539));
#5019=DIRECTION('ref_axis',(-0.993712235719758,0.,0.111964246886411));
#5020=DIRECTION('',(0.993712235719758,0.,-0.111964246886411));
#5021=DIRECTION('',(-7.94091312452251E-5,0.999999996683055,1.81129939776929E-5));
#5022=DIRECTION('',(-0.0503964994045807,0.998713094738311,0.00568746393301632));
#5023=DIRECTION('center_axis',(-1.,0.,0.));
#5024=DIRECTION('ref_axis',(0.,0.,1.));
#5025=DIRECTION('',(0.,1.,0.));
#5026=DIRECTION('',(0.,0.,1.));
#5027=DIRECTION('',(0.,1.,0.));
#5028=DIRECTION('',(0.,0.,-1.));
#5029=DIRECTION('center_axis',(-1.,0.,0.));
#5030=DIRECTION('ref_axis',(0.,0.,1.));
#5031=DIRECTION('',(0.,0.,-1.));
#5032=DIRECTION('',(0.,-1.,0.));
#5033=DIRECTION('',(0.,-1.,0.));
#5034=DIRECTION('center_axis',(-0.111964350435239,0.,0.993712224052625));
#5035=DIRECTION('ref_axis',(0.993712224052625,0.,0.111964350435239));
#5036=DIRECTION('',(0.,-1.,0.));
#5037=DIRECTION('',(-0.00839672947682796,-0.999964299293141,-0.000946083120341766));
#5038=DIRECTION('',(4.12589245999953E-5,-0.999999999138045,4.64875904782099E-6));
#5039=DIRECTION('',(-0.993712224052625,0.,-0.111964350435239));
#5040=DIRECTION('center_axis',(0.,0.,-1.));
#5041=DIRECTION('ref_axis',(-1.,0.,0.));
#5042=DIRECTION('',(-1.,0.,0.));
#5043=DIRECTION('',(0.,1.,0.));
#5044=DIRECTION('',(0.,-1.,0.));
#5045=DIRECTION('',(0.,1.,0.));
#5046=DIRECTION('center_axis',(0.,0.,-1.));
#5047=DIRECTION('ref_axis',(-1.,0.,0.));
#5048=DIRECTION('',(0.860055198240007,0.51020099566773,0.));
#5049=DIRECTION('center_axis',(0.,0.,-1.));
#5050=DIRECTION('ref_axis',(-1.,0.,0.));
#5051=DIRECTION('',(0.877131025354756,0.480251147172097,0.));
#5052=DIRECTION('center_axis',(0.,0.,-1.));
#5053=DIRECTION('ref_axis',(-1.,0.,0.));
#5054=DIRECTION('',(0.89035696742033,0.455263078412991,0.));
#5055=DIRECTION('center_axis',(0.,0.,-1.));
#5056=DIRECTION('ref_axis',(-1.,0.,0.));
#5057=DIRECTION('',(0.899278387581556,0.437376704487924,0.));
#5058=DIRECTION('center_axis',(0.,0.,-1.));
#5059=DIRECTION('ref_axis',(-1.,0.,0.));
#5060=DIRECTION('center_axis',(0.,1.,0.));
#5061=DIRECTION('ref_axis',(0.,0.,1.));
#5062=DIRECTION('',(0.,0.,-1.));
#5063=DIRECTION('',(0.,0.,-1.));
#5064=DIRECTION('',(0.,0.,1.));
#5065=DIRECTION('',(0.894747067596078,0.,-0.446573269495858));
#5066=DIRECTION('',(0.758932217512745,0.,-0.651169631679172));
#5067=DIRECTION('',(0.577350260192611,0.,-0.816496587289576));
#5068=DIRECTION('',(0.360951244298473,0.,-0.932584687435615));
#5069=DIRECTION('',(0.12278485686907,0.,-0.992433312078772));
#5070=DIRECTION('',(0.122783698458136,0.,0.992433455397863));
#5071=DIRECTION('',(-0.360955601866674,0.,-0.932583000853579));
#5072=DIRECTION('',(-0.577345731143342,0.,-0.81649978979211));
#5073=DIRECTION('',(-0.75893039327095,0.,-0.651171757810181));
#5074=DIRECTION('',(-0.894750825679339,0.,-0.446565739780987));
#5075=DIRECTION('center_axis',(0.,1.,0.));
#5076=DIRECTION('ref_axis',(0.,0.,1.));
#5077=DIRECTION('',(0.,0.,-1.));
#5078=DIRECTION('',(0.122786712072406,0.,0.992433082549372));
#5079=DIRECTION('',(0.360946527604595,0.,0.932586512989645));
#5080=DIRECTION('',(0.577352552530469,0.,0.816494966357143));
#5081=DIRECTION('',(0.758933032280197,0.,0.651168682073997));
#5082=DIRECTION('',(0.894746825571384,0.,0.446573754412339));
#5083=DIRECTION('',(0.,0.,1.));
#5084=DIRECTION('',(0.,0.,1.));
#5085=DIRECTION('',(0.89475058366179,0.,-0.446566224693366));
#5086=DIRECTION('',(-0.758931208041764,0.,0.651170808206471));
#5087=DIRECTION('',(-0.577354125791634,0.,0.816493853884632));
#5088=DIRECTION('',(-0.360946527604595,0.,0.932586512989645));
#5089=DIRECTION('',(-0.122787131083585,0.,0.992433030707998));
#5090=DIRECTION('center_axis',(0.,0.,1.));
#5091=DIRECTION('ref_axis',(1.,0.,0.));
#5092=DIRECTION('',(0.,-1.,0.));
#5093=DIRECTION('',(1.,0.,0.));
#5094=DIRECTION('',(-1.,0.,0.));
#5095=DIRECTION('center_axis',(1.,0.,0.));
#5096=DIRECTION('ref_axis',(0.,0.,-1.));
#5097=DIRECTION('',(0.,1.,0.));
#5098=DIRECTION('',(0.,0.,1.));
#5099=DIRECTION('',(0.,-1.,0.));
#5100=DIRECTION('center_axis',(0.,-1.,0.));
#5101=DIRECTION('ref_axis',(0.,0.,-1.));
#5102=DIRECTION('',(0.943883023192786,0.,0.330279939639764));
#5103=DIRECTION('',(0.846723631416473,0.,0.532032980181586));
#5104=DIRECTION('',(0.707106947546888,0.,0.707106614826168));
#5105=DIRECTION('',(0.532035907187758,0.,0.846721792245186));
#5106=DIRECTION('',(0.330279176557795,0.,0.943883290207166));
#5107=DIRECTION('',(0.111961166726578,0.,0.993712582764867));
#5108=DIRECTION('',(-0.111962647451988,0.,0.993712415931059));
#5109=DIRECTION('',(-0.330274543610035,0.,0.943884911333571));
#5110=DIRECTION('',(-0.532035257683396,0.,0.846722200359577));
#5111=DIRECTION('',(-0.707113879262538,0.,0.707099683039304));
#5112=DIRECTION('',(-0.846719596980699,0.,0.532039400880088));
#5113=DIRECTION('',(-0.943885575558077,0.,0.330272645330185));
#5114=DIRECTION('',(-0.943885672339996,0.,-0.330272368737189));
#5115=DIRECTION('',(-0.846720130675401,0.,-0.532038551525198));
#5116=DIRECTION('',(-0.707114489243469,0.,-0.707099073045601));
#5117=DIRECTION('',(-0.532024986359663,0.,-0.846728654226961));
#5118=DIRECTION('',(-0.330278833247779,0.,-0.943883410336513));
#5119=DIRECTION('',(-0.111964148170121,0.,-0.993712246842384));
#5120=DIRECTION('',(0.111964246886411,0.,-0.993712235719758));
#5121=DIRECTION('',(0.330279040695746,0.,-0.943883337747361));
#5122=DIRECTION('',(0.532032030905145,0.,-0.846724227887065));
#5123=DIRECTION('',(0.707106781186548,0.,-0.707106781186548));
#5124=DIRECTION('',(0.846724227887065,0.,-0.532032030905145));
#5125=DIRECTION('',(0.943883337747361,0.,-0.330279040695746));
#5126=DIRECTION('',(-1.,0.,0.));
#5127=DIRECTION('',(0.,0.,1.));
#5128=DIRECTION('',(1.,0.,0.));
#5129=DIRECTION('',(0.,0.,-1.));
#5130=DIRECTION('center_axis',(1.,0.,0.));
#5131=DIRECTION('ref_axis',(0.,0.,-1.));
#5132=DIRECTION('',(0.,-1.,0.));
#5133=DIRECTION('center_axis',(0.,0.,1.));
#5134=DIRECTION('ref_axis',(1.,0.,0.));
#5135=DIRECTION('',(0.,-1.,0.));
#5136=DIRECTION('',(-1.,0.,0.));
#5137=DIRECTION('',(0.,1.,0.));
#5138=DIRECTION('center_axis',(0.,1.,0.));
#5139=DIRECTION('ref_axis',(0.,0.,1.));
#5140=DIRECTION('',(-0.9935909361861,0.,0.113035620619475));
#5141=DIRECTION('',(-0.998396508900399,0.,0.0566075173055313));
#5142=DIRECTION('',(0.985598699140538,0.,-0.169101165733653));
#5143=DIRECTION('center_axis',(0.,1.,0.));
#5144=DIRECTION('ref_axis',(0.,0.,1.));
#5145=DIRECTION('',(-0.985598645963366,0.,0.169101475674161));
#5146=DIRECTION('',(0.960166618537733,0.,-0.279428102820415));
#5147=DIRECTION('center_axis',(0.,1.,0.));
#5148=DIRECTION('ref_axis',(0.,0.,1.));
#5149=DIRECTION('',(-0.999982738210604,0.,0.00587565152332115));
#5150=DIRECTION('center_axis',(0.,1.,0.));
#5151=DIRECTION('ref_axis',(0.,0.,1.));
#5152=DIRECTION('',(0.993590896884496,0.,0.113035966082758));
#5153=DIRECTION('',(0.985598523506911,0.,0.169102189403321));
#5154=DIRECTION('',(0.998396508900399,0.,0.0566075173055313));
#5155=DIRECTION('center_axis',(0.,1.,0.));
#5156=DIRECTION('ref_axis',(0.,0.,1.));
#5157=DIRECTION('',(0.985598608166201,0.,0.169101695972712));
#5158=DIRECTION('',(-0.960166789811789,0.,-0.279427514290421));
#5159=DIRECTION('center_axis',(0.,1.,0.));
#5160=DIRECTION('ref_axis',(0.,0.,1.));
#5161=DIRECTION('',(1.,0.,0.));
#5162=DIRECTION('center_axis',(0.,1.,0.));
#5163=DIRECTION('ref_axis',(0.,0.,1.));
#5164=DIRECTION('',(0.998172228916776,0.,0.060433446197576));
#5165=DIRECTION('',(0.,0.,1.));
#5166=DIRECTION('center_axis',(0.,1.,0.));
#5167=DIRECTION('ref_axis',(0.,0.,1.));
#5168=DIRECTION('',(0.,0.,1.));
#5169=DIRECTION('center_axis',(0.,1.,0.));
#5170=DIRECTION('ref_axis',(0.,0.,1.));
#5171=DIRECTION('',(-0.993590466010732,0.,0.113039753417));
#5172=DIRECTION('',(-0.998396685386207,0.,0.0566044045091495));
#5173=DIRECTION('',(-0.985596659469505,0.,0.169113053436313));
#5174=DIRECTION('center_axis',(0.,1.,0.));
#5175=DIRECTION('ref_axis',(0.,0.,1.));
#5176=DIRECTION('',(-0.985598094014087,0.,0.169104692648665));
#5177=DIRECTION('',(-0.960166263812755,0.,0.279429321718132));
#5178=DIRECTION('center_axis',(0.,1.,0.));
#5179=DIRECTION('ref_axis',(0.,0.,1.));
#5180=DIRECTION('',(1.,0.,0.));
#5181=DIRECTION('',(-0.960166366577943,0.,-0.279428968599378));
#5182=DIRECTION('',(-0.985596910405474,0.,-0.169111590966391));
#5183=DIRECTION('',(-0.998396679763554,0.,-0.0566045036822364));
#5184=DIRECTION('center_axis',(0.,1.,0.));
#5185=DIRECTION('ref_axis',(0.,0.,1.));
#5186=DIRECTION('',(0.998172247856802,0.,-0.0604331333665522));
#5187=DIRECTION('',(0.,0.,1.));
#5188=DIRECTION('center_axis',(0.,1.,0.));
#5189=DIRECTION('ref_axis',(0.,0.,1.));
#5190=DIRECTION('',(0.,0.,-1.));
#5191=DIRECTION('center_axis',(0.943883290207166,0.,-0.330279176557795));
#5192=DIRECTION('ref_axis',(-0.330279176557795,0.,-0.943883290207166));
#5193=DIRECTION('',(0.,-1.,0.));
#5194=DIRECTION('',(0.0167239564357943,-0.998717184134562,0.0477943029603519));
#5195=DIRECTION('',(0.330279176557795,0.,0.943883290207166));
#5196=DIRECTION('center_axis',(0.943883290207166,0.,-0.330279176557795));
#5197=DIRECTION('ref_axis',(-0.330279176557795,0.,-0.943883290207166));
#5198=DIRECTION('',(0.330279176557795,0.,0.943883290207166));
#5199=DIRECTION('',(0.,-1.,0.));
#5200=DIRECTION('center_axis',(0.846721792245186,0.,-0.532035907187758));
#5201=DIRECTION('ref_axis',(-0.532035907187758,0.,-0.846721792245186));
#5202=DIRECTION('',(0.0269401583136765,0.998717176064297,0.0428745857611358));
#5203=DIRECTION('',(0.,-1.,0.));
#5204=DIRECTION('',(0.532035907187758,0.,0.846721792245186));
#5205=DIRECTION('center_axis',(0.846721792245186,0.,-0.532035907187758));
#5206=DIRECTION('ref_axis',(-0.532035907187758,0.,-0.846721792245186));
#5207=DIRECTION('',(0.532035907187758,0.,0.846721792245186));
#5208=DIRECTION('center_axis',(0.707106614826168,0.,-0.707106947546888));
#5209=DIRECTION('ref_axis',(-0.707106947546888,0.,-0.707106614826168));
#5210=DIRECTION('',(0.707106947546888,0.,0.707106614826168));
#5211=DIRECTION('',(0.0358049587967573,0.998717182718701,0.035804941949162));
#5212=DIRECTION('center_axis',(0.846721792245186,0.,-0.532035907187758));
#5213=DIRECTION('ref_axis',(-0.532035907187758,0.,-0.846721792245186));
#5214=DIRECTION('',(0.,-1.,0.));
#5215=DIRECTION('',(0.0269401679839656,0.998717175142755,0.0428746011511581));
#5216=DIRECTION('center_axis',(0.707106614826168,0.,-0.707106947546888));
#5217=DIRECTION('ref_axis',(-0.707106947546888,0.,-0.707106614826168));
#5218=DIRECTION('',(0.0358049716491059,0.998717181797164,0.0358049548015046));
#5219=DIRECTION('',(0.707106947546888,0.,0.707106614826168));
#5220=DIRECTION('center_axis',(0.707106614826168,0.,-0.707106947546888));
#5221=DIRECTION('ref_axis',(-0.707106947546888,0.,-0.707106614826168));
#5222=DIRECTION('',(0.,-1.,0.));
#5223=DIRECTION('center_axis',(0.532032980181586,0.,-0.846723631416473));
#5224=DIRECTION('ref_axis',(-0.846723631416473,0.,-0.532032980181586));
#5225=DIRECTION('',(0.0428744949620444,0.99871718707767,0.0269398945323839));
#5226=DIRECTION('',(0.846723631416473,0.,0.532032980181586));
#5227=DIRECTION('center_axis',(0.707106614826168,0.,-0.707106947546888));
#5228=DIRECTION('ref_axis',(-0.707106947546888,0.,-0.707106614826168));
#5229=DIRECTION('',(0.,-1.,0.));
#5230=DIRECTION('',(0.707106947546888,0.,0.707106614826168));
#5231=DIRECTION('center_axis',(0.532032980181586,0.,-0.846723631416473));
#5232=DIRECTION('ref_axis',(-0.846723631416473,0.,-0.532032980181586));
#5233=DIRECTION('',(0.846723631416473,0.,0.532032980181586));
#5234=DIRECTION('',(0.0428744795720598,0.998717187999204,0.0269398848621927));
#5235=DIRECTION('center_axis',(0.532032980181586,0.,-0.846723631416473));
#5236=DIRECTION('ref_axis',(-0.846723631416473,0.,-0.532032980181586));
#5237=DIRECTION('',(0.,-1.,0.));
#5238=DIRECTION('center_axis',(0.33061783784223,0.,-0.943764719249734));
#5239=DIRECTION('ref_axis',(-0.943764719249734,0.,-0.33061783784223));
#5240=DIRECTION('',(0.0476362320814563,-0.998725340432429,0.0166878330292343));
#5241=DIRECTION('',(0.943764719249734,0.,0.33061783784223));
#5242=DIRECTION('',(0.,-1.,0.));
#5243=DIRECTION('center_axis',(0.33044984349651,-8.99590678878013E-6,-0.943823553876574));
#5244=DIRECTION('ref_axis',(-0.943823553914764,0.,-0.330449843509881));
#5245=DIRECTION('',(0.943823553914764,0.,0.330449843509881));
#5246=DIRECTION('',(-7.91729590062534E-5,-0.99999999670041,-1.81885534464206E-5));
#5247=DIRECTION('center_axis',(0.330617837828453,-9.12892762023092E-6,-0.943764719210409));
#5248=DIRECTION('ref_axis',(-0.943764719249734,0.,-0.33061783784223));
#5249=DIRECTION('',(-7.95328360903737E-5,-0.999999996671846,-1.81889048883683E-5));
#5250=DIRECTION('',(0.0475569948285419,-0.998729418894408,0.0166697353823218));
#5251=DIRECTION('center_axis',(0.113031880556282,9.08259277545651E-6,-0.993591361624796));
#5252=DIRECTION('ref_axis',(-0.993591361665779,0.,-0.113031880560945));
#5253=DIRECTION('',(0.0126341288140917,-0.999919166350083,0.00142812984820072));
#5254=DIRECTION('',(0.0168709457971874,-0.999855850935431,0.00191011468093629));
#5255=DIRECTION('center_axis',(0.113035011916686,9.12266677082237E-6,-0.993591005392949));
#5256=DIRECTION('ref_axis',(-0.993591005434294,0.,-0.11303501192139));
#5257=DIRECTION('',(0.0100917649674685,-0.999948428263745,0.0011388997796046));
#5258=DIRECTION('center_axis',(0.330959872154312,-8.96790284020186E-6,-0.943644828811761));
#5259=DIRECTION('ref_axis',(-0.943644828849706,0.,-0.330959872167621));
#5260=DIRECTION('',(0.943644828849707,0.,0.330959872167621));
#5261=DIRECTION('',(-7.91729447598796E-5,-0.999999996699027,-1.82644617328256E-5));
#5262=DIRECTION('',(0.0473988676063373,-0.998737540755676,0.0166334613037041));
#5263=DIRECTION('center_axis',(0.330959872167621,0.,-0.943644828849707));
#5264=DIRECTION('ref_axis',(-0.943644828849706,0.,-0.330959872167621));
#5265=DIRECTION('',(0.0474777651349318,-0.998733490308706,0.0166516411678064));
#5266=DIRECTION('center_axis',(0.846721792245186,0.,-0.532035907187758));
#5267=DIRECTION('ref_axis',(-0.532035907187758,0.,-0.846721792245186));
#5268=DIRECTION('',(0.,-1.,0.));
#5269=DIRECTION('',(0.,-1.,0.));
#5270=DIRECTION('',(0.0269401631488202,0.998717175603526,0.0428745934561456));
#5271=DIRECTION('center_axis',(0.943883290207166,0.,-0.330279176557795));
#5272=DIRECTION('ref_axis',(-0.330279176557795,0.,-0.943883290207166));
#5273=DIRECTION('',(0.0167239594373629,-0.998717183673793,0.0477943115383388));
#5274=DIRECTION('',(0.,1.,0.));
#5275=DIRECTION('center_axis',(0.943883290207166,0.,-0.330279176557795));
#5276=DIRECTION('ref_axis',(-0.330279176557795,0.,-0.943883290207166));
#5277=DIRECTION('',(0.,-1.,0.));
#5278=DIRECTION('',(0.330279176557795,0.,0.943883290207166));
#5279=DIRECTION('center_axis',(0.279427514290421,0.,-0.960166789811789));
#5280=DIRECTION('ref_axis',(-0.960166789811789,0.,-0.279427514290421));
#5281=DIRECTION('',(0.,1.,0.));
#5282=DIRECTION('',(-0.0325937665952199,0.999423670417489,-0.00948543032075679));
#5283=DIRECTION('center_axis',(0.296167908237389,-0.00185150000358111,-0.955134096385438));
#5284=DIRECTION('ref_axis',(-0.955135733514447,0.,-0.296168415878228));
#5285=DIRECTION('',(-0.100121178208307,-0.99454909954453,-0.0291176624979638));
#5286=DIRECTION('',(0.0182783524628623,-0.999804007296672,0.00760584148920412));
#5287=DIRECTION('center_axis',(0.279296757426044,-4.62538024219061E-6,-0.960204832975706));
#5288=DIRECTION('ref_axis',(-0.960204832985977,0.,-0.279296757429032));
#5289=DIRECTION('',(-7.93529118268552E-5,-0.999999996684762,-1.82644683055275E-5));
#5290=DIRECTION('center_axis',(0.169102189401546,4.58268188426131E-6,-0.985598523496562));
#5291=DIRECTION('ref_axis',(-0.985598523506911,0.,-0.169102189403321));
#5292=DIRECTION('',(0.0251774241831791,-0.999673685282757,0.00431512047247311));
#5293=DIRECTION('center_axis',(0.707106614826168,0.,-0.707106947546888));
#5294=DIRECTION('ref_axis',(-0.707106947546888,0.,-0.707106614826168));
#5295=DIRECTION('',(0.,-1.,0.));
#5296=DIRECTION('',(0.0358049652229305,0.998717182257933,0.0358049483753321));
#5297=DIRECTION('center_axis',(0.532032980181586,0.,-0.846723631416473));
#5298=DIRECTION('ref_axis',(-0.846723631416473,0.,-0.532032980181586));
#5299=DIRECTION('',(0.0428744872670507,0.998717187538437,0.0269398896972875));
#5300=DIRECTION('',(0.,1.,0.));
#5301=DIRECTION('',(3.46728987221629E-5,-0.99999999916157,2.17864778473546E-5));
#5302=DIRECTION('',(0.,1.,0.));
#5303=DIRECTION('center_axis',(0.532032980181586,0.,-0.846723631416473));
#5304=DIRECTION('ref_axis',(-0.846723631416473,0.,-0.532032980181586));
#5305=DIRECTION('',(0.,-1.,0.));
#5306=DIRECTION('center_axis',(0.33078857945638,0.,-0.943704888035042));
#5307=DIRECTION('ref_axis',(-0.943704888035042,0.,-0.33078857945638));
#5308=DIRECTION('',(0.943704888035042,0.,0.33078857945638));
#5309=DIRECTION('center_axis',(0.33078857944255,-9.14426041071857E-6,-0.943704887995586));
#5310=DIRECTION('ref_axis',(-0.943704888035042,0.,-0.33078857945638));
#5311=DIRECTION('',(-7.95328504014E-5,-0.999999996671857,-1.81882052761933E-5));
#5312=DIRECTION('center_axis',(0.113031839982458,9.081899340142E-6,-0.993591366240518));
#5313=DIRECTION('ref_axis',(-0.993591366281494,0.,-0.113031839987119));
#5314=DIRECTION('',(0.0253415862224319,-0.999674719898159,0.00287374394608556));
#5315=DIRECTION('center_axis',(0.113036360831471,9.19798057161423E-6,-0.993590851933216));
#5316=DIRECTION('ref_axis',(-0.993590851975247,0.,-0.113036360836252));
#5317=DIRECTION('',(0.0507126647464642,-0.998696674074745,0.00576010645354284));
#5318=DIRECTION('center_axis',(0.0566072819062942,-0.00288389880999795,
-0.998392357123609));
#5319=DIRECTION('ref_axis',(-0.998396508900399,0.,-0.0566075173055313));
#5320=DIRECTION('center_axis',(0.446563147461045,0.00689225137229495,-0.894725573682068));
#5321=DIRECTION('ref_axis',(-0.894746825571384,0.,-0.446573754412339));
#5322=DIRECTION('',(0.0923505448710582,-0.994984750003108,0.0384281683569696));
#5323=DIRECTION('',(-0.109134913354193,-0.992084498372441,-0.0621121467691769));
#5324=DIRECTION('center_axis',(0.384178982027921,0.,-0.92325863644376));
#5325=DIRECTION('ref_axis',(-0.92325863644376,0.,-0.384178982027921));
#5326=DIRECTION('',(0.,-1.,0.));
#5327=DIRECTION('center_axis',(0.49463340232018,0.,-0.869101718620532));
#5328=DIRECTION('ref_axis',(-0.869101718620532,0.,-0.49463340232018));
#5329=DIRECTION('',(-0.0216610373738146,-0.999689361879619,-0.0123279846126649));
#5330=DIRECTION('center_axis',(0.567190126730591,-0.00213345686430834,-0.82358412351207));
#5331=DIRECTION('ref_axis',(-0.823585997846944,0.,-0.567191417557119));
#5332=DIRECTION('',(0.0648056291213796,-0.996780408750921,0.047212786028043));
#5333=DIRECTION('center_axis',(0.651155393921603,0.0063884916245675,-0.758917545021569));
#5334=DIRECTION('ref_axis',(-0.758933032280197,0.,-0.651168682073997));
#5335=DIRECTION('',(-0.105888314361679,-0.989419364194355,-0.0991815841720653));
#5336=DIRECTION('center_axis',(0.707098492656901,-0.00479299878288157,-0.707098825373799));
#5337=DIRECTION('ref_axis',(-0.707106947546888,0.,-0.707106614826168));
#5338=DIRECTION('',(0.0390699630558733,-0.998184649980089,0.0458360396515734));
#5339=DIRECTION('center_axis',(0.81648285506265,0.00544668066536749,-0.5773439885012));
#5340=DIRECTION('ref_axis',(-0.577352552530469,0.,-0.816494966357143));
#5341=DIRECTION('',(-0.0904856634932062,-0.986391926391174,-0.137270944676955));
#5342=DIRECTION('center_axis',(0.846716205895829,-0.00363251953697106,-0.53203239701656));
#5343=DIRECTION('ref_axis',(-0.532035907187758,0.,-0.846721792245186));
#5344=DIRECTION('',(0.018225390560925,-0.999191791036991,0.0358273619345886));
#5345=DIRECTION('center_axis',(0.932578795513018,0.00406824590115166,-0.360943540646977));
#5346=DIRECTION('ref_axis',(-0.360946527604596,0.,-0.932586512989645));
#5347=DIRECTION('',(-0.0624993475760849,-0.983014038049165,-0.172560808270125));
#5348=DIRECTION('center_axis',(0.943881338893317,-0.00203338299828291,-0.330278493763282));
#5349=DIRECTION('ref_axis',(-0.330279176557795,0.,-0.943883290207166));
#5350=DIRECTION('',(0.00468966444193928,-0.999797732984149,0.0195576114895917));
#5351=DIRECTION('center_axis',(0.99243056326946,0.00225321335956815,-0.122786400379757));
#5352=DIRECTION('ref_axis',(-0.122786712072406,0.,-0.992433082549372));
#5353=DIRECTION('',(-0.0226636519179712,-0.979297929586922,-0.201151495118753));
#5354=DIRECTION('center_axis',(0.993712582764867,0.,-0.111961166726578));
#5355=DIRECTION('ref_axis',(-0.111961166726578,0.,-0.993712582764867));
#5356=DIRECTION('',(-0.00455464502608612,-0.99917220264436,-0.0404248026773624));
#5357=DIRECTION('center_axis',(0.993712582764867,0.,-0.111961166726578));
#5358=DIRECTION('ref_axis',(-0.111961166726578,0.,-0.993712582764867));
#5359=DIRECTION('',(0.,-1.,0.));
#5360=DIRECTION('center_axis',(0.943883290207166,0.,-0.330279176557795));
#5361=DIRECTION('ref_axis',(-0.330279176557795,0.,-0.943883290207166));
#5362=DIRECTION('',(0.0167239624389325,-0.998717183213025,0.0477943201163288));
#5363=DIRECTION('center_axis',(0.943883290207166,0.,-0.330279176557795));
#5364=DIRECTION('ref_axis',(-0.330279176557795,0.,-0.943883290207166));
#5365=DIRECTION('',(0.,-1.,0.));
#5366=DIRECTION('center_axis',(0.846721792245186,0.,-0.532035907187758));
#5367=DIRECTION('ref_axis',(-0.532035907187758,0.,-0.846721792245186));
#5368=DIRECTION('',(0.532035907187758,0.,0.846721792245186));
#5369=DIRECTION('center_axis',(0.846721792245186,0.,-0.532035907187758));
#5370=DIRECTION('ref_axis',(-0.532035907187758,0.,-0.846721792245186));
#5371=DIRECTION('',(0.,-1.,0.));
#5372=DIRECTION('center_axis',(0.707106614826168,0.,-0.707106947546888));
#5373=DIRECTION('ref_axis',(-0.707106947546888,0.,-0.707106614826168));
#5374=DIRECTION('center_axis',(0.330449843509881,0.,-0.943823553914764));
#5375=DIRECTION('ref_axis',(-0.943823553914764,0.,-0.330449843509881));
#5376=DIRECTION('',(-0.0477151115124302,0.998721272429919,-0.0167059309623492));
#5377=DIRECTION('center_axis',(0.330279939626052,-9.11212368545371E-6,-0.943883023153601));
#5378=DIRECTION('ref_axis',(-0.943883023192786,0.,-0.330279939639764));
#5379=DIRECTION('',(7.93529004487764E-5,0.999999996687518,1.81129939777737E-5));
#5380=DIRECTION('center_axis',(0.113025751271597,9.02800581994627E-6,-0.99359205887929));
#5381=DIRECTION('ref_axis',(-0.993592058919781,0.,-0.113025751276203));
#5382=DIRECTION('center_axis',(0.330778642320927,0.,0.94370837115304));
#5383=DIRECTION('ref_axis',(0.94370837115304,0.,-0.330778642320927));
#5384=DIRECTION('',(-0.0475569952743012,0.998729428255657,0.0166691732430813));
#5385=DIRECTION('',(0.,-1.,0.));
#5386=DIRECTION('',(-0.94370837115304,0.,0.330778642320927));
#5387=DIRECTION('center_axis',(0.330617162710205,-8.63367274953735E-6,0.943764955720922));
#5388=DIRECTION('ref_axis',(0.943764955756096,0.,-0.330617162722527));
#5389=DIRECTION('',(-0.943764955756096,0.,0.330617162722527));
#5390=DIRECTION('',(-7.95328360896038E-5,-0.999999996662164,1.87136084916715E-5));
#5391=DIRECTION('center_axis',(0.532039400880088,0.,0.846719596980699));
#5392=DIRECTION('ref_axis',(0.846719596980699,0.,-0.532039400880088));
#5393=DIRECTION('',(-0.0428744867432601,0.998717175337273,0.0269403428493523));
#5394=DIRECTION('',(0.,-1.,0.));
#5395=DIRECTION('',(-0.846719596980699,0.,0.532039400880088));
#5396=DIRECTION('center_axis',(0.532039400880088,0.,0.846719596980699));
#5397=DIRECTION('ref_axis',(0.846719596980699,0.,-0.532039400880088));
#5398=DIRECTION('',(-0.0428744790482695,0.998717175798044,0.0269403380141763));
#5399=DIRECTION('',(0.,-1.,0.));
#5400=DIRECTION('',(-0.846719596980699,0.,0.532039400880088));
#5401=DIRECTION('center_axis',(0.532039400880088,0.,0.846719596980699));
#5402=DIRECTION('ref_axis',(0.846719596980699,0.,-0.532039400880088));
#5403=DIRECTION('',(-0.846719596980699,0.,0.532039400880088));
#5404=DIRECTION('',(0.,-1.,0.));
#5405=DIRECTION('center_axis',(0.707099683039304,0.,0.707113879262538));
#5406=DIRECTION('ref_axis',(0.707113879262538,0.,-0.707099683039304));
#5407=DIRECTION('',(-0.0358049661228606,0.998717207359919,0.0358042472919808));
#5408=DIRECTION('',(0.,-1.,0.));
#5409=DIRECTION('',(-0.707113879262538,0.,0.707099683039304));
#5410=DIRECTION('center_axis',(0.707099683039304,0.,0.707113879262538));
#5411=DIRECTION('ref_axis',(0.707113879262538,0.,-0.707099683039304));
#5412=DIRECTION('',(-0.035804959696687,0.998717207820679,0.0358042408659362));
#5413=DIRECTION('',(0.,-1.,0.));
#5414=DIRECTION('',(-0.707113879262538,0.,0.707099683039304));
#5415=DIRECTION('center_axis',(0.707099683039304,0.,0.707113879262538));
#5416=DIRECTION('ref_axis',(0.707113879262538,0.,-0.707099683039304));
#5417=DIRECTION('',(-0.707113879262538,0.,0.707099683039304));
#5418=DIRECTION('center_axis',(0.846722200359577,0.,0.532035257683396));
#5419=DIRECTION('ref_axis',(0.532035257683396,0.,-0.846722200359577));
#5420=DIRECTION('',(-0.0269401630644944,0.998717172477426,0.0428746663282018));
#5421=DIRECTION('',(0.,-1.,0.));
#5422=DIRECTION('',(-0.532035257683396,0.,0.846722200359577));
#5423=DIRECTION('center_axis',(0.846722200359577,0.,0.532035257683396));
#5424=DIRECTION('ref_axis',(0.532035257683396,0.,-0.846722200359577));
#5425=DIRECTION('',(-0.0269401582293507,0.998717172938198,0.042874658633179));
#5426=DIRECTION('',(0.,-1.,0.));
#5427=DIRECTION('',(-0.532035257683396,0.,0.846722200359577));
#5428=DIRECTION('center_axis',(0.846722200359577,0.,0.532035257683396));
#5429=DIRECTION('ref_axis',(0.532035257683396,0.,-0.846722200359577));
#5430=DIRECTION('',(-0.532035257683396,0.,0.846722200359577));
#5431=DIRECTION('center_axis',(0.943884911333571,0.,0.330274543610035));
#5432=DIRECTION('ref_axis',(0.330274543610035,0.,-0.943884911333571));
#5433=DIRECTION('',(-0.0167239588358565,0.998717147753186,0.0477950623453653));
#5434=DIRECTION('',(0.,-1.,0.));
#5435=DIRECTION('',(-0.330274543610035,0.,0.943884911333571));
#5436=DIRECTION('center_axis',(0.943884911333571,0.,0.330274543610035));
#5437=DIRECTION('ref_axis',(0.330274543610035,0.,-0.943884911333571));
#5438=DIRECTION('',(-0.0167239558342882,0.998717148213967,0.0477950537672443));
#5439=DIRECTION('',(0.,-1.,0.));
#5440=DIRECTION('',(-0.330274543610035,0.,0.943884911333571));
#5441=DIRECTION('center_axis',(0.943884911333571,0.,0.330274543610035));
#5442=DIRECTION('ref_axis',(0.330274543610035,0.,-0.943884911333571));
#5443=DIRECTION('',(-0.330274543610035,0.,0.943884911333571));
#5444=DIRECTION('center_axis',(0.330445743078327,0.,0.943824989540652));
#5445=DIRECTION('ref_axis',(0.943824989540652,0.,-0.330445743078327));
#5446=DIRECTION('',(-0.0477151116979267,0.998721276312532,0.0167056983188806));
#5447=DIRECTION('',(0.,1.,0.));
#5448=DIRECTION('',(-0.943824989540652,0.,0.330445743078327));
#5449=DIRECTION('center_axis',(0.330272645315953,-9.28338099550237E-6,0.943885575517404));
#5450=DIRECTION('ref_axis',(0.943885575558077,0.,-0.330272645330185));
#5451=DIRECTION('',(3.53220188474858E-5,-0.999999999129875,-2.21947216203618E-5));
#5452=DIRECTION('center_axis',(0.169113053434179,5.02446013371989E-6,0.985596659457064));
#5453=DIRECTION('ref_axis',(0.985596659469505,0.,-0.169113053436313));
#5454=DIRECTION('',(0.0251774242008226,-0.999673685983296,-0.00431495807419791));
#5455=DIRECTION('',(-7.93529118261962E-5,-0.999999996676458,1.8713611859239E-5));
#5456=DIRECTION('center_axis',(0.279310723475728,-4.1952946993104E-6,0.960200770533884));
#5457=DIRECTION('ref_axis',(0.960200770542334,0.,-0.279310723478186));
#5458=DIRECTION('',(-0.0325937665746445,0.999423669786584,0.00948549686595544));
#5459=DIRECTION('',(-0.100121172304871,-0.994549040903021,0.0291196856984872));
#5460=DIRECTION('center_axis',(0.279429321718132,0.,0.960166263812755));
#5461=DIRECTION('ref_axis',(0.960166263812755,0.,-0.279429321718132));
#5462=DIRECTION('',(0.,-1.,0.));
#5463=DIRECTION('center_axis',(0.0566044045091495,0.,0.998396685386207));
#5464=DIRECTION('ref_axis',(0.998396685386207,0.,-0.0566044045091495));
#5465=DIRECTION('',(-0.00426552436324294,-0.999990873367173,0.000241835204418009));
#5466=DIRECTION('center_axis',(0.14074930846368,-0.000360945114780581,0.990045201940608));
#5467=DIRECTION('ref_axis',(0.99004526643284,0.,-0.140749317632188));
#5468=DIRECTION('',(0.0126738855930495,0.999918650184839,-0.00143723223749603));
#5469=DIRECTION('',(0.0125521246611981,-0.999918909669805,-0.00214901168882511));
#5470=DIRECTION('center_axis',(0.169085778309218,4.31731970638653E-6,0.985601339059017));
#5471=DIRECTION('ref_axis',(0.985601339068202,0.,-0.169085778310794));
#5472=DIRECTION('',(-7.9352883269955E-5,-0.999999996689671,1.79938510816225E-5));
#5473=DIRECTION('center_axis',(0.330952240126346,-9.28216182157861E-6,0.943647505517391));
#5474=DIRECTION('ref_axis',(0.943647505558043,0.,-0.330952240140603));
#5475=DIRECTION('',(-0.0473988676835447,0.998737542382507,0.0166333634021542));
#5476=DIRECTION('',(-0.943647505558043,0.,0.330952240140603));
#5477=DIRECTION('center_axis',(0.296179308449095,-0.0018508064584609,0.955130562678249));
#5478=DIRECTION('ref_axis',(0.955132198574944,0.,-0.29617981572922));
#5479=DIRECTION('',(0.0182783525295461,-0.999804010944199,-0.00760536183877449));
#5480=DIRECTION('center_axis',(0.384158328744144,0.,0.923267230251625));
#5481=DIRECTION('ref_axis',(0.923267230251625,0.,-0.384158328744144));
#5482=DIRECTION('',(0.0923505534716411,-0.994984842665786,-0.0384257483833726));
#5483=DIRECTION('center_axis',(0.446555613810613,0.0068935866589431,0.894729323447713));
#5484=DIRECTION('ref_axis',(0.89475058366179,0.,-0.446566224693366));
#5485=DIRECTION('',(-0.109134911311454,-0.992084479803044,0.0621124469568315));
#5486=DIRECTION('center_axis',(0.532031307351095,-0.00551582414659346,0.84670671645043));
#5487=DIRECTION('ref_axis',(0.846719596980699,0.,-0.532039400880088));
#5488=DIRECTION('',(0.0648056244019481,-0.996780336160979,-0.047214325036784));
#5489=DIRECTION('center_axis',(0.651157523961221,0.0063875419263675,0.758915725424656));
#5490=DIRECTION('ref_axis',(0.758931208041764,0.,-0.651170808206471));
#5491=DIRECTION('',(-0.105888321746274,-0.98941943319594,0.0991808879370589));
#5492=DIRECTION('center_axis',(0.707091564115298,-0.0047920646456108,0.70710576017553));
#5493=DIRECTION('ref_axis',(0.707113879262538,0.,-0.707099683039304));
#5494=DIRECTION('',(0.0390699669078683,-0.998184748393344,-0.0458338931439845));
#5495=DIRECTION('center_axis',(0.816481737588176,0.00544780899121993,0.577345558190403));
#5496=DIRECTION('ref_axis',(0.577354125791634,0.,-0.816493853884632));
#5497=DIRECTION('',(-0.0904856463596777,-0.98639173961712,0.137272298072055));
#5498=DIRECTION('center_axis',(0.846716615902552,-0.00363190336780218,0.532031748707215));
#5499=DIRECTION('ref_axis',(0.532035257683396,0.,-0.846722200359577));
#5500=DIRECTION('',(0.018225391278855,-0.999191830396906,-0.0358262638411084));
#5501=DIRECTION('center_axis',(0.932578794006059,0.00406864307471528,0.360943540063726));
#5502=DIRECTION('ref_axis',(0.360946527604596,0.,-0.932586512989645));
#5503=DIRECTION('',(-0.0624993359099537,-0.983013854559717,0.172561857762549));
#5504=DIRECTION('center_axis',(0.943882958955027,-0.0020339359123305,0.330273860453725));
#5505=DIRECTION('ref_axis',(0.330274543610035,0.,-0.943884911333571));
#5506=DIRECTION('',(0.00468966426113986,-0.999797694439204,-0.019559581876146));
#5507=DIRECTION('center_axis',(0.111937325703982,9.69330554333954E-6,0.993715268585665));
#5508=DIRECTION('ref_axis',(0.99371526863235,0.,-0.111937325709241));
#5509=DIRECTION('',(0.0252622217462215,0.999676781125682,-0.00285542127186551));
#5510=DIRECTION('',(0.0168710049423542,0.999855849789493,-0.0019101921279108));
#5511=DIRECTION('center_axis',(0.111978195635559,8.99489228487755E-6,0.993710663936589));
#5512=DIRECTION('ref_axis',(0.993710663976789,0.,-0.111978195640089));
#5513=DIRECTION('',(-7.93529118272445E-5,-0.999999996689668,1.79938575571983E-5));
#5514=DIRECTION('center_axis',(0.330778642306722,-9.26729446264456E-6,0.943708371112516));
#5515=DIRECTION('ref_axis',(0.94370837115304,0.,-0.330778642320926));
#5516=DIRECTION('',(-0.0474779447316065,0.998733487910475,0.016651272931522));
#5517=DIRECTION('center_axis',(0.330952240140603,0.,0.943647505558043));
#5518=DIRECTION('ref_axis',(0.943647505558043,0.,-0.330952240140603));
#5519=DIRECTION('',(0.,-1.,0.));
#5520=DIRECTION('center_axis',(0.532039400880088,0.,0.846719596980699));
#5521=DIRECTION('ref_axis',(0.846719596980699,0.,-0.532039400880088));
#5522=DIRECTION('',(-0.0428744944382535,0.998717174876502,0.0269403476845299));
#5523=DIRECTION('center_axis',(0.532039400880088,0.,0.846719596980699));
#5524=DIRECTION('ref_axis',(0.846719596980699,0.,-0.532039400880088));
#5525=DIRECTION('',(0.,-1.,0.));
#5526=DIRECTION('center_axis',(0.707099683039304,0.,0.707113879262538));
#5527=DIRECTION('ref_axis',(0.707113879262538,0.,-0.707099683039304));
#5528=DIRECTION('',(-0.0358049725490366,0.998717206899159,0.0358042537180278));
#5529=DIRECTION('center_axis',(0.707099683039304,0.,0.707113879262538));
#5530=DIRECTION('ref_axis',(0.707113879262538,0.,-0.707099683039304));
#5531=DIRECTION('',(0.,-1.,0.));
#5532=DIRECTION('center_axis',(0.846722200359577,0.,0.532035257683396));
#5533=DIRECTION('ref_axis',(0.532035257683396,0.,-0.846722200359577));
#5534=DIRECTION('',(-0.0269401678996397,0.998717172016653,0.0428746740232274));
#5535=DIRECTION('center_axis',(0.846722200359577,0.,0.532035257683396));
#5536=DIRECTION('ref_axis',(0.532035257683396,0.,-0.846722200359577));
#5537=DIRECTION('',(0.,-1.,0.));
#5538=DIRECTION('center_axis',(0.943884911333571,0.,0.330274543610035));
#5539=DIRECTION('ref_axis',(0.330274543610035,0.,-0.943884911333571));
#5540=DIRECTION('',(-0.0167239618374258,0.998717147292405,0.0477950709234894));
#5541=DIRECTION('center_axis',(0.943884911333571,0.,0.330274543610035));
#5542=DIRECTION('ref_axis',(0.330274543610035,0.,-0.943884911333571));
#5543=DIRECTION('',(0.,-1.,0.));
#5544=DIRECTION('center_axis',(0.993712415931059,0.,0.111962647451988));
#5545=DIRECTION('ref_axis',(0.111962647451988,0.,-0.993712415931059));
#5546=DIRECTION('',(-0.0226636641995357,-0.979298460274154,0.201148910088326));
#5547=DIRECTION('',(0.,1.,0.));
#5548=DIRECTION('center_axis',(0.992430511988387,0.00225296284212455,0.122786819459178));
#5549=DIRECTION('ref_axis',(0.122787131083585,0.,-0.992433030707998));
#5550=DIRECTION('center_axis',(0.111963782821975,9.01621018746272E-6,0.993712287966141));
#5551=DIRECTION('ref_axis',(0.993712288006531,0.,-0.111963782826525));
#5552=DIRECTION('',(-7.91729590065323E-5,-0.999999996703932,1.79938543196664E-5));
#5553=DIRECTION('center_axis',(0.330445743064406,-9.17931793543727E-6,0.943824989500889));
#5554=DIRECTION('ref_axis',(0.943824989540652,0.,-0.330445743078327));
#5555=DIRECTION('',(-0.0476362321118696,0.998725341070064,0.0166877947814882));
#5556=DIRECTION('center_axis',(0.330617162722527,0.,0.943764955756096));
#5557=DIRECTION('ref_axis',(0.943764955756096,0.,-0.330617162722527));
#5558=DIRECTION('',(0.,-1.,0.));
#5559=DIRECTION('center_axis',(0.532039400880088,0.,0.846719596980699));
#5560=DIRECTION('ref_axis',(0.846719596980699,0.,-0.532039400880088));
#5561=DIRECTION('',(0.,1.,0.));
#5562=DIRECTION('center_axis',(0.707099683039304,0.,0.707113879262538));
#5563=DIRECTION('ref_axis',(0.707113879262538,0.,-0.707099683039304));
#5564=DIRECTION('',(0.,1.,0.));
#5565=DIRECTION('center_axis',(0.846722200359577,0.,0.532035257683396));
#5566=DIRECTION('ref_axis',(0.532035257683396,0.,-0.846722200359577));
#5567=DIRECTION('',(0.,1.,0.));
#5568=DIRECTION('center_axis',(0.943884911333571,0.,0.330274543610035));
#5569=DIRECTION('ref_axis',(0.330274543610035,0.,-0.943884911333571));
#5570=DIRECTION('center_axis',(-1.,0.,0.));
#5571=DIRECTION('ref_axis',(0.,0.,1.));
#5572=DIRECTION('',(0.,-0.98369196399036,0.179861391023164));
#5573=DIRECTION('center_axis',(-1.,0.,0.));
#5574=DIRECTION('ref_axis',(0.,0.,1.));
#5575=DIRECTION('',(0.,1.,0.));
#5576=DIRECTION('center_axis',(1.,0.,0.));
#5577=DIRECTION('ref_axis',(0.,0.,-1.));
#5578=DIRECTION('center_axis',(-1.,0.,0.));
#5579=DIRECTION('ref_axis',(0.,0.,1.));
#5580=DIRECTION('',(0.,0.983692129321812,-0.179860486795516));
#5581=DIRECTION('',(0.,-1.,0.));
#5582=DIRECTION('center_axis',(-1.,0.,0.));
#5583=DIRECTION('ref_axis',(0.,0.,1.));
#5584=DIRECTION('center_axis',(1.,0.,0.));
#5585=DIRECTION('ref_axis',(0.,0.,-1.));
#5586=DIRECTION('',(0.,0.983692129321812,0.179860486795516));
#5587=DIRECTION('center_axis',(1.,0.,0.));
#5588=DIRECTION('ref_axis',(0.,0.,-1.));
#5589=DIRECTION('center_axis',(-0.943883410336513,0.,0.330278833247779));
#5590=DIRECTION('ref_axis',(0.330278833247779,0.,0.943883410336513));
#5591=DIRECTION('',(0.,-1.,0.));
#5592=DIRECTION('',(-0.0167239516907738,-0.998717182194394,-0.0477943451627377));
#5593=DIRECTION('',(0.,1.,0.));
#5594=DIRECTION('',(0.,-1.,0.));
#5595=DIRECTION('center_axis',(-0.846728654226961,0.,0.532024986359663));
#5596=DIRECTION('ref_axis',(0.532024986359663,0.,0.846728654226961));
#5597=DIRECTION('',(-0.0269398886594341,-0.998717149063075,-0.0428753841538677));
#5598=DIRECTION('',(-0.532024986359663,0.,-0.846728654226961));
#5599=DIRECTION('center_axis',(-0.846728654226961,0.,0.532024986359663));
#5600=DIRECTION('ref_axis',(0.532024986359663,0.,0.846728654226961));
#5601=DIRECTION('',(0.,-1.,0.));
#5602=DIRECTION('',(0.,-1.,0.));
#5603=DIRECTION('center_axis',(-0.707099073045601,0.,0.707114489243469));
#5604=DIRECTION('ref_axis',(0.707114489243469,0.,0.707099073045601));
#5605=DIRECTION('',(-0.0358050278181945,-0.99871720515092,-0.0358042472127877));
#5606=DIRECTION('',(-0.707114489243469,0.,-0.707099073045601));
#5607=DIRECTION('center_axis',(-0.707099073045601,0.,0.707114489243469));
#5608=DIRECTION('ref_axis',(0.707114489243469,0.,0.707099073045601));
#5609=DIRECTION('',(0.,-1.,0.));
#5610=DIRECTION('',(0.,-1.,0.));
#5611=DIRECTION('center_axis',(-0.532038551525198,0.,0.846720130675402));
#5612=DIRECTION('ref_axis',(0.846720130675401,0.,0.532038551525198));
#5613=DIRECTION('',(0.,-1.,0.));
#5614=DIRECTION('',(-0.0428745743424805,-0.998717171710077,-0.0269403379039037));
#5615=DIRECTION('',(-0.846720130675402,0.,-0.532038551525198));
#5616=DIRECTION('center_axis',(-0.707099073045601,0.,0.707114489243469));
#5617=DIRECTION('ref_axis',(0.707114489243469,0.,0.707099073045601));
#5618=DIRECTION('',(-0.707114489243469,0.,-0.707099073045601));
#5619=DIRECTION('',(-0.0358050213920098,-0.99871720561168,-0.0358042407867431));
#5620=DIRECTION('center_axis',(-0.532038551525198,0.,0.846720130675402));
#5621=DIRECTION('ref_axis',(0.846720130675401,0.,0.532038551525198));
#5622=DIRECTION('',(-0.0428745820374882,-0.998717171249304,-0.0269403427390795));
#5623=DIRECTION('',(-0.846720130675402,0.,-0.532038551525198));
#5624=DIRECTION('center_axis',(-0.532038551525198,0.,0.846720130675402));
#5625=DIRECTION('ref_axis',(0.846720130675401,0.,0.532038551525198));
#5626=DIRECTION('',(0.,-1.,0.));
#5627=DIRECTION('',(-3.5152471271049E-5,-0.999999999138209,-2.20881365873063E-5));
#5628=DIRECTION('',(0.,1.,0.));
#5629=DIRECTION('',(0.,-1.,0.));
#5630=DIRECTION('center_axis',(-0.330778085724986,0.,0.943708566244958));
#5631=DIRECTION('ref_axis',(0.943708566244958,0.,0.330778085724986));
#5632=DIRECTION('',(-0.943708566244958,0.,-0.330778085724986));
#5633=DIRECTION('',(-0.0475570849260381,-0.998729423987851,-0.01666917317185));
#5634=DIRECTION('center_axis',(-0.532038551525198,0.,0.846720130675402));
#5635=DIRECTION('ref_axis',(0.846720130675401,0.,0.532038551525198));
#5636=DIRECTION('',(-0.846720130675402,0.,-0.532038551525198));
#5637=DIRECTION('',(0.,-1.,0.));
#5638=DIRECTION('center_axis',(-0.330444634414561,-9.25354783390319E-6,
0.943825377652561));
#5639=DIRECTION('ref_axis',(0.94382537769297,0.,0.330444634428708));
#5640=DIRECTION('',(-0.94382537769297,0.,-0.330444634428708));
#5641=DIRECTION('',(7.93978821841122E-5,-0.999999996686099,1.79938543193455E-5));
#5642=DIRECTION('',(-0.0476361872865231,-0.998725343207502,-0.0166877948172029));
#5643=DIRECTION('center_axis',(-0.846728654226961,0.,0.532024986359663));
#5644=DIRECTION('ref_axis',(0.532024986359663,0.,0.846728654226961));
#5645=DIRECTION('',(0.,-1.,0.));
#5646=DIRECTION('',(-0.0269398934945299,-0.998717148602294,-0.0428753918490218));
#5647=DIRECTION('center_axis',(-0.707099073045601,0.,0.707114489243469));
#5648=DIRECTION('ref_axis',(0.707114489243469,0.,0.707099073045601));
#5649=DIRECTION('',(-0.0358050342443815,-0.998717204690159,-0.0358042536388346));
#5650=DIRECTION('center_axis',(-0.707099073045601,0.,0.707114489243469));
#5651=DIRECTION('ref_axis',(0.707114489243469,0.,0.707099073045601));
#5652=DIRECTION('',(0.,-1.,0.));
#5653=DIRECTION('center_axis',(-0.532038551525198,0.,0.846720130675401));
#5654=DIRECTION('ref_axis',(0.846720130675402,0.,0.532038551525198));
#5655=DIRECTION('',(-0.0428745897324986,-0.998717170788531,-0.0269403475742571));
#5656=DIRECTION('center_axis',(-0.532038551525198,0.,0.846720130675401));
#5657=DIRECTION('ref_axis',(0.846720130675402,0.,0.532038551525198));
#5658=DIRECTION('',(0.,-1.,0.));
#5659=DIRECTION('center_axis',(-0.330951961267542,0.,0.94364760336323));
#5660=DIRECTION('ref_axis',(0.94364760336323,0.,0.330951961267542));
#5661=DIRECTION('',(-0.0474779895580029,-0.998733485780102,-0.0166512728960036));
#5662=DIRECTION('',(-0.94364760336323,0.,-0.330951961267542));
#5663=DIRECTION('center_axis',(-0.330778085710736,-9.28212671912092E-6,
0.943708566204304));
#5664=DIRECTION('ref_axis',(0.943708566244958,0.,0.330778085724986));
#5665=DIRECTION('',(7.9397896470854E-5,-0.999999996686098,1.79938575571341E-5));
#5666=DIRECTION('center_axis',(-0.99243093890025,0.0022519683674146,0.122783387117479));
#5667=DIRECTION('ref_axis',(0.122783698458136,0.,0.992433455397863));
#5668=DIRECTION('',(0.0226642821890876,-0.979297880193455,0.201151664575414));
#5669=DIRECTION('',(-0.00468859276352448,-0.999797699462688,-0.0195595819744231));
#5670=DIRECTION('center_axis',(-0.943883410336513,0.,0.330278833247779));
#5671=DIRECTION('ref_axis',(0.330278833247779,0.,0.943883410336513));
#5672=DIRECTION('',(-0.330278833247779,0.,-0.943883410336513));
#5673=DIRECTION('',(0.,-1.,0.));
#5674=DIRECTION('',(-0.0167239486892066,-0.998717182655162,-0.0477943365847448));
#5675=DIRECTION('center_axis',(-0.943881455843822,-0.00203503846229059,
0.330278149341739));
#5676=DIRECTION('ref_axis',(0.330278833247779,0.,0.943883410336513));
#5677=DIRECTION('',(0.062500385572676,-0.983014281039032,0.172559048086684));
#5678=DIRECTION('center_axis',(-0.932575282707385,0.00406843003796583,0.360952614563557));
#5679=DIRECTION('ref_axis',(0.360955601866674,0.,0.932583000853579));
#5680=DIRECTION('',(-0.0182255801934669,-0.999191826955485,-0.0358262637177154));
#5681=DIRECTION('center_axis',(-0.943883410336513,0.,0.330278833247779));
#5682=DIRECTION('ref_axis',(0.330278833247779,0.,0.943883410336513));
#5683=DIRECTION('',(-0.330278833247779,0.,-0.943883410336513));
#5684=DIRECTION('',(0.,-1.,0.));
#5685=DIRECTION('',(-0.016723954692342,-0.998717181733625,-0.0477943537407337));
#5686=DIRECTION('center_axis',(-0.943883410336513,0.,0.330278833247779));
#5687=DIRECTION('ref_axis',(0.330278833247779,0.,0.943883410336513));
#5688=DIRECTION('',(0.,-1.,0.));
#5689=DIRECTION('center_axis',(-0.846728654226961,0.,0.532024986359663));
#5690=DIRECTION('ref_axis',(0.532024986359663,0.,0.846728654226961));
#5691=DIRECTION('',(-0.532024986359663,0.,-0.846728654226961));
#5692=DIRECTION('',(-0.0269398838243399,-0.998717149523855,-0.0428753764587164));
#5693=DIRECTION('center_axis',(-0.846723071714208,-0.00363125723841315,
0.532021478699615));
#5694=DIRECTION('ref_axis',(0.532024986359663,0.,0.846728654226961));
#5695=DIRECTION('',(0.090484332024641,-0.986391462734158,0.137275153990889));
#5696=DIRECTION('center_axis',(-0.816487668744216,0.00544885725873383,0.577337160369233));
#5697=DIRECTION('ref_axis',(0.577345731143342,0.,0.81649978979211));
#5698=DIRECTION('',(-0.0390704924194875,-0.998184727867423,-0.0458338922014908));
#5699=DIRECTION('center_axis',(-0.279428968599378,0.,0.960166366577943));
#5700=DIRECTION('ref_axis',(0.960166366577943,0.,0.279428968599378));
#5701=DIRECTION('',(-0.0325938112049004,-0.999423668331207,-0.0094854968521425));
#5702=DIRECTION('center_axis',(-0.279310105574713,-4.20466580274519E-6,
0.960200950273516));
#5703=DIRECTION('ref_axis',(0.960200950282004,0.,0.279310105577182));
#5704=DIRECTION('',(7.9386650308903E-5,-0.99999999667378,1.87136118591889E-5));
#5705=DIRECTION('',(0.100121443161206,-0.994549013659254,0.0291196849008091));
#5706=DIRECTION('center_axis',(-0.169111590964261,5.0188753123434E-6,0.985596910393061));
#5707=DIRECTION('ref_axis',(0.985596910405474,0.,0.169111590966391));
#5708=DIRECTION('',(-0.0251776152020192,-0.99967368117288,-0.00431495805343439));
#5709=DIRECTION('center_axis',(-0.0566042683112639,-0.00288380243301424,
0.998392528263545));
#5710=DIRECTION('ref_axis',(0.998396679763554,0.,0.0566045036822364));
#5711=DIRECTION('',(-0.0507129896901675,-0.998696658912996,-0.00575987436535292));
#5712=DIRECTION('center_axis',(-0.330617440454774,0.,0.943764858461648));
#5713=DIRECTION('ref_axis',(0.943764858461648,0.,0.330617440454774));
#5714=DIRECTION('',(-0.943764858461648,0.,-0.330617440454774));
#5715=DIRECTION('center_axis',(-0.330617440442579,-8.58907854351569E-6,
0.943764858426836));
#5716=DIRECTION('ref_axis',(0.943764858461648,0.,0.330617440454774));
#5717=DIRECTION('',(7.93978821830634E-5,-0.999999996672889,1.87136084918722E-5));
#5718=DIRECTION('center_axis',(-0.113067097128623,9.61631673405259E-6,0.993587354717457));
#5719=DIRECTION('ref_axis',(0.993587354763397,0.,0.11306709713385));
#5720=DIRECTION('',(-0.0168710244840546,-0.999855849459584,-0.0019101922185804));
#5721=DIRECTION('',(-0.0126342215739162,-0.999919165282315,-0.00142805684040152));
#5722=DIRECTION('center_axis',(-0.113025452245614,8.90457146300483E-6,0.993592092895965));
#5723=DIRECTION('ref_axis',(0.993592092935356,0.,0.113025452250095));
#5724=DIRECTION('',(-0.0253416367798016,-0.999674718561505,-0.00287376308962732));
#5725=DIRECTION('center_axis',(-0.113025452121206,8.90456826858656E-6,0.993592092910117));
#5726=DIRECTION('ref_axis',(0.993592092949508,0.,0.113025452125687));
#5727=DIRECTION('',(7.93978678973756E-5,-0.9999999966861,1.79938510815582E-5));
#5728=DIRECTION('center_axis',(-0.330951961253239,-9.297025683118E-6,0.943647603322448));
#5729=DIRECTION('ref_axis',(0.94364760336323,0.,0.330951961267542));
#5730=DIRECTION('',(-0.0473988676835447,-0.998737542382507,-0.0166333634021542));
#5731=DIRECTION('center_axis',(-0.29617880663535,-0.00185083286464731,0.955130718235869));
#5732=DIRECTION('ref_axis',(0.95513235417951,0.,0.296179313929091));
#5733=DIRECTION('',(-0.0182782983722282,-0.99980401193424,-0.00760536184630559));
#5734=DIRECTION('center_axis',(-0.384159299324098,0.,0.923266826406548));
#5735=DIRECTION('ref_axis',(0.923266826406548,0.,0.384159299324098));
#5736=DIRECTION('',(-0.0923502820872166,-0.994984867817064,-0.0384257493547007));
#5737=DIRECTION('center_axis',(-0.446555129455235,0.00689340946777214,0.894729566552446));
#5738=DIRECTION('ref_axis',(0.894750825679339,0.,0.446565739780987));
#5739=DIRECTION('',(0.109135450652142,-0.992084420704019,0.0621124432567585));
#5740=DIRECTION('center_axis',(-0.532030457522341,-0.0055159900176437,0.846707249362313));
#5741=DIRECTION('ref_axis',(0.846720130675402,0.,0.532038551525198));
#5742=DIRECTION('',(-0.064805465116265,-0.996780346493734,-0.0472143255262139));
#5743=DIRECTION('center_axis',(-0.65115847356288,0.00638753776194528,0.758914910690652));
#5744=DIRECTION('ref_axis',(0.75893039327095,0.,0.651171757810181));
#5745=DIRECTION('',(0.1058880526103,-0.989419461712468,0.0991808907955985));
#5746=DIRECTION('center_axis',(-0.707090955216062,-0.00479174370742269,
0.707106371236945));
#5747=DIRECTION('ref_axis',(0.707114489243469,0.,0.707099073045601));
#5748=DIRECTION('',(-0.707114489243469,0.,-0.707099073045601));
#5749=DIRECTION('center_axis',(-0.707099073045601,0.,0.707114489243469));
#5750=DIRECTION('ref_axis',(0.707114489243469,0.,0.707099073045601));
#5751=DIRECTION('',(0.,-1.,0.));
#5752=DIRECTION('center_axis',(-0.846728654226961,0.,0.532024986359663));
#5753=DIRECTION('ref_axis',(0.532024986359663,0.,0.846728654226961));
#5754=DIRECTION('',(-0.532024986359663,0.,-0.846728654226961));
#5755=DIRECTION('center_axis',(-0.846728654226961,0.,0.532024986359663));
#5756=DIRECTION('ref_axis',(0.532024986359663,0.,0.846728654226961));
#5757=DIRECTION('',(0.,-1.,0.));
#5758=DIRECTION('center_axis',(-0.943883410336513,0.,0.330278833247779));
#5759=DIRECTION('ref_axis',(0.330278833247779,0.,0.943883410336513));
#5760=DIRECTION('',(-0.330278833247779,0.,-0.943883410336513));
#5761=DIRECTION('center_axis',(-0.943883410336513,0.,0.330278833247779));
#5762=DIRECTION('ref_axis',(0.330278833247779,0.,0.943883410336513));
#5763=DIRECTION('',(0.,-1.,0.));
#5764=DIRECTION('center_axis',(-0.993712246842384,0.,0.111964148170121));
#5765=DIRECTION('ref_axis',(0.111964148170121,0.,0.993712246842384));
#5766=DIRECTION('center_axis',(-0.330444634428708,0.,0.94382537769297));
#5767=DIRECTION('ref_axis',(0.94382537769297,0.,0.330444634428708));
#5768=DIRECTION('',(0.0477152909972351,0.998721267748672,0.0167056981756322));
#5769=DIRECTION('center_axis',(-0.330272368723094,-9.2387857073595E-6,0.943885672299713));
#5770=DIRECTION('ref_axis',(0.943885672339996,0.,0.330272368737189));
#5771=DIRECTION('',(-7.93978850861062E-5,0.999999996686099,-1.79938549770212E-5));
#5772=DIRECTION('center_axis',(-0.113011570391663,8.90570078875885E-6,0.993593671919411));
#5773=DIRECTION('ref_axis',(0.993593671958813,0.,0.113011570396145));
#5774=DIRECTION('center_axis',(-0.33078857945638,0.,-0.943704888035042));
#5775=DIRECTION('ref_axis',(-0.943704888035042,0.,0.33078857945638));
#5776=DIRECTION('',(0.0475569948285419,0.998729418894408,-0.0166697353823218));
#5777=DIRECTION('',(0.,-1.,0.));
#5778=DIRECTION('',(0.943704888035042,0.,-0.33078857945638));
#5779=DIRECTION('center_axis',(-0.330618601594486,-9.08809314841839E-6,
-0.943764451649411));
#5780=DIRECTION('ref_axis',(-0.943764451688385,0.,0.33061860160814));
#5781=DIRECTION('',(0.943764451688385,0.,-0.33061860160814));
#5782=DIRECTION('',(7.94091283427107E-5,-0.999999996681677,-1.81889048885471E-5));
#5783=DIRECTION('center_axis',(-0.532032030905145,0.,-0.846724227887065));
#5784=DIRECTION('ref_axis',(-0.846724227887065,0.,0.532032030905145));
#5785=DIRECTION('',(0.0428745937723657,-0.99871718296953,-0.0269398895740435));
#5786=DIRECTION('',(0.846724227887065,0.,-0.532032030905145));
#5787=DIRECTION('center_axis',(-0.33061860160814,0.,-0.943764451688385));
#5788=DIRECTION('ref_axis',(-0.943764451688385,0.,0.33061860160814));
#5789=DIRECTION('',(0.,-1.,0.));
#5790=DIRECTION('',(0.0476361088117527,0.998725346310378,-0.0166878331274497));
#5791=DIRECTION('center_axis',(-0.532032030905145,0.,-0.846724227887065));
#5792=DIRECTION('ref_axis',(-0.846724227887065,0.,0.532032030905145));
#5793=DIRECTION('',(0.,-1.,0.));
#5794=DIRECTION('',(0.,1.,0.));
#5795=DIRECTION('',(-3.4743324253464E-5,-0.999999999158162,2.18306749165466E-5));
#5796=DIRECTION('',(0.,-1.,0.));
#5797=DIRECTION('center_axis',(-0.707106781186548,0.,-0.707106781186548));
#5798=DIRECTION('ref_axis',(-0.707106781186548,0.,0.707106781186548));
#5799=DIRECTION('',(0.707106781186548,0.,-0.707106781186548));
#5800=DIRECTION('',(0.0358049483969307,-0.998717182860386,-0.0358049483969307));
#5801=DIRECTION('center_axis',(-0.532032030905145,0.,-0.846724227887065));
#5802=DIRECTION('ref_axis',(-0.846724227887065,0.,0.532032030905145));
#5803=DIRECTION('',(0.,-1.,0.));
#5804=DIRECTION('',(0.0428746014673784,-0.998717182508761,-0.0269398944091399));
#5805=DIRECTION('center_axis',(-0.707106781186548,0.,-0.707106781186548));
#5806=DIRECTION('ref_axis',(-0.707106781186548,0.,0.707106781186548));
#5807=DIRECTION('',(0.0358049548231031,-0.998717182399618,-0.0358049548231031));
#5808=DIRECTION('',(0.707106781186548,0.,-0.707106781186548));
#5809=DIRECTION('center_axis',(-0.707106781186548,0.,-0.707106781186548));
#5810=DIRECTION('ref_axis',(-0.707106781186548,0.,0.707106781186548));
#5811=DIRECTION('',(0.,-1.,0.));
#5812=DIRECTION('center_axis',(-0.846724227887065,0.,-0.532032030905145));
#5813=DIRECTION('ref_axis',(-0.532032030905145,0.,0.846724227887065));
#5814=DIRECTION('',(0.0269398944091399,-0.998717182508761,-0.0428746014673784));
#5815=DIRECTION('',(0.532032030905145,0.,-0.846724227887065));
#5816=DIRECTION('center_axis',(-0.707106781186548,0.,-0.707106781186548));
#5817=DIRECTION('ref_axis',(-0.707106781186548,0.,0.707106781186548));
#5818=DIRECTION('',(0.,-1.,0.));
#5819=DIRECTION('',(0.,1.,0.));
#5820=DIRECTION('center_axis',(-0.846724227887065,0.,-0.532032030905145));
#5821=DIRECTION('ref_axis',(-0.532032030905145,0.,0.846724227887065));
#5822=DIRECTION('',(0.532032030905145,0.,-0.846724227887065));
#5823=DIRECTION('',(0.0269398895740435,-0.99871718296953,-0.0428745937723657));
#5824=DIRECTION('center_axis',(-0.846724227887065,0.,-0.532032030905145));
#5825=DIRECTION('ref_axis',(-0.532032030905145,0.,0.846724227887065));
#5826=DIRECTION('',(0.,-1.,0.));
#5827=DIRECTION('center_axis',(-0.943883337747361,0.,-0.330279040695746));
#5828=DIRECTION('ref_axis',(-0.330279040695746,0.,0.943883337747361));
#5829=DIRECTION('',(0.330279040695746,0.,-0.943883337747361));
#5830=DIRECTION('',(0.016723954719275,-0.998717183341999,-0.0477943201225009));
#5831=DIRECTION('center_axis',(-0.707106781186548,0.,-0.707106781186548));
#5832=DIRECTION('ref_axis',(-0.707106781186548,0.,0.707106781186548));
#5833=DIRECTION('',(0.,-1.,0.));
#5834=DIRECTION('',(0.0358049419707605,-0.998717183321155,-0.0358049419707605));
#5835=DIRECTION('center_axis',(-0.846724227887065,0.,-0.532032030905145));
#5836=DIRECTION('ref_axis',(-0.532032030905145,0.,0.846724227887065));
#5837=DIRECTION('',(0.0269398847389489,-0.998717183430298,-0.0428745860773557));
#5838=DIRECTION('',(0.532032030905145,0.,-0.846724227887065));
#5839=DIRECTION('center_axis',(-0.846724227887065,0.,-0.532032030905145));
#5840=DIRECTION('ref_axis',(-0.532032030905145,0.,0.846724227887065));
#5841=DIRECTION('',(0.,-1.,0.));
#5842=DIRECTION('center_axis',(-0.943883337747361,0.,-0.330279040695746));
#5843=DIRECTION('ref_axis',(-0.330279040695746,0.,0.943883337747361));
#5844=DIRECTION('',(0.0167239487161395,-0.998717184263535,-0.047794302966524));
#5845=DIRECTION('',(0.330279040695746,0.,-0.943883337747361));
#5846=DIRECTION('center_axis',(-0.943883337747361,0.,-0.330279040695746));
#5847=DIRECTION('ref_axis',(-0.330279040695746,0.,0.943883337747361));
#5848=DIRECTION('',(0.,-1.,0.));
#5849=DIRECTION('center_axis',(-0.330279040681979,-9.13061850779813E-6,
-0.943883337708016));
#5850=DIRECTION('ref_axis',(-0.943883337747361,0.,0.330279040695746));
#5851=DIRECTION('',(0.0477152011620846,0.998721268147993,-0.016705930890724));
#5852=DIRECTION('center_axis',(-0.169101165731875,4.5846680622222E-6,-0.985598699130179));
#5853=DIRECTION('ref_axis',(-0.985598699140538,0.,0.169101165733653));
#5854=DIRECTION('',(-0.0251775927136467,-0.999673681038274,0.00431512045415168));
#5855=DIRECTION('',(7.93416656659528E-5,-0.999999996685655,-1.82644683055438E-5));
#5856=DIRECTION('center_axis',(-0.279297432884131,-4.62229640631573E-6,
-0.960204636503578));
#5857=DIRECTION('ref_axis',(-0.960204636513836,0.,0.279297432887115));
#5858=DIRECTION('',(0.0325936922114594,0.999423672843113,-0.00948543034377814));
#5859=DIRECTION('',(0.100120907351933,-0.99454912678823,-0.0291176632955844));
#5860=DIRECTION('center_axis',(-0.279428102820415,0.,-0.960166618537733));
#5861=DIRECTION('ref_axis',(-0.960166618537733,0.,0.279428102820415));
#5862=DIRECTION('center_axis',(-0.0566075173055313,0.,-0.998396508900399));
#5863=DIRECTION('ref_axis',(-0.998396508900399,0.,0.0566075173055313));
#5864=DIRECTION('',(-0.0042654943742919,0.999990873492276,0.000241846845874201));
#5865=DIRECTION('center_axis',(-0.140746552390531,-0.000360917517216166,
-0.990045593762593));
#5866=DIRECTION('ref_axis',(-0.990045658244989,0.,0.140746561557457));
#5867=DIRECTION('',(-0.0126738743497855,0.99991865034111,0.00143722266169193));
#5868=DIRECTION('',(-0.0125521921235083,-0.999918908939155,0.00214895761343025));
#5869=DIRECTION('center_axis',(-0.169100873193744,4.57708359962759E-6,-0.98559874932153));
#5870=DIRECTION('ref_axis',(-0.985598749331854,0.,0.169100873195516));
#5871=DIRECTION('',(7.9386621740131E-5,-0.999999996682087,-1.82644617325162E-5));
#5872=DIRECTION('center_axis',(-0.330958965799076,-9.03854358855329E-6,
-0.943645146692077));
#5873=DIRECTION('ref_axis',(-0.943645146730622,0.,0.330958965812595));
#5874=DIRECTION('',(0.0473988003659879,0.998737543945934,-0.0166334613568362));
#5875=DIRECTION('',(0.943645146730622,0.,-0.330958965812595));
#5876=DIRECTION('center_axis',(-0.296168533109308,-0.00185148710590289,
-0.955133902649978));
#5877=DIRECTION('ref_axis',(-0.955135539755847,0.,0.296169040744146));
#5878=DIRECTION('',(-0.0182783524628623,-0.999804007296672,0.00760584148920412));
#5879=DIRECTION('center_axis',(-0.384178982027921,0.,-0.92325863644376));
#5880=DIRECTION('ref_axis',(-0.92325863644376,0.,0.384178982027921));
#5881=DIRECTION('',(-0.0923505448710582,-0.994984750003108,0.0384281683569696));
#5882=DIRECTION('',(0.,-1.,0.));
#5883=DIRECTION('center_axis',(-0.446562662723373,0.00689219702069468,-0.894725816036197));
#5884=DIRECTION('ref_axis',(-0.894747067596078,0.,0.446573269495858));
#5885=DIRECTION('',(0.109135183024554,-0.992084468822963,-0.0621121449191515));
#5886=DIRECTION('center_axis',(-0.494632467996872,0.,-0.869102250372949));
#5887=DIRECTION('ref_axis',(-0.869102250372949,0.,0.494632467996872));
#5888=DIRECTION('',(0.0216610915176037,-0.999689360706621,-0.0123279845981997));
#5889=DIRECTION('center_axis',(-0.567189174008858,-0.00213345886354669,
-0.823584779631355));
#5890=DIRECTION('ref_axis',(-0.823586653971235,0.,0.567190464835637));
#5891=DIRECTION('',(-0.0648057884070692,-0.996780398418138,0.0472127855386278));
#5892=DIRECTION('',(0.0428745860773557,-0.998717183430298,-0.0269398847389489));
#5893=DIRECTION('center_axis',(-0.651156342655346,0.00638869643813761,-0.758916729277683));
#5894=DIRECTION('ref_axis',(-0.758932217512745,0.,0.651169631679172));
#5895=DIRECTION('',(0.105887731233746,-0.989419425980064,-0.0991815903656014));
#5896=DIRECTION('center_axis',(-0.846724227887065,0.,-0.532032030905145));
#5897=DIRECTION('ref_axis',(-0.532032030905145,0.,0.846724227887065));
#5898=DIRECTION('',(0.,-1.,0.));
#5899=DIRECTION('',(0.,-1.,0.));
#5900=DIRECTION('center_axis',(-0.943883337747361,0.,-0.330279040695746));
#5901=DIRECTION('ref_axis',(-0.330279040695746,0.,0.943883337747361));
#5902=DIRECTION('',(0.330279040695746,0.,-0.943883337747361));
#5903=DIRECTION('',(0.0167239517177067,-0.998717183802767,-0.0477943115445109));
#5904=DIRECTION('center_axis',(-0.943883337747361,0.,-0.330279040695746));
#5905=DIRECTION('ref_axis',(-0.330279040695746,0.,0.943883337747361));
#5906=DIRECTION('',(0.,-1.,0.));
#5907=DIRECTION('center_axis',(-0.993712235719757,0.,-0.111964246886411));
#5908=DIRECTION('ref_axis',(-0.111964246886411,0.,0.993712235719758));
#5909=DIRECTION('',(0.0226642830078865,-0.979297915572824,-0.201151492240204));
#5910=DIRECTION('',(0.,-1.,0.));
#5911=DIRECTION('center_axis',(-0.992430795092632,0.0022521871062153,-0.12278454546499));
#5912=DIRECTION('ref_axis',(-0.12278485686907,0.,0.992433312078772));
#5913=DIRECTION('',(-0.0046885929442826,-0.999797738007634,0.0195576115878589));
#5914=DIRECTION('center_axis',(-0.943881384496938,-0.00203439170698926,
-0.330278357223912));
#5915=DIRECTION('ref_axis',(-0.330279040695746,0.,0.943883337747361));
#5916=DIRECTION('',(0.0625003661289575,-0.983013975225671,-0.172560797241927));
#5917=DIRECTION('center_axis',(-0.932576970072896,0.00406821986002527,-0.360948257340062));
#5918=DIRECTION('ref_axis',(-0.360951244298473,0.,0.932584687435615));
#5919=DIRECTION('',(-0.0182255794755294,-0.99919178759557,0.0358273618111918));
#5920=DIRECTION('center_axis',(-0.846718642578267,-0.00363217598687621,
-0.532028521423445));
#5921=DIRECTION('ref_axis',(-0.532032030905145,0.,0.846724227887065));
#5922=DIRECTION('',(0.090484385110282,-0.986392041433497,-0.137270960686786));
#5923=DIRECTION('center_axis',(-0.816484473306106,0.00544727986234736,-0.577341694312953));
#5924=DIRECTION('ref_axis',(-0.577350260192611,0.,0.816496587289576));
#5925=DIRECTION('',(-0.0390704885674408,-0.998184629454173,0.0458360387090357));
#5926=DIRECTION('center_axis',(-0.707098660326853,-0.00479261180780938,
-0.707098660326853));
#5927=DIRECTION('ref_axis',(-0.707106781186548,0.,0.707106781186548));
#5928=DIRECTION('',(0.707106781186548,0.,-0.707106781186548));
#5929=DIRECTION('center_axis',(-0.707106781186548,0.,-0.707106781186548));
#5930=DIRECTION('ref_axis',(-0.707106781186548,0.,0.707106781186548));
#5931=DIRECTION('',(0.,-1.,0.));
#5932=DIRECTION('center_axis',(-0.532032030905145,0.,-0.846724227887065));
#5933=DIRECTION('ref_axis',(-0.846724227887065,0.,0.532032030905145));
#5934=DIRECTION('',(0.846724227887065,0.,-0.532032030905145));
#5935=DIRECTION('center_axis',(-0.532032030905145,0.,-0.846724227887065));
#5936=DIRECTION('ref_axis',(-0.846724227887065,0.,0.532032030905145));
#5937=DIRECTION('',(0.,-1.,0.));
#5938=DIRECTION('center_axis',(-0.330958965812595,0.,-0.943645146730622));
#5939=DIRECTION('ref_axis',(-0.943645146730622,0.,0.330958965812595));
#5940=DIRECTION('',(0.0474779108207218,0.998733483385013,-0.0166516410523693));
#5941=DIRECTION('center_axis',(-0.330788579442696,-9.09589908959969E-6,
-0.943704887996003));
#5942=DIRECTION('ref_axis',(-0.943704888035042,0.,0.33078857945638));
#5943=DIRECTION('',(7.93866503096726E-5,-0.999999996683475,-1.81882052764046E-5));
#5944=DIRECTION('center_axis',(-0.111962703823715,9.18550130465741E-6,-0.993712409537141));
#5945=DIRECTION('ref_axis',(-0.993712409579062,0.,0.111962703828438));
#5946=DIRECTION('',(-0.0168709787150656,0.999855850380171,0.00191011458857935));
#5947=DIRECTION('center_axis',(-0.111962810924724,9.18367109229354E-6,-0.99371239746996));
#5948=DIRECTION('ref_axis',(-0.993712397511864,0.,0.111962810929445));
#5949=DIRECTION('',(-0.0252622442063902,0.999676780141141,0.00285556724620362));
#5950=DIRECTION('center_axis',(-0.111962725899216,9.18584708683402E-6,-0.993712407049865));
#5951=DIRECTION('ref_axis',(-0.99371240709179,0.,0.111962725903939));
#5952=DIRECTION('',(7.93866360249539E-5,-0.999999996683469,-1.81885534461125E-5));
#5953=DIRECTION('center_axis',(-0.330449289165425,-9.06646879032086E-6,
-0.943823747957141));
#5954=DIRECTION('ref_axis',(-0.943823747995932,0.,0.330449289179006));
#5955=DIRECTION('',(0.943823747995932,0.,-0.330449289179006));
#5956=DIRECTION('center_axis',(-0.330449289179006,0.,-0.943823747995932));
#5957=DIRECTION('ref_axis',(-0.943823747995932,0.,0.330449289179006));
#5958=DIRECTION('center_axis',(-0.943883337747361,0.,-0.330279040695746));
#5959=DIRECTION('ref_axis',(-0.330279040695746,0.,0.943883337747361));
#5960=DIRECTION('center_axis',(0.,0.,-1.));
#5961=DIRECTION('ref_axis',(-1.,0.,0.));
#5962=DIRECTION('',(0.,-1.,0.));
#5963=DIRECTION('',(0.,-1.,0.));
#5964=DIRECTION('center_axis',(-1.,0.,0.));
#5965=DIRECTION('ref_axis',(0.,0.,1.));
#5966=DIRECTION('',(0.,-1.,0.));
#5967=DIRECTION('center_axis',(0.,0.,1.));
#5968=DIRECTION('ref_axis',(1.,0.,0.));
#5969=DIRECTION('',(0.,-1.,0.));
#5970=DIRECTION('center_axis',(1.,0.,0.));
#5971=DIRECTION('ref_axis',(0.,0.,-1.));
#5972=CARTESIAN_POINT('',(0.,0.,0.));
#5973=CARTESIAN_POINT('Origin',(0.,54.9285576187843,97.7499984443188));
#5974=CARTESIAN_POINT('',(0.,56.2785576187843,97.7499984443188));
#5975=CARTESIAN_POINT('Origin',(0.,54.9285576187843,97.7499984443188));
#5976=CARTESIAN_POINT('',(2.00000002980232,56.2785576187843,97.7499984443188));
#5977=CARTESIAN_POINT('',(0.,56.2785576187843,97.7499984443188));
#5978=CARTESIAN_POINT('Origin',(2.00000002980232,54.9285576187843,97.7499984443188));
#5979=CARTESIAN_POINT('Origin',(0.,54.9285576187843,21.4499984443188));
#5980=CARTESIAN_POINT('',(0.,56.2785576187843,21.4499984443188));
#5981=CARTESIAN_POINT('Origin',(0.,54.9285576187843,21.4499984443188));
#5982=CARTESIAN_POINT('',(2.00000002980232,56.2785576187843,21.4499984443188));
#5983=CARTESIAN_POINT('',(0.,56.2785576187843,21.4499984443188));
#5984=CARTESIAN_POINT('Origin',(2.00000002980232,54.9285576187843,21.4499984443188));
#5985=CARTESIAN_POINT('Origin',(20.1760958457935,72.9918860164782,119.200000762939));
#5986=CARTESIAN_POINT('',(22.9260958457935,72.9918860164782,2.00000405311584));
#5987=CARTESIAN_POINT('Origin',(20.1760958457935,72.9918860164782,2.00000405311584));
#5988=CARTESIAN_POINT('',(22.9260958457935,72.9918860164782,0.));
#5989=CARTESIAN_POINT('',(22.9260958457935,72.9918860164782,119.200000762939));
#5990=CARTESIAN_POINT('',(17.9241507698428,74.5702533295272,0.));
#5991=CARTESIAN_POINT('Origin',(20.1760958457935,72.9918860164782,0.));
#5992=CARTESIAN_POINT('',(18.1460894553615,74.8470340037842,0.));
#5993=CARTESIAN_POINT('Origin',(20.1760958457935,72.9918860164782,0.));
#5994=CARTESIAN_POINT('',(18.3535997465784,75.051256786482,0.));
#5995=CARTESIAN_POINT('Origin',(20.1760958457935,72.9918860164782,0.));
#5996=CARTESIAN_POINT('',(21.4915523227115,75.406854806615,0.));
#5997=CARTESIAN_POINT('Origin',(20.1760958457935,72.9918860164782,0.));
#5998=CARTESIAN_POINT('',(21.6124543968611,75.3369604529887,0.));
#5999=CARTESIAN_POINT('Origin',(20.1760958457935,72.9918860164782,0.));
#6000=CARTESIAN_POINT('',(21.8141741518864,75.2007770194722,0.));
#6001=CARTESIAN_POINT('Origin',(20.1760958457935,72.9918860164782,0.));
#6002=CARTESIAN_POINT('',(22.0597410908034,74.9954779387397,0.));
#6003=CARTESIAN_POINT('Origin',(20.1760958457935,72.9918860164782,0.));
#6004=CARTESIAN_POINT('',(22.3101302802997,74.7263591446476,0.));
#6005=CARTESIAN_POINT('Origin',(20.1760958457935,72.9918860164782,0.));
#6006=CARTESIAN_POINT('',(22.5332101357774,74.4084001265222,0.));
#6007=CARTESIAN_POINT('Origin',(20.1760958457935,72.9918860164782,0.));
#6008=CARTESIAN_POINT('Origin',(20.1760958457935,72.9918860164782,0.));
#6009=CARTESIAN_POINT('Origin',(20.1760958457935,72.9918860164782,119.200000762939));
#6010=CARTESIAN_POINT('',(22.9260958457935,72.9918860164782,119.200000762939));
#6011=CARTESIAN_POINT('Origin',(20.1760958457935,72.9918860164782,119.200000762939));
#6012=CARTESIAN_POINT('',(22.9260958457935,72.9918860164782,117.200002670288));
#6013=CARTESIAN_POINT('',(22.9260958457935,72.9918860164782,119.200000762939));
#6014=CARTESIAN_POINT('Origin',(20.1760958457935,72.9918860164782,117.200002670288));
#6015=CARTESIAN_POINT('Origin',(2.99999803304672,80.,0.));
#6016=CARTESIAN_POINT('',(2.99999803304672,80.,0.));
#6017=CARTESIAN_POINT('',(19.7729551792145,74.5937728881836,0.));
#6018=CARTESIAN_POINT('',(31.2000036239624,80.,0.));
#6019=CARTESIAN_POINT('',(2.99999803304672,80.,0.));
#6020=CARTESIAN_POINT('',(19.7729551792145,74.5937728881836,0.));
#6021=CARTESIAN_POINT('Origin',(19.3750059604645,74.4289350509644,0.));
#6022=CARTESIAN_POINT('',(19.3750059604645,74.4289350509644,0.));
#6023=CARTESIAN_POINT('Origin',(19.0332794189453,74.16672706604,0.));
#6024=CARTESIAN_POINT('',(19.0332794189453,74.16672706604,0.));
#6025=CARTESIAN_POINT('Origin',(2.99999803304672,80.,0.));
#6026=CARTESIAN_POINT('',(21.6289472579956,73.8249921798706,0.));
#6027=CARTESIAN_POINT('',(31.2000036239624,-3.99999999254942,0.));
#6028=CARTESIAN_POINT('',(31.2000036239624,80.,0.));
#6029=CARTESIAN_POINT('',(2.99963196493105,-3.99999999254942,0.));
#6030=CARTESIAN_POINT('',(3.23338851332664,-3.99999999254942,0.));
#6031=CARTESIAN_POINT('',(2.99999803304672,0.500000007450581,0.));
#6032=CARTESIAN_POINT('',(3.00053705775309,7.12611977816752,0.));
#6033=CARTESIAN_POINT('',(2.99999803304672,0.500000007450581,0.));
#6034=CARTESIAN_POINT('Origin',(13.649605512619,0.500000007450581,21.3813328742981));
#6035=CARTESIAN_POINT('',(13.6770735689979,-2.99999997019768,21.4101229276748));
#6036=CARTESIAN_POINT('',(14.4182928810777,-2.99999997019768,20.827221993619));
#6037=CARTESIAN_POINT('',(24.11379688589,-2.99999997019768,13.2025982844919));
#6038=CARTESIAN_POINT('',(13.6849215853317,-3.99999999254942,21.4183486574473));
#6039=CARTESIAN_POINT('',(13.6496095302076,0.499488083347253,21.3813370852473));
#6040=CARTESIAN_POINT('',(14.4244347825617,-3.99999999254942,20.8367894260744));
#6041=CARTESIAN_POINT('',(2.04210985324152,-3.99999999254942,30.5743511024297));
#6042=CARTESIAN_POINT('',(14.3967993972223,0.499483763274528,20.7937409201187));
#6043=CARTESIAN_POINT('Origin',(32.2000002861023,-2.99999997019768,2.00000405311584));
#6044=CARTESIAN_POINT('',(32.2000002861023,-2.99999997019768,2.00000405311584));
#6045=CARTESIAN_POINT('',(2.00000002980232,-2.99999997019768,2.00000405311584));
#6046=CARTESIAN_POINT('',(25.7874971628189,-2.99999997019768,2.00000405311584));
#6047=CARTESIAN_POINT('',(2.00000002980232,-2.99999997019768,117.200002670288));
#6048=CARTESIAN_POINT('',(2.00000002980232,-2.99999997019768,2.00000405311584));
#6049=CARTESIAN_POINT('',(32.2000002861023,-2.99999997019768,117.200002670288));
#6050=CARTESIAN_POINT('',(32.2000002861023,-2.99999997019768,117.200002670288));
#6051=CARTESIAN_POINT('',(32.2000002861023,-2.99999997019768,2.00000405311584));
#6052=CARTESIAN_POINT('',(3.46677899360657,-2.99999997019768,56.3391256332397));
#6053=CARTESIAN_POINT('',(30.9667801856995,-2.99999997019768,56.3391256332397));
#6054=CARTESIAN_POINT('',(17.8333896398544,-2.99999997019768,56.3391256332397));
#6055=CARTESIAN_POINT('',(30.9667801856995,-2.99999997019768,103.839130401611));
#6056=CARTESIAN_POINT('',(30.9667801856995,-2.99999997019768,52.9195672273636));
#6057=CARTESIAN_POINT('',(3.46677899360657,-2.99999997019768,103.839130401611));
#6058=CARTESIAN_POINT('',(17.8333896398544,-2.99999997019768,103.839130401611));
#6059=CARTESIAN_POINT('',(3.46677899360657,-2.99999997019768,29.1695648431778));
#6060=CARTESIAN_POINT('',(13.0595279667551,-2.99999997019768,22.1228090923488));
#6061=CARTESIAN_POINT('',(22.1419095466619,-2.99999997019768,11.6411739373387));
#6062=CARTESIAN_POINT('',(15.2564880693128,-2.99999997019768,20.3951029008283));
#6063=CARTESIAN_POINT('',(25.2746987098067,-2.99999997019768,15.2303630477267));
#6064=CARTESIAN_POINT('',(16.1612948189643,-2.99999997019768,20.129425428534));
#6065=CARTESIAN_POINT('',(25.540286242944,-2.99999997019768,17.3754818542264));
#6066=CARTESIAN_POINT('',(17.0999737492995,-2.99999997019768,20.0397930655358));
#6067=CARTESIAN_POINT('',(24.9640439300995,-2.99999997019768,19.2888704973284));
#6068=CARTESIAN_POINT('',(18.0387037850208,-2.99999997019768,20.1294300826243));
#6069=CARTESIAN_POINT('',(23.7263942486625,-2.99999997019768,20.6725336245197));
#6070=CARTESIAN_POINT('',(18.9435342335644,-2.99999997019768,20.3951155553838));
#6071=CARTESIAN_POINT('',(22.1051195250191,-2.99999997019768,21.3234522224154));
#6072=CARTESIAN_POINT('',(19.7817096206731,-2.99999997019768,20.8272232206409));
#6073=CARTESIAN_POINT('',(20.4323032620003,-2.99999997019768,21.1626261729452));
#6074=CARTESIAN_POINT('',(20.5229254025083,-2.99999997019768,21.4101213784835));
#6075=CARTESIAN_POINT('',(19.0425934574635,-2.99999997019768,20.2459762200714));
#6076=CARTESIAN_POINT('',(21.1404802896156,-2.99999997019768,22.1228182584706));
#6077=CARTESIAN_POINT('',(18.2223661162745,-2.99999997019768,18.7551323892386));
#6078=CARTESIAN_POINT('',(21.611966239669,-2.99999997019768,22.9394555660222));
#6079=CARTESIAN_POINT('',(18.1652521547823,-2.99999997019768,16.969573939935));
#6080=CARTESIAN_POINT('',(21.9203901903381,-2.99999997019768,23.8305879141648));
#6081=CARTESIAN_POINT('',(18.9416896062685,-2.99999997019768,15.2241990778338));
#6082=CARTESIAN_POINT('',(22.0545929957097,-2.99999997019768,24.763990422107));
#6083=CARTESIAN_POINT('',(20.4866257513131,-2.99999997019768,13.85852123882));
#6084=CARTESIAN_POINT('',(22.0097261905524,-2.99999997019768,25.7058905918205));
#6085=CARTESIAN_POINT('',(22.6071135730284,-2.99999997019768,13.1647864288261));
#6086=CARTESIAN_POINT('',(21.7874042647261,-2.99999997019768,26.62230981999));
#6087=CARTESIAN_POINT('',(25.009048719559,-2.99999997019768,13.3425718285087));
#6088=CARTESIAN_POINT('',(21.3956414243176,-2.99999997019768,27.4801484817586));
#6089=CARTESIAN_POINT('',(27.3387219019109,-2.99999997019768,14.4666523615925));
#6090=CARTESIAN_POINT('',(20.8486831390987,-2.99999997019768,28.2482456923857));
#6091=CARTESIAN_POINT('',(29.2340816665471,-2.99999997019768,16.4725739583844));
#6092=CARTESIAN_POINT('',(20.1662167671749,-2.99999997019768,28.8989761528547));
#6093=CARTESIAN_POINT('',(30.3775353300093,-2.99999997019768,19.1625022345027));
#6094=CARTESIAN_POINT('',(19.3728888326205,-2.99999997019768,29.4088153056757));
#6095=CARTESIAN_POINT('',(30.5430391701369,-2.99999997019768,22.2302202544861));
#6096=CARTESIAN_POINT('',(18.4974420616077,-2.99999997019768,29.7592925039068));
#6097=CARTESIAN_POINT('',(29.6308495096167,-2.99999997019768,25.3021335099574));
#6098=CARTESIAN_POINT('',(17.571498940597,-2.99999997019768,29.9377528834827));
#6099=CARTESIAN_POINT('',(27.6844636645047,-2.99999997019768,27.9886444746457));
#6100=CARTESIAN_POINT('',(16.6285384092014,-2.99999997019768,29.9377528834827));
#6101=CARTESIAN_POINT('',(24.8876410722733,-2.99999997019768,29.9377528834827));
#6102=CARTESIAN_POINT('',(15.7025411846415,-2.99999997019768,29.7592823042718));
#6103=CARTESIAN_POINT('',(21.5414142991908,-2.99999997019768,30.8846280818341));
#6104=CARTESIAN_POINT('',(14.8271069455254,-2.99999997019768,29.4088101230722));
#6105=CARTESIAN_POINT('',(18.0245668622652,-2.99999997019768,30.688884286552));
#6106=CARTESIAN_POINT('',(14.0337863596146,-2.99999997019768,28.8989741728539));
#6107=CARTESIAN_POINT('',(14.7431809670752,-2.99999997019768,29.3548741963724));
#6108=CARTESIAN_POINT('',(13.3513438073241,-2.99999997019768,28.2482675519161));
#6109=CARTESIAN_POINT('',(12.0756949689143,-2.99999997019768,27.0319407821991));
#6110=CARTESIAN_POINT('',(12.8043409525481,-2.99999997019768,27.4801077519591));
#6111=CARTESIAN_POINT('',(10.3222369885692,-2.99999997019768,23.9944724069241));
#6112=CARTESIAN_POINT('',(12.4125947066021,-2.99999997019768,26.6223054268975));
#6113=CARTESIAN_POINT('',(9.66453133854477,-2.99999997019768,20.6049021436988));
#6114=CARTESIAN_POINT('',(12.1902817225622,-2.99999997019768,25.7059181824956));
#6115=CARTESIAN_POINT('',(10.1423108471147,-2.99999997019768,17.2640613324709));
#6116=CARTESIAN_POINT('',(12.1454117496973,-2.99999997019768,24.7639763394429));
#6117=CARTESIAN_POINT('',(11.6496782396277,-2.99999997019768,14.3571918837271));
#6118=CARTESIAN_POINT('',(12.2796106848098,-2.99999997019768,23.8306007497875));
#6119=CARTESIAN_POINT('',(13.951564678824,-2.99999997019768,12.2018866789065));
#6120=CARTESIAN_POINT('',(12.5880426000669,-2.99999997019768,22.9394453894826));
#6121=CARTESIAN_POINT('',(16.718165931742,-2.99999997019768,11.006239506186));
#6122=CARTESIAN_POINT('',(19.5721124121992,-2.99999997019768,10.8426862676337));
#6123=CARTESIAN_POINT('Origin',(13.0271208286285,0.500000007450581,22.0997190475464));
#6124=CARTESIAN_POINT('',(13.0687871493431,-3.99999999254942,22.1294062481963));
#6125=CARTESIAN_POINT('',(13.0271255971068,0.49948500752093,22.0997224450811));
#6126=CARTESIAN_POINT('',(2.54294858010146,-3.99999999254942,34.2768808519287));
#6127=CARTESIAN_POINT('Origin',(12.5518405437469,0.500000007450581,22.9229283332825));
#6128=CARTESIAN_POINT('',(12.598386045027,-3.99999999254942,22.9441645485326));
#6129=CARTESIAN_POINT('',(12.5518458356603,0.499488387439455,22.9229307476986));
#6130=CARTESIAN_POINT('',(4.22549154270048,-3.99999999254942,37.4464376746333));
#6131=CARTESIAN_POINT('Origin',(12.2409427165985,0.500000007450581,23.8212084770203));
#6132=CARTESIAN_POINT('',(12.2906586760448,-3.99999999254942,23.8332842563696));
#6133=CARTESIAN_POINT('',(12.2409484073162,0.49948491672325,23.8212098592696));
#6134=CARTESIAN_POINT('',(6.79446007487439,-3.99999999254942,39.7135048251471));
#6135=CARTESIAN_POINT('Origin',(12.1056640148163,0.500000007450581,24.7620940208435));
#6136=CARTESIAN_POINT('',(12.156768245704,-3.99999999254942,24.7645141447725));
#6137=CARTESIAN_POINT('',(12.1056698301925,0.499487932570674,24.7620942962401));
#6138=CARTESIAN_POINT('',(9.84452446325167,-3.99999999254942,40.8465486412804));
#6139=CARTESIAN_POINT('Origin',(12.1508932113647,0.500000007450581,25.7115769386292));
#6140=CARTESIAN_POINT('',(12.2015355832277,-3.99999999254942,25.7043013949824));
#6141=CARTESIAN_POINT('',(12.1508989978565,0.499485829066979,25.711576107312));
#6142=CARTESIAN_POINT('',(12.9197656457408,-3.99999999254942,40.7818890471442));
#6143=CARTESIAN_POINT('Origin',(12.3749959468842,0.500000007450581,26.6353416442871));
#6144=CARTESIAN_POINT('',(12.4233372096873,-3.99999999254942,26.6185807932506));
#6145=CARTESIAN_POINT('',(12.3750014325742,0.499489354571022,26.6353397422923));
#6146=CARTESIAN_POINT('',(15.5796845524369,-3.99999999254942,39.6292308742124));
#6147=CARTESIAN_POINT('Origin',(12.7698743343353,0.500000007450581,27.5000023841858));
#6148=CARTESIAN_POINT('',(12.8141885580347,-3.99999999254942,27.4744235711596));
#6149=CARTESIAN_POINT('',(12.7698793976704,0.499485838276554,27.4999994615553));
#6150=CARTESIAN_POINT('',(17.4622857507544,-3.99999999254942,37.6523094355132));
#6151=CARTESIAN_POINT('Origin',(13.3212530612946,0.500000007450581,28.2743072509766));
#6152=CARTESIAN_POINT('',(13.3599411635796,-3.99999999254942,28.240827637685));
#6153=CARTESIAN_POINT('',(13.3212575067788,0.499482931710111,28.2743034039775));
#6154=CARTESIAN_POINT('',(18.3352144243528,-3.99999999254942,35.227637449293));
#6155=CARTESIAN_POINT('Origin',(14.0092062950134,0.500000007450581,28.9302682876587));
#6156=CARTESIAN_POINT('',(14.0408092354168,-3.99999999254942,28.8900329969385));
#6157=CARTESIAN_POINT('',(14.0092098795706,0.499489595858743,28.930263723979));
#6158=CARTESIAN_POINT('',(18.1277850715971,-3.99999999254942,32.786950367184));
#6159=CARTESIAN_POINT('Origin',(14.8088681697845,0.500000007450581,29.4441795349121));
#6160=CARTESIAN_POINT('',(14.8323180244583,-3.99999999254942,29.3987045765418));
#6161=CARTESIAN_POINT('',(14.8088708490866,0.499485852488473,29.4441743390953));
#6162=CARTESIAN_POINT('',(16.9390879320962,-3.99999999254942,30.7526427660048));
#6163=CARTESIAN_POINT('Origin',(15.6913375854492,0.500000007450581,29.7974681854248));
#6164=CARTESIAN_POINT('',(15.7057422130741,-3.99999999254942,29.7483720522002));
#6165=CARTESIAN_POINT('',(15.6913392259168,0.499487526019484,29.7974625941233));
#6166=CARTESIAN_POINT('',(15.0212718013508,-3.99999999254942,29.4743505124379));
#6167=CARTESIAN_POINT('Origin',(16.6247200965881,0.500000007450581,29.9773621559143));
#6168=CARTESIAN_POINT('',(16.6296293556937,-3.99999999254942,29.9264359481771));
#6169=CARTESIAN_POINT('',(16.6247206621773,0.499481568467339,29.977356288774));
#6170=CARTESIAN_POINT('',(12.7404295051949,-3.99999999254942,29.1768572976411));
#6171=CARTESIAN_POINT('Origin',(17.5752818584442,0.500000007450581,29.9773621559143));
#6172=CARTESIAN_POINT('',(17.5704181068953,-3.99999999254942,29.9264359481771));
#6173=CARTESIAN_POINT('',(17.5752813034979,0.499486564600163,29.9773563453149));
#6174=CARTESIAN_POINT('',(10.5210304260254,-3.99999999254942,29.9264359481771));
#6175=CARTESIAN_POINT('Origin',(18.5086631774902,0.500000007450581,29.7974681854248));
#6176=CARTESIAN_POINT('',(18.4942360284063,-3.99999999254942,29.7483851660168));
#6177=CARTESIAN_POINT('',(18.5086615358729,0.499487967423516,29.7974626004313));
#6178=CARTESIAN_POINT('',(8.78132440109678,-3.99999999254942,31.6203898890556));
#6179=CARTESIAN_POINT('Origin',(19.3911325931549,0.500000007450581,29.4441795349121));
#6180=CARTESIAN_POINT('',(19.3676763294609,-3.99999999254942,29.3987112398892));
#6181=CARTESIAN_POINT('',(19.3911299238108,0.499487903370685,29.4441743605789));
#6182=CARTESIAN_POINT('',(7.86995213387282,-3.99999999254942,34.001721149266));
#6183=CARTESIAN_POINT('Origin',(20.1907968521118,0.500000007450581,28.9302682876587));
#6184=CARTESIAN_POINT('',(20.1591938855625,-3.99999999254942,28.8900355426537));
#6185=CARTESIAN_POINT('',(20.1907932242576,0.499483431136066,28.9302636691513));
#6186=CARTESIAN_POINT('',(8.01240823745201,-3.99999999254942,36.6962738390645));
#6187=CARTESIAN_POINT('Origin',(20.8787488937378,0.500000007450581,28.2743072509766));
#6188=CARTESIAN_POINT('',(20.8400929232407,-3.99999999254942,28.2407995325743));
#6189=CARTESIAN_POINT('',(20.8787444740611,0.499485506206356,28.2743034199182));
#6190=CARTESIAN_POINT('',(9.27523242315494,-3.99999999254942,39.2678732582234));
#6191=CARTESIAN_POINT('Origin',(21.430127620697,0.500000007450581,27.5000023841858));
#6192=CARTESIAN_POINT('',(21.3857882250689,-3.99999999254942,27.474475938045));
#6193=CARTESIAN_POINT('',(21.4301226257196,0.499493067783611,27.4999995085484));
#6194=CARTESIAN_POINT('',(11.5533830670852,-3.99999999254942,41.2821888472309));
#6195=CARTESIAN_POINT('Origin',(21.8250060081482,0.500000007450581,26.6353416442871));
#6196=CARTESIAN_POINT('',(21.776660909154,-3.99999999254942,26.6185864415123));
#6197=CARTESIAN_POINT('',(21.8250004658444,0.499484125435023,26.6353397234632));
#6198=CARTESIAN_POINT('',(14.5824638053699,-3.99999999254942,42.371638490997));
#6199=CARTESIAN_POINT('Origin',(22.0491099357605,0.500000007450581,25.7115769386292));
#6200=CARTESIAN_POINT('',(21.9984736915982,-3.99999999254942,25.7042659212571));
#6201=CARTESIAN_POINT('',(22.0491041208334,0.499483239821543,25.711576099052));
#6202=CARTESIAN_POINT('',(17.9745813332478,-3.99999999254942,42.2908995408223));
#6203=CARTESIAN_POINT('Origin',(22.0943379402161,0.500000007450581,24.7620940208435));
#6204=CARTESIAN_POINT('',(22.043237296953,-3.99999999254942,24.764532251055));
#6205=CARTESIAN_POINT('',(22.0943321133091,0.499486881200668,24.7620942988702));
#6206=CARTESIAN_POINT('',(21.2720103330296,-3.99999999254942,40.9550946425565));
#6207=CARTESIAN_POINT('Origin',(21.9590592384338,0.500000007450581,23.8212084770203));
#6208=CARTESIAN_POINT('',(21.9093418905647,-3.99999999254942,23.833267753426));
#6209=CARTESIAN_POINT('',(21.9590535622972,0.499486250865028,23.8212098538053));
#6210=CARTESIAN_POINT('',(24.0117193300984,-3.99999999254942,38.4556474366796));
#6211=CARTESIAN_POINT('Origin',(21.6481614112854,0.500000007450581,22.9229283332825));
#6212=CARTESIAN_POINT('',(21.6016247617671,-3.99999999254942,22.9441776326549));
#6213=CARTESIAN_POINT('',(21.6481560972209,0.49948614814366,22.9229307597603));
#6214=CARTESIAN_POINT('',(25.7917036104326,-3.99999999254942,35.0506135797124));
#6215=CARTESIAN_POINT('Origin',(21.1728811264038,0.500000007450581,22.0997190475464));
#6216=CARTESIAN_POINT('',(21.1312229074101,-3.99999999254942,22.1294180332101));
#6217=CARTESIAN_POINT('',(21.1728763993083,0.499489377605336,22.0997224175883));
#6218=CARTESIAN_POINT('',(26.3285637876696,-3.99999999254942,31.1314730518215));
#6219=CARTESIAN_POINT('Origin',(20.5503964424133,0.500000007450581,21.3813328742981));
#6220=CARTESIAN_POINT('',(20.5150765337384,-3.99999999254942,21.4183466656299));
#6221=CARTESIAN_POINT('',(20.550392395084,0.499484349773331,21.3813371157305));
#6222=CARTESIAN_POINT('',(25.4993088615333,-3.99999999254942,27.1704618270686));
#6223=CARTESIAN_POINT('Origin',(19.8032057285309,0.500000007450581,20.7937359809875));
#6224=CARTESIAN_POINT('',(19.7755678753944,-3.99999999254942,20.836791003674));
#6225=CARTESIAN_POINT('',(19.8032025915105,0.499489237248991,20.7937408679259));
#6226=CARTESIAN_POINT('',(23.3606041535154,-3.99999999254942,23.6560928770655));
#6227=CARTESIAN_POINT('Origin',(18.9583110809326,0.500000007450581,20.3581643104553));
#6228=CARTESIAN_POINT('',(18.9393122770522,-3.99999999254942,20.4056730542382));
#6229=CARTESIAN_POINT('',(18.9583089210829,0.499488431881168,20.3581697114137));
#6230=CARTESIAN_POINT('',(20.1428749957508,-3.99999999254942,21.0261502054003));
#6231=CARTESIAN_POINT('Origin',(18.046258687973,0.500000007450581,20.0903582572937));
#6232=CARTESIAN_POINT('',(18.0365452412581,-3.99999999254942,20.140593461611));
#6233=CARTESIAN_POINT('',(18.0462575722979,0.499483142727478,20.0903640272504));
#6234=CARTESIAN_POINT('',(16.2202331883387,-3.99999999254942,19.60726953641));
#6235=CARTESIAN_POINT('Origin',(17.1000003814697,0.500000007450581,20.0000023841858));
#6236=CARTESIAN_POINT('',(17.0999661401078,-3.99999999254942,20.0511618319625));
#6237=CARTESIAN_POINT('',(17.1000003775346,0.49948285677362,20.0000082635509));
#6238=CARTESIAN_POINT('',(12.059430196597,-3.99999999254942,19.569853479922));
#6239=CARTESIAN_POINT('Origin',(16.1537444591522,0.500000007450581,20.0903582572937));
#6240=CARTESIAN_POINT('',(16.1634520646869,-3.99999999254942,20.1405874777806));
#6241=CARTESIAN_POINT('',(16.153745561077,0.499489205722835,20.0903639588876));
#6242=CARTESIAN_POINT('',(8.15739943123281,-3.99999999254942,20.9050676345568));
#6243=CARTESIAN_POINT('Origin',(14.3967962265015,0.500000007450581,20.7937359809875));
#6244=CARTESIAN_POINT('',(15.2607165206912,-3.99999999254942,20.4056567840954));
#6245=CARTESIAN_POINT('',(2.86402053816246,-3.99999999254942,26.796589465123));
#6246=CARTESIAN_POINT('',(15.2416906554186,0.499487880307041,20.3581697153853));
#6247=CARTESIAN_POINT('Origin',(15.2416884899139,0.500000007450581,20.3581643104553));
#6248=CARTESIAN_POINT('',(4.97266735810943,-3.99999999254942,23.4265260441966));
#6249=CARTESIAN_POINT('Origin',(31.8675637245178,0.500000007450581,119.124784469604));
#6250=CARTESIAN_POINT('',(31.2003619908353,-3.99999999254942,119.200000762939));
#6251=CARTESIAN_POINT('',(31.2000012397766,0.500000007450581,119.200000762939));
#6252=CARTESIAN_POINT('',(31.1970951510205,36.7504810218683,119.200000762939));
#6253=CARTESIAN_POINT('',(31.8672058267411,-3.99999999254942,119.124865441952));
#6254=CARTESIAN_POINT('',(21.3379767616038,-3.99999999254942,120.31122567048));
#6255=CARTESIAN_POINT('',(31.8686175346375,13.75,119.124546051025));
#6256=CARTESIAN_POINT('',(31.8675637245178,0.500000007450581,119.124784469604));
#6257=CARTESIAN_POINT('',(31.2000012397766,0.500000007450581,119.200000762939));
#6258=CARTESIAN_POINT('Origin',(31.8675661087036,0.500000007450581,0.0752160046249628));
#6259=CARTESIAN_POINT('',(31.8675661087036,0.500000007450581,0.0752160046249628));
#6260=CARTESIAN_POINT('',(31.2000036239624,80.,0.));
#6261=CARTESIAN_POINT('',(31.8673829955717,-3.99999999254942,0.0751953727912469));
#6262=CARTESIAN_POINT('',(31.8675661092493,0.50001341714243,0.0752160046864443));
#6263=CARTESIAN_POINT('',(20.9751536441678,-3.99999999254942,-1.15206049013961));
#6264=CARTESIAN_POINT('Origin',(2.33138397336006,13.75,0.0754560017958283));
#6265=CARTESIAN_POINT('',(2.33279348544375,-3.99999999254942,0.0751344961517924));
#6266=CARTESIAN_POINT('',(-0.238008021605072,-3.99999999254942,0.364793659322595));
#6267=CARTESIAN_POINT('',(2.33138397336006,13.75,0.0754560017958283));
#6268=CARTESIAN_POINT('',(2.33243614435196,0.500000007450581,0.0752160046249628));
#6269=CARTESIAN_POINT('',(2.99999803304672,0.500000007450581,0.));
#6270=CARTESIAN_POINT('Origin',(0.,0.500000007450581,2.99999803304672));
#6271=CARTESIAN_POINT('',(0.,-3.99999999254942,116.199998855591));
#6272=CARTESIAN_POINT('',(0.,70.,116.199998855591));
#6273=CARTESIAN_POINT('',(0.,0.500000007450581,116.199998855591));
#6274=CARTESIAN_POINT('',(0.,70.,2.99999803304672));
#6275=CARTESIAN_POINT('',(0.,70.,2.6344295591116));
#6276=CARTESIAN_POINT('',(0.,-3.99999999254942,2.99999803304672));
#6277=CARTESIAN_POINT('',(0.,0.500000007450581,2.99999803304672));
#6278=CARTESIAN_POINT('',(0.,-3.99999999254942,29.6695618331432));
#6279=CARTESIAN_POINT('Origin',(32.2000002861023,70.,2.00000405311584));
#6280=CARTESIAN_POINT('',(32.2000002861023,70.,117.200002670288));
#6281=CARTESIAN_POINT('',(32.2000002861023,70.,2.00000405311584));
#6282=CARTESIAN_POINT('',(32.2000002861023,70.,117.200002670288));
#6283=CARTESIAN_POINT('',(32.2000002861023,70.,2.00000405311584));
#6284=CARTESIAN_POINT('',(32.2000002861023,70.,117.200002670288));
#6285=CARTESIAN_POINT('Origin',(2.33243808150291,0.500000007450581,119.124784469604));
#6286=CARTESIAN_POINT('',(3.00000190734863,80.,119.200000762939));
#6287=CARTESIAN_POINT('',(3.00000190734863,-3.99999999254942,119.200000762939));
#6288=CARTESIAN_POINT('',(3.00000190734863,36.7500009573996,119.200000762939));
#6289=CARTESIAN_POINT('',(2.33243808150291,0.500000007450554,119.124784469604));
#6290=CARTESIAN_POINT('',(3.00000190734863,80.,119.200000762939));
#6291=CARTESIAN_POINT('',(2.33262374666378,-3.99999999254942,119.12480538902));
#6292=CARTESIAN_POINT('',(2.33243808094194,0.500013604083506,119.124784469541));
#6293=CARTESIAN_POINT('',(-0.600278510556341,-3.99999999254942,118.794347044873));
#6294=CARTESIAN_POINT('Origin',(32.2000002861023,70.,117.200002670288));
#6295=CARTESIAN_POINT('',(32.2000002861023,80.,117.200002670288));
#6296=CARTESIAN_POINT('',(2.00000002980232,80.,117.200002670288));
#6297=CARTESIAN_POINT('',(32.2000002861023,80.,117.200002670288));
#6298=CARTESIAN_POINT('',(32.2000002861023,70.,117.200002670288));
#6299=CARTESIAN_POINT('',(2.00000002980232,70.,117.200002670288));
#6300=CARTESIAN_POINT('',(2.00000002980232,70.,117.200002670288));
#6301=CARTESIAN_POINT('',(2.00000002980232,70.,117.200002670288));
#6302=CARTESIAN_POINT('Origin',(21.3667321205139,74.1667175292969,0.));
#6303=CARTESIAN_POINT('',(21.3667321205139,74.1667175292969,0.));
#6304=CARTESIAN_POINT('Origin',(31.2000036239624,80.,0.));
#6305=CARTESIAN_POINT('',(21.0250067710876,74.4289350509644,0.));
#6306=CARTESIAN_POINT('Origin',(20.6270575523376,74.5937728881836,0.));
#6307=CARTESIAN_POINT('',(20.6270575523376,74.5937728881836,0.));
#6308=CARTESIAN_POINT('Origin',(20.2000069618225,74.6499967575073,0.));
#6309=CARTESIAN_POINT('',(20.2000069618225,74.6499967575073,0.));
#6310=CARTESIAN_POINT('Origin',(31.2000036239624,80.,0.));
#6311=CARTESIAN_POINT('Origin',(0.0904570054262877,70.,2.26886108517647));
#6312=CARTESIAN_POINT('',(2.00000002980232,70.,119.028425216675));
#6313=CARTESIAN_POINT('',(2.00000002980232,70.,119.028425216675));
#6314=CARTESIAN_POINT('',(2.00000002980232,70.,2.00000405311584));
#6315=CARTESIAN_POINT('',(2.00000002980232,70.,117.200002670288));
#6316=CARTESIAN_POINT('',(2.00000002980232,70.,0.171572007238865));
#6317=CARTESIAN_POINT('',(2.00000002980232,70.,0.171572007238865));
#6318=CARTESIAN_POINT('',(1.34082898497581,70.,0.500567965209484));
#6319=CARTESIAN_POINT('',(1.34082898497581,70.,0.500567965209484));
#6320=CARTESIAN_POINT('',(0.781714990735054,70.,0.980292037129402));
#6321=CARTESIAN_POINT('',(0.781714990735054,70.,0.980292037129402));
#6322=CARTESIAN_POINT('',(0.356374010443687,70.,1.58181503415108));
#6323=CARTESIAN_POINT('',(0.356374010443687,70.,1.58181503415108));
#6324=CARTESIAN_POINT('',(0.0904570054262877,70.,2.26886108517647));
#6325=CARTESIAN_POINT('',(0.0904570054262877,70.,2.26886108517647));
#6326=CARTESIAN_POINT('',(0.,70.,2.99999803304672));
#6327=CARTESIAN_POINT('',(0.0904570054262877,70.,116.931142807007));
#6328=CARTESIAN_POINT('',(0.,70.,116.199998855591));
#6329=CARTESIAN_POINT('',(0.356374010443687,70.,117.618179321289));
#6330=CARTESIAN_POINT('',(0.356374010443687,70.,117.618179321289));
#6331=CARTESIAN_POINT('',(0.781714990735054,70.,118.219709396362));
#6332=CARTESIAN_POINT('',(0.781714990735054,70.,118.219709396362));
#6333=CARTESIAN_POINT('',(1.34082898497581,70.,118.699436187744));
#6334=CARTESIAN_POINT('',(1.34082898497581,70.,118.699436187744));
#6335=CARTESIAN_POINT('',(2.00000002980232,70.,119.028425216675));
#6336=CARTESIAN_POINT('Origin',(32.8591704368591,70.,118.699436187744));
#6337=CARTESIAN_POINT('',(34.2000007629395,70.,116.200008392334));
#6338=CARTESIAN_POINT('',(34.2000007629395,70.,2.99999803304672));
#6339=CARTESIAN_POINT('',(34.2000007629395,70.,116.200008392334));
#6340=CARTESIAN_POINT('',(34.1095423698425,70.,2.26886108517647));
#6341=CARTESIAN_POINT('',(34.1095423698425,70.,2.26886108517647));
#6342=CARTESIAN_POINT('',(33.843629360199,70.,1.58181503415108));
#6343=CARTESIAN_POINT('',(33.843629360199,70.,1.58181503415108));
#6344=CARTESIAN_POINT('',(33.4182858467102,70.,0.980292037129402));
#6345=CARTESIAN_POINT('',(33.4182858467102,70.,0.980292037129402));
#6346=CARTESIAN_POINT('',(32.8591704368591,70.,0.500567965209484));
#6347=CARTESIAN_POINT('',(32.8591704368591,70.,0.500567965209484));
#6348=CARTESIAN_POINT('',(32.2000002861023,70.,0.171572007238865));
#6349=CARTESIAN_POINT('',(32.2000002861023,70.,0.171572007238865));
#6350=CARTESIAN_POINT('',(32.2000002861023,70.,0.171572007238865));
#6351=CARTESIAN_POINT('',(32.2000002861023,70.,119.028425216675));
#6352=CARTESIAN_POINT('',(32.2000002861023,70.,117.200002670288));
#6353=CARTESIAN_POINT('',(32.8591704368591,70.,118.699436187744));
#6354=CARTESIAN_POINT('',(32.2000002861023,70.,119.028425216675));
#6355=CARTESIAN_POINT('',(33.4182858467102,70.,118.219709396362));
#6356=CARTESIAN_POINT('',(33.4182858467102,70.,118.219709396362));
#6357=CARTESIAN_POINT('',(33.843629360199,70.,117.618188858032));
#6358=CARTESIAN_POINT('',(33.843629360199,70.,117.618188858032));
#6359=CARTESIAN_POINT('',(34.1095423698425,70.,116.931142807007));
#6360=CARTESIAN_POINT('',(34.1095423698425,70.,116.931142807007));
#6361=CARTESIAN_POINT('',(34.2000007629395,70.,116.200008392334));
#6362=CARTESIAN_POINT('Origin',(18.5500013828278,73.0000019073486,119.200000762939));
#6363=CARTESIAN_POINT('',(31.2000012397766,80.,119.200000762939));
#6364=CARTESIAN_POINT('',(31.2000012397766,80.,119.200000762939));
#6365=CARTESIAN_POINT('',(3.00000190734863,80.,119.200000762939));
#6366=CARTESIAN_POINT('',(11.0083901882172,-3.99999999254942,119.200000762939));
#6367=CARTESIAN_POINT('Origin',(34.2000007629395,0.500000007450581,2.99999803304672));
#6368=CARTESIAN_POINT('',(34.2000007629395,-3.99999999254942,116.200008392334));
#6369=CARTESIAN_POINT('',(34.2000007629395,0.500000007450581,116.200008392334));
#6370=CARTESIAN_POINT('',(34.2000007629395,-3.99999999254942,2.99999803304672));
#6371=CARTESIAN_POINT('',(34.2000007629395,-3.99999999254942,29.6695618331432));
#6372=CARTESIAN_POINT('',(34.2000007629395,70.,2.99999803304672));
#6373=CARTESIAN_POINT('Origin',(3.46677899360657,-3.99999999254942,56.3391256332397));
#6374=CARTESIAN_POINT('',(32.5018082687976,-3.99999999254942,0.297191039413372));
#6375=CARTESIAN_POINT('',(28.3032636308663,-3.99999999254942,-1.17194765205301));
#6376=CARTESIAN_POINT('',(33.0704689025879,-3.99999999254942,0.654505044221878));
#6377=CARTESIAN_POINT('',(35.0009610264704,-3.99999999254942,1.86751651547149));
#6378=CARTESIAN_POINT('',(33.5454940795898,-3.99999999254942,1.12952999770641));
#6379=CARTESIAN_POINT('',(39.8282106786801,-3.99999999254942,7.41224364053943));
#6380=CARTESIAN_POINT('',(33.9029097557068,-3.99999999254942,1.69834807515144));
#6381=CARTESIAN_POINT('',(41.7240062538984,-3.99999999254942,14.1454268433413));
#6382=CARTESIAN_POINT('',(34.1247868537903,-3.99999999254942,2.33243614435196));
#6383=CARTESIAN_POINT('',(40.7598517084443,-3.99999999254942,21.2943546976787));
#6384=CARTESIAN_POINT('',(36.9369502182789,-3.99999999254942,27.2918234192909));
#6385=CARTESIAN_POINT('',(34.1247868537903,-3.99999999254942,116.867561340332));
#6386=CARTESIAN_POINT('',(37.2997847789785,-3.99999999254942,88.6882092919822));
#6387=CARTESIAN_POINT('',(33.9029097557068,-3.99999999254942,117.501659393311));
#6388=CARTESIAN_POINT('',(41.776343353543,-3.99999999254942,95.0003333990216));
#6389=CARTESIAN_POINT('',(33.5454940795898,-3.99999999254942,118.070478439331));
#6390=CARTESIAN_POINT('',(43.1929878197436,-3.99999999254942,102.716708158792));
#6391=CARTESIAN_POINT('',(33.0704689025879,-3.99999999254942,118.54549407959));
#6392=CARTESIAN_POINT('',(41.2209899492392,-3.99999999254942,110.395136665162));
#6393=CARTESIAN_POINT('',(32.5018111898381,-3.99999999254942,118.902812263645));
#6394=CARTESIAN_POINT('',(36.1857306108993,-3.99999999254942,116.588007824654));
#6395=CARTESIAN_POINT('',(29.0030308851319,-3.99999999254942,120.127061745349));
#6396=CARTESIAN_POINT('',(1.69819078310026,-3.99999999254942,118.902812743278));
#6397=CARTESIAN_POINT('',(-7.26566960048583,-3.99999999254942,115.766293683107));
#6398=CARTESIAN_POINT('',(1.1295310407877,-3.99999999254942,118.54549407959));
#6399=CARTESIAN_POINT('',(-12.0442450891704,-3.99999999254942,110.267721393697));
#6400=CARTESIAN_POINT('',(0.654505044221878,-3.99999999254942,118.070478439331));
#6401=CARTESIAN_POINT('',(-14.0752493381312,-3.99999999254942,103.341045188579));
#6402=CARTESIAN_POINT('',(0.297093000262976,-3.99999999254942,117.501649856567));
#6403=CARTESIAN_POINT('',(-13.0305877035861,-3.99999999254942,96.2903732517731));
#6404=CARTESIAN_POINT('',(0.0752160046249628,-3.99999999254942,116.867561340332));
#6405=CARTESIAN_POINT('',(-9.17451104736875,-3.99999999254942,90.4333395990681));
#6406=CARTESIAN_POINT('',(-3.30833500501906,-3.99999999254942,86.8376264812693));
#6407=CARTESIAN_POINT('',(0.0752160046249628,-3.99999999254942,2.33243614435196));
#6408=CARTESIAN_POINT('',(-2.90792436476066,-3.99999999254942,28.8085940998057));
#6409=CARTESIAN_POINT('',(0.297093000262976,-3.99999999254942,1.69834807515144));
#6410=CARTESIAN_POINT('',(-8.04701701061804,-3.99999999254942,25.5444461836197));
#6411=CARTESIAN_POINT('',(0.654505044221878,-3.99999999254942,1.12952999770641));
#6412=CARTESIAN_POINT('',(-11.3830075949189,-3.99999999254942,20.2871239074507));
#6413=CARTESIAN_POINT('',(1.12952999770641,-3.99999999254942,0.654505044221878));
#6414=CARTESIAN_POINT('',(-12.207312900573,-3.99999999254942,13.9913479425013));
#6415=CARTESIAN_POINT('',(1.69819173019217,-3.99999999254942,0.297191238300183));
#6416=CARTESIAN_POINT('',(-10.2907518166718,-3.99999999254942,7.83034285197518));
#6417=CARTESIAN_POINT('',(-6.2492853328181,-3.99999999254942,3.07813353842272));
#6418=CARTESIAN_POINT('',(3.46677899360657,-3.99999999254942,56.3391256332397));
#6419=CARTESIAN_POINT('',(30.9667801856995,-3.99999999254942,56.3391256332397));
#6420=CARTESIAN_POINT('',(3.46677899360657,-3.99999999254942,56.3391256332397));
#6421=CARTESIAN_POINT('',(3.46677899360657,-3.99999999254942,103.839130401611));
#6422=CARTESIAN_POINT('',(3.46677899360657,-3.99999999254942,56.3391256332397));
#6423=CARTESIAN_POINT('',(30.9667801856995,-3.99999999254942,103.839130401611));
#6424=CARTESIAN_POINT('',(3.46677899360657,-3.99999999254942,103.839130401611));
#6425=CARTESIAN_POINT('',(30.9667801856995,-3.99999999254942,80.0891280174255));
#6426=CARTESIAN_POINT('Origin',(2.00000002980232,2.00000002980232,2.00000405311584));
#6427=CARTESIAN_POINT('',(2.00000002980232,70.,2.00000405311584));
#6428=CARTESIAN_POINT('Origin',(19.3749940395355,71.5710544586182,2.00000405311584));
#6429=CARTESIAN_POINT('',(32.2000002861023,80.,2.00000405311584));
#6430=CARTESIAN_POINT('',(32.2000002861023,80.,2.00000405311584));
#6431=CARTESIAN_POINT('',(2.00000002980232,80.,2.00000405311584));
#6432=CARTESIAN_POINT('',(32.2000002861023,80.,2.00000405311584));
#6433=CARTESIAN_POINT('',(2.00000002980232,70.,2.00000405311584));
#6434=CARTESIAN_POINT('Origin',(2.6608881354332,80.,0.0192269997205585));
#6435=CARTESIAN_POINT('',(2.32612490653992,80.,0.0766630051657557));
#6436=CARTESIAN_POINT('',(2.99999803304672,80.,0.));
#6437=CARTESIAN_POINT('',(2.6608881354332,80.,0.0192269997205585));
#6438=CARTESIAN_POINT('',(2.99999803304672,80.,0.));
#6439=CARTESIAN_POINT('',(2.32612490653992,80.,0.0766630051657557));
#6440=CARTESIAN_POINT('Origin',(2.32612490653992,80.,0.0766630051657557));
#6441=CARTESIAN_POINT('',(2.00000002980232,80.,0.171572007238865));
#6442=CARTESIAN_POINT('',(2.99999803304672,80.,0.));
#6443=CARTESIAN_POINT('',(2.00000002980232,80.,0.171572007238865));
#6444=CARTESIAN_POINT('Origin',(2.00000002980232,80.,0.171572007238865));
#6445=CARTESIAN_POINT('',(31.2000036239624,80.,0.));
#6446=CARTESIAN_POINT('Origin',(31.5391135215759,80.,0.0192269997205585));
#6447=CARTESIAN_POINT('',(31.8738746643066,80.,0.0766630051657557));
#6448=CARTESIAN_POINT('',(31.2000036239624,80.,0.));
#6449=CARTESIAN_POINT('',(31.5391135215759,80.,0.0192269997205585));
#6450=CARTESIAN_POINT('',(31.5391135215759,80.,0.0192269997205585));
#6451=CARTESIAN_POINT('',(31.2000036239624,80.,0.));
#6452=CARTESIAN_POINT('Origin',(31.8738746643066,80.,0.0766630051657557));
#6453=CARTESIAN_POINT('',(32.2000002861023,80.,0.171572007238865));
#6454=CARTESIAN_POINT('',(31.2000036239624,80.,0.));
#6455=CARTESIAN_POINT('',(32.2000002861023,80.,0.171572007238865));
#6456=CARTESIAN_POINT('Origin',(31.2000036239624,80.,0.));
#6457=CARTESIAN_POINT('',(2.00000002980232,80.,0.171572007238865));
#6458=CARTESIAN_POINT('Origin',(32.2000002861023,80.,0.171572007238865));
#6459=CARTESIAN_POINT('',(2.00000002980232,80.,0.171572007238865));
#6460=CARTESIAN_POINT('',(32.2000002861023,80.,0.171572007238865));
#6461=CARTESIAN_POINT('Origin',(2.00000002980232,80.,0.171572007238865));
#6462=CARTESIAN_POINT('',(2.00000002980232,80.,0.171572007238865));
#6463=CARTESIAN_POINT('Origin',(31.5391135215759,80.,119.180774688721));
#6464=CARTESIAN_POINT('',(31.8738746643066,80.,119.123334884644));
#6465=CARTESIAN_POINT('',(31.8738746643066,80.,119.123334884644));
#6466=CARTESIAN_POINT('',(31.5391135215759,80.,119.180774688721));
#6467=CARTESIAN_POINT('',(31.5391135215759,80.,119.180774688721));
#6468=CARTESIAN_POINT('',(31.8738746643066,80.,119.123334884644));
#6469=CARTESIAN_POINT('Origin',(31.8738746643066,80.,119.123334884644));
#6470=CARTESIAN_POINT('',(32.2000002861023,80.,119.028425216675));
#6471=CARTESIAN_POINT('',(32.2000002861023,80.,119.028425216675));
#6472=CARTESIAN_POINT('',(32.2000002861023,80.,119.028425216675));
#6473=CARTESIAN_POINT('Origin',(31.2000012397766,80.,119.200000762939));
#6474=CARTESIAN_POINT('',(2.00000002980232,80.,119.028425216675));
#6475=CARTESIAN_POINT('',(2.00000002980232,80.,119.028425216675));
#6476=CARTESIAN_POINT('',(2.32612609863281,80.,119.123334884644));
#6477=CARTESIAN_POINT('',(2.32612609863281,80.,119.123334884644));
#6478=CARTESIAN_POINT('',(2.66089022159576,80.,119.180774688721));
#6479=CARTESIAN_POINT('',(2.66089022159576,80.,119.180774688721));
#6480=CARTESIAN_POINT('',(3.00000190734863,80.,119.200000762939));
#6481=CARTESIAN_POINT('Origin',(32.2000002861023,80.,119.028425216675));
#6482=CARTESIAN_POINT('',(2.00000002980232,80.,119.028425216675));
#6483=CARTESIAN_POINT('',(32.2000002861023,80.,117.200002670288));
#6484=CARTESIAN_POINT('Origin',(32.2000002861023,80.,117.200002670288));
#6485=CARTESIAN_POINT('',(2.00000002980232,80.,119.028425216675));
#6486=CARTESIAN_POINT('Origin',(33.9029097557068,66.7500019073486,1.69834807515144));
#6487=CARTESIAN_POINT('',(34.1247868537903,66.7500019073486,2.33243614435196));
#6488=CARTESIAN_POINT('',(34.1247868537903,53.4999990463257,2.33243614435196));
#6489=CARTESIAN_POINT('',(34.1247868537903,66.7500019073486,2.33243614435196));
#6490=CARTESIAN_POINT('',(33.9029097557068,66.7500019073486,1.69834807515144));
#6491=CARTESIAN_POINT('',(33.9029097557068,66.7500019073486,1.69834807515144));
#6492=CARTESIAN_POINT('',(33.9029097557068,66.7500019073486,1.69834807515144));
#6493=CARTESIAN_POINT('Origin',(33.9029097557068,66.7500019073486,1.69834807515144));
#6494=CARTESIAN_POINT('',(33.9029097557068,53.4999990463257,1.69834807515144));
#6495=CARTESIAN_POINT('',(33.9029097557068,53.4999990463257,1.69834807515144));
#6496=CARTESIAN_POINT('',(33.9029097557068,66.7500019073486,1.69834807515144));
#6497=CARTESIAN_POINT('Origin',(33.5454940795898,66.7500019073486,1.12952999770641));
#6498=CARTESIAN_POINT('',(33.5454940795898,53.4999990463257,1.12952999770641));
#6499=CARTESIAN_POINT('',(33.5454940795898,53.4999990463257,1.12952999770641));
#6500=CARTESIAN_POINT('',(33.5454940795898,66.7500019073486,1.12952999770641));
#6501=CARTESIAN_POINT('',(33.5454940795898,66.7500019073486,1.12952999770641));
#6502=CARTESIAN_POINT('',(33.5454940795898,66.7500019073486,1.12952999770641));
#6503=CARTESIAN_POINT('Origin',(33.9029097557068,66.7500019073486,1.69834807515144));
#6504=CARTESIAN_POINT('',(33.5454940795898,53.4999990463257,1.12952999770641));
#6505=CARTESIAN_POINT('Origin',(33.5454940795898,66.7500019073486,1.12952999770641));
#6506=CARTESIAN_POINT('',(33.0704689025879,53.4999990463257,0.654505044221878));
#6507=CARTESIAN_POINT('',(33.0704689025879,53.4999990463257,0.654505044221878));
#6508=CARTESIAN_POINT('',(33.0704689025879,53.4999990463257,0.654505044221878));
#6509=CARTESIAN_POINT('Origin',(33.9029097557068,53.4999990463257,1.69834807515144));
#6510=CARTESIAN_POINT('',(33.5454940795898,40.2500009536743,1.12952999770641));
#6511=CARTESIAN_POINT('',(33.5454940795898,53.4999990463257,1.12952999770641));
#6512=CARTESIAN_POINT('',(33.5454940795898,40.2500009536743,1.12952999770641));
#6513=CARTESIAN_POINT('Origin',(33.5454940795898,40.2500009536743,1.12952999770641));
#6514=CARTESIAN_POINT('',(33.0704689025879,40.2500009536743,0.654505044221878));
#6515=CARTESIAN_POINT('',(33.0704689025879,40.2500009536743,0.654505044221878));
#6516=CARTESIAN_POINT('',(33.0704689025879,40.2500009536743,0.654505044221878));
#6517=CARTESIAN_POINT('Origin',(33.5454940795898,53.4999990463257,1.12952999770641));
#6518=CARTESIAN_POINT('',(33.0704689025879,53.4999990463257,0.654505044221878));
#6519=CARTESIAN_POINT('Origin',(33.0704689025879,40.2500009536743,0.654505044221878));
#6520=CARTESIAN_POINT('',(32.5016522407532,40.2500009536743,0.297093000262976));
#6521=CARTESIAN_POINT('',(32.5016522407532,40.2500009536743,0.297093000262976));
#6522=CARTESIAN_POINT('',(32.5016522407532,40.2500009536743,0.297093000262976));
#6523=CARTESIAN_POINT('Origin',(33.5454940795898,66.7500019073486,1.12952999770641));
#6524=CARTESIAN_POINT('',(33.0704689025879,66.7500019073486,0.654505044221878));
#6525=CARTESIAN_POINT('',(33.0704689025879,66.7500019073486,0.654505044221878));
#6526=CARTESIAN_POINT('',(33.0704689025879,66.7500019073486,0.654505044221878));
#6527=CARTESIAN_POINT('Origin',(33.0704689025879,66.7500019073486,0.654505044221878));
#6528=CARTESIAN_POINT('',(32.5016522407532,53.4999990463257,0.297093000262976));
#6529=CARTESIAN_POINT('',(32.5016522407532,53.4999990463257,0.297093000262976));
#6530=CARTESIAN_POINT('',(32.5016522407532,53.4999990463257,0.297093000262976));
#6531=CARTESIAN_POINT('Origin',(33.0704689025879,53.4999990463257,0.654505044221878));
#6532=CARTESIAN_POINT('',(32.5016522407532,53.4999990463257,0.297093000262976));
#6533=CARTESIAN_POINT('Origin',(32.5016522407532,27.0000004768372,0.297093000262976));
#6534=CARTESIAN_POINT('',(31.8696665763855,27.0000004768372,0.0756970001384616));
#6535=CARTESIAN_POINT('',(32.5016522407532,13.75,0.297093000262976));
#6536=CARTESIAN_POINT('',(31.8696665763855,27.0000004768372,0.0756970001384616));
#6537=CARTESIAN_POINT('',(32.5016522407532,27.0000004768372,0.297093000262976));
#6538=CARTESIAN_POINT('',(31.8696665763855,27.0000004768372,0.0756970001384616));
#6539=CARTESIAN_POINT('',(32.5016522407532,27.0000004768372,0.297093000262976));
#6540=CARTESIAN_POINT('Origin',(31.8696665763855,27.0000004768372,0.0756970001384616));
#6541=CARTESIAN_POINT('',(31.8686175346375,13.75,0.0754560017958283));
#6542=CARTESIAN_POINT('',(31.8686175346375,13.75,0.0754560017958283));
#6543=CARTESIAN_POINT('',(31.8696665763855,27.0000004768372,0.0756970001384616));
#6544=CARTESIAN_POINT('Origin',(32.5016522407532,27.0000004768372,0.297093000262976));
#6545=CARTESIAN_POINT('',(31.8707203865051,40.2500009536743,0.0759380031377077));
#6546=CARTESIAN_POINT('',(31.8707203865051,40.2500009536743,0.0759380031377077));
#6547=CARTESIAN_POINT('',(31.8707203865051,40.2500009536743,0.0759380031377077));
#6548=CARTESIAN_POINT('Origin',(31.8707203865051,40.2500009536743,0.0759380031377077));
#6549=CARTESIAN_POINT('',(31.2000036239624,80.,0.));
#6550=CARTESIAN_POINT('',(31.2000036239624,80.,0.));
#6551=CARTESIAN_POINT('Origin',(31.8696665763855,27.0000004768372,0.0756970001384616));
#6552=CARTESIAN_POINT('',(31.2000036239624,80.,0.));
#6553=CARTESIAN_POINT('Origin',(31.8728232383728,66.7500019073486,0.0764210009947419));
#6554=CARTESIAN_POINT('',(31.8717741966248,53.4999990463257,0.0761789968237281));
#6555=CARTESIAN_POINT('',(31.8717741966248,53.4999990463257,0.0761789968237281));
#6556=CARTESIAN_POINT('',(31.8728232383728,66.7500019073486,0.0764210009947419));
#6557=CARTESIAN_POINT('',(31.8728232383728,66.7500019073486,0.0764210009947419));
#6558=CARTESIAN_POINT('',(31.8728232383728,66.7500019073486,0.0764210009947419));
#6559=CARTESIAN_POINT('Origin',(32.5016522407532,53.4999990463257,0.297093000262976));
#6560=CARTESIAN_POINT('',(31.8717741966248,53.4999990463257,0.0761789968237281));
#6561=CARTESIAN_POINT('Origin',(33.5454940795898,27.0000004768372,1.12952999770641));
#6562=CARTESIAN_POINT('',(33.9029097557068,40.2500009536743,1.69834807515144));
#6563=CARTESIAN_POINT('',(33.9029097557068,40.2500009536743,1.69834807515144));
#6564=CARTESIAN_POINT('',(33.5454940795898,27.0000004768372,1.12952999770641));
#6565=CARTESIAN_POINT('',(33.5454940795898,27.0000004768372,1.12952999770641));
#6566=CARTESIAN_POINT('',(33.5454940795898,27.0000004768372,1.12952999770641));
#6567=CARTESIAN_POINT('Origin',(33.9029097557068,27.0000004768372,1.69834807515144));
#6568=CARTESIAN_POINT('',(34.1247868537903,27.0000004768372,2.33243614435196));
#6569=CARTESIAN_POINT('',(33.9029097557068,40.2500009536743,1.69834807515144));
#6570=CARTESIAN_POINT('',(34.1247868537903,0.500000007450581,2.33243614435196));
#6571=CARTESIAN_POINT('Origin',(33.9029097557068,40.2500009536743,1.69834807515144));
#6572=CARTESIAN_POINT('',(34.1247868537903,40.2500009536743,2.33243614435196));
#6573=CARTESIAN_POINT('',(34.1247868537903,40.2500009536743,2.33243614435196));
#6574=CARTESIAN_POINT('',(33.9029097557068,40.2500009536743,1.69834807515144));
#6575=CARTESIAN_POINT('Origin',(32.2000002861023,70.,0.171572007238865));
#6576=CARTESIAN_POINT('',(32.2000002861023,70.,0.171572007238865));
#6577=CARTESIAN_POINT('',(32.2000002861023,70.,0.171572007238865));
#6578=CARTESIAN_POINT('Origin',(32.5016522407532,53.4999990463257,0.297093000262976));
#6579=CARTESIAN_POINT('',(32.2000002861023,70.,0.171572007238865));
#6580=CARTESIAN_POINT('',(32.2000002861023,70.,0.171572007238865));
#6581=CARTESIAN_POINT('Origin',(32.2000002861023,70.,0.171572007238865));
#6582=CARTESIAN_POINT('',(31.8738746643066,80.,0.0766630051657557));
#6583=CARTESIAN_POINT('Origin',(31.8728232383728,66.7500019073486,0.0764210009947419));
#6584=CARTESIAN_POINT('',(31.5391135215759,80.,0.0192269997205585));
#6585=CARTESIAN_POINT('Origin',(33.5454940795898,40.2500009536743,1.12952999770641));
#6586=CARTESIAN_POINT('',(33.0704689025879,27.0000004768372,0.654505044221878));
#6587=CARTESIAN_POINT('',(33.0704689025879,40.2500009536743,0.654505044221878));
#6588=CARTESIAN_POINT('',(33.0704689025879,27.0000004768372,0.654505044221878));
#6589=CARTESIAN_POINT('Origin',(33.0704689025879,27.0000004768372,0.654505044221878));
#6590=CARTESIAN_POINT('',(32.5016522407532,27.0000004768372,0.297093000262976));
#6591=CARTESIAN_POINT('',(33.0704689025879,0.500000007450581,0.654505044221878));
#6592=CARTESIAN_POINT('',(32.5016522407532,0.500000007450581,0.297093000262976));
#6593=CARTESIAN_POINT('',(32.5016522407532,0.500000007450581,0.297093000262976));
#6594=CARTESIAN_POINT('',(32.5016522407532,0.500000007450581,0.297093000262976));
#6595=CARTESIAN_POINT('Origin',(33.0704689025879,40.2500009536743,0.654505044221878));
#6596=CARTESIAN_POINT('',(32.5016522407532,40.2500009536743,0.297093000262976));
#6597=CARTESIAN_POINT('Origin',(32.5016522407532,27.0000004768372,0.297093000262976));
#6598=CARTESIAN_POINT('',(31.8707203865051,40.2500009536743,0.0759380031377077));
#6599=CARTESIAN_POINT('Origin',(32.5016522407532,40.2500009536743,0.297093000262976));
#6600=CARTESIAN_POINT('',(31.8717741966248,53.4999990463257,0.0761789968237281));
#6601=CARTESIAN_POINT('Origin',(31.8707203865051,40.2500009536743,0.0759380031377077));
#6602=CARTESIAN_POINT('',(31.2000036239624,80.,0.));
#6603=CARTESIAN_POINT('Origin',(31.8717741966248,53.4999990463257,0.0761789968237281));
#6604=CARTESIAN_POINT('',(31.2000036239624,80.,0.));
#6605=CARTESIAN_POINT('Origin',(31.2000036239624,80.,0.));
#6606=CARTESIAN_POINT('Origin',(32.8591704368591,70.,0.500567965209484));
#6607=CARTESIAN_POINT('',(32.5016522407532,66.7500019073486,0.297093000262976));
#6608=CARTESIAN_POINT('',(32.2000002861023,70.,0.171572007238865));
#6609=CARTESIAN_POINT('',(32.8591704368591,70.,0.500567965209484));
#6610=CARTESIAN_POINT('Origin',(32.2000002861023,70.,0.171572007238865));
#6611=CARTESIAN_POINT('',(32.5016522407532,66.7500019073486,0.297093000262976));
#6612=CARTESIAN_POINT('Origin',(32.5016522407532,66.7500019073486,0.297093000262976));
#6613=CARTESIAN_POINT('',(32.8591704368591,70.,0.500567965209484));
#6614=CARTESIAN_POINT('Origin',(32.5016522407532,53.4999990463257,0.297093000262976));
#6615=CARTESIAN_POINT('',(32.8591704368591,70.,0.500567965209484));
#6616=CARTESIAN_POINT('Origin',(32.8591704368591,70.,0.500567965209484));
#6617=CARTESIAN_POINT('',(33.4182858467102,70.,0.980292037129402));
#6618=CARTESIAN_POINT('Origin',(33.0704689025879,66.7500019073486,0.654505044221878));
#6619=CARTESIAN_POINT('',(33.4182858467102,70.,0.980292037129402));
#6620=CARTESIAN_POINT('Origin',(33.4182858467102,70.,0.980292037129402));
#6621=CARTESIAN_POINT('',(33.843629360199,70.,1.58181503415108));
#6622=CARTESIAN_POINT('Origin',(33.5454940795898,66.7500019073486,1.12952999770641));
#6623=CARTESIAN_POINT('',(33.843629360199,70.,1.58181503415108));
#6624=CARTESIAN_POINT('Origin',(33.843629360199,70.,1.58181503415108));
#6625=CARTESIAN_POINT('',(34.1095423698425,70.,2.26886108517647));
#6626=CARTESIAN_POINT('Origin',(33.9029097557068,66.7500019073486,1.69834807515144));
#6627=CARTESIAN_POINT('',(34.1095423698425,70.,2.26886108517647));
#6628=CARTESIAN_POINT('Origin',(34.1095423698425,70.,2.26886108517647));
#6629=CARTESIAN_POINT('',(34.2000007629395,70.,2.99999803304672));
#6630=CARTESIAN_POINT('Origin',(34.1247868537903,66.7500019073486,2.33243614435196));
#6631=CARTESIAN_POINT('',(34.2000007629395,70.,2.99999803304672));
#6632=CARTESIAN_POINT('Origin',(34.2000007629395,70.,2.99999803304672));
#6633=CARTESIAN_POINT('',(34.1247868537903,53.4999990463257,2.33243614435196));
#6634=CARTESIAN_POINT('Origin',(34.1247868537903,53.4999990463257,2.33243614435196));
#6635=CARTESIAN_POINT('',(33.9029097557068,53.4999990463257,1.69834807515144));
#6636=CARTESIAN_POINT('Origin',(34.1247868537903,40.2500009536743,2.33243614435196));
#6637=CARTESIAN_POINT('',(33.9029097557068,53.4999990463257,1.69834807515144));
#6638=CARTESIAN_POINT('Origin',(33.9029097557068,53.4999990463257,1.69834807515144));
#6639=CARTESIAN_POINT('',(33.5454940795898,40.2500009536743,1.12952999770641));
#6640=CARTESIAN_POINT('Origin',(33.9029097557068,40.2500009536743,1.69834807515144));
#6641=CARTESIAN_POINT('',(33.5454940795898,40.2500009536743,1.12952999770641));
#6642=CARTESIAN_POINT('Origin',(33.5454940795898,27.0000004768372,1.12952999770641));
#6643=CARTESIAN_POINT('Origin',(32.5016522407532,13.75,0.297093000262976));
#6644=CARTESIAN_POINT('',(32.5016522407532,0.500000007450581,0.297093000262976));
#6645=CARTESIAN_POINT('Origin',(32.5016522407532,0.500000007450581,0.297093000262976));
#6646=CARTESIAN_POINT('',(31.8675661087036,0.500000007450581,0.0752160046249628));
#6647=CARTESIAN_POINT('Origin',(31.8686175346375,13.75,0.0754560017958283));
#6648=CARTESIAN_POINT('Origin',(32.5016522407532,40.2500009536743,118.902912139893));
#6649=CARTESIAN_POINT('',(32.5016522407532,27.0000004768372,118.902912139893));
#6650=CARTESIAN_POINT('',(31.8707203865051,40.2500009536743,119.124059677124));
#6651=CARTESIAN_POINT('',(32.5016522407532,27.0000004768372,118.902912139893));
#6652=CARTESIAN_POINT('',(32.5016522407532,40.2500009536743,118.902912139893));
#6653=CARTESIAN_POINT('',(32.5016522407532,40.2500009536743,118.902912139893));
#6654=CARTESIAN_POINT('',(32.5016522407532,40.2500009536743,118.902912139893));
#6655=CARTESIAN_POINT('Origin',(31.8707203865051,40.2500009536743,119.124059677124));
#6656=CARTESIAN_POINT('',(31.8696665763855,27.0000004768372,119.124307632446));
#6657=CARTESIAN_POINT('',(32.5016522407532,27.0000004768372,118.902912139893));
#6658=CARTESIAN_POINT('',(31.8707203865051,40.2500009536743,119.124059677124));
#6659=CARTESIAN_POINT('Origin',(33.0704689025879,40.2500009536743,118.54549407959));
#6660=CARTESIAN_POINT('',(33.0704689025879,27.0000004768372,118.54549407959));
#6661=CARTESIAN_POINT('',(33.0704689025879,27.0000004768372,118.54549407959));
#6662=CARTESIAN_POINT('',(33.0704689025879,40.2500009536743,118.54549407959));
#6663=CARTESIAN_POINT('',(33.0704689025879,40.2500009536743,118.54549407959));
#6664=CARTESIAN_POINT('',(33.0704689025879,40.2500009536743,118.54549407959));
#6665=CARTESIAN_POINT('Origin',(33.0704689025879,66.7500019073486,118.54549407959));
#6666=CARTESIAN_POINT('',(33.0704689025879,53.4999990463257,118.54549407959));
#6667=CARTESIAN_POINT('',(32.5016522407532,66.7500019073486,118.902912139893));
#6668=CARTESIAN_POINT('',(33.0704689025879,53.4999990463257,118.54549407959));
#6669=CARTESIAN_POINT('',(33.0704689025879,66.7500019073486,118.54549407959));
#6670=CARTESIAN_POINT('',(33.0704689025879,66.7500019073486,118.54549407959));
#6671=CARTESIAN_POINT('',(33.0704689025879,66.7500019073486,118.54549407959));
#6672=CARTESIAN_POINT('Origin',(32.5016522407532,66.7500019073486,118.902912139893));
#6673=CARTESIAN_POINT('',(32.5016522407532,53.4999990463257,118.902912139893));
#6674=CARTESIAN_POINT('',(33.0704689025879,53.4999990463257,118.54549407959));
#6675=CARTESIAN_POINT('',(32.5016522407532,66.7500019073486,118.902912139893));
#6676=CARTESIAN_POINT('Origin',(33.5454940795898,40.2500009536743,118.070478439331));
#6677=CARTESIAN_POINT('',(33.5454940795898,27.0000004768372,118.070478439331));
#6678=CARTESIAN_POINT('',(33.5454940795898,27.0000004768372,118.070478439331));
#6679=CARTESIAN_POINT('',(33.5454940795898,40.2500009536743,118.070478439331));
#6680=CARTESIAN_POINT('',(33.5454940795898,40.2500009536743,118.070478439331));
#6681=CARTESIAN_POINT('',(33.5454940795898,40.2500009536743,118.070478439331));
#6682=CARTESIAN_POINT('Origin',(33.5454940795898,66.7500019073486,118.070478439331));
#6683=CARTESIAN_POINT('',(33.5454940795898,53.4999990463257,118.070478439331));
#6684=CARTESIAN_POINT('',(33.5454940795898,53.4999990463257,118.070478439331));
#6685=CARTESIAN_POINT('',(33.5454940795898,66.7500019073486,118.070478439331));
#6686=CARTESIAN_POINT('',(33.5454940795898,66.7500019073486,118.070478439331));
#6687=CARTESIAN_POINT('',(33.5454940795898,66.7500019073486,118.070478439331));
#6688=CARTESIAN_POINT('Origin',(33.0704689025879,66.7500019073486,118.54549407959));
#6689=CARTESIAN_POINT('',(33.5454940795898,53.4999990463257,118.070478439331));
#6690=CARTESIAN_POINT('Origin',(33.9029097557068,40.2500009536743,117.501659393311));
#6691=CARTESIAN_POINT('',(33.9029097557068,27.0000004768372,117.501659393311));
#6692=CARTESIAN_POINT('',(33.9029097557068,27.0000004768372,117.501659393311));
#6693=CARTESIAN_POINT('',(33.9029097557068,40.2500009536743,117.501659393311));
#6694=CARTESIAN_POINT('',(33.9029097557068,40.2500009536743,117.501659393311));
#6695=CARTESIAN_POINT('',(33.9029097557068,40.2500009536743,117.501659393311));
#6696=CARTESIAN_POINT('Origin',(33.9029097557068,66.7500019073486,117.501659393311));
#6697=CARTESIAN_POINT('',(33.9029097557068,53.4999990463257,117.501659393311));
#6698=CARTESIAN_POINT('',(33.9029097557068,53.4999990463257,117.501659393311));
#6699=CARTESIAN_POINT('',(33.9029097557068,66.7500019073486,117.501659393311));
#6700=CARTESIAN_POINT('',(33.9029097557068,66.7500019073486,117.501659393311));
#6701=CARTESIAN_POINT('',(33.9029097557068,66.7500019073486,117.501659393311));
#6702=CARTESIAN_POINT('Origin',(33.5454940795898,66.7500019073486,118.070478439331));
#6703=CARTESIAN_POINT('',(33.9029097557068,53.4999990463257,117.501659393311));
#6704=CARTESIAN_POINT('Origin',(34.1247868537903,40.2500009536743,116.867561340332));
#6705=CARTESIAN_POINT('',(34.1247868537903,27.0000004768372,116.867561340332));
#6706=CARTESIAN_POINT('',(34.1247868537903,27.0000004768372,116.867561340332));
#6707=CARTESIAN_POINT('',(34.1247868537903,40.2500009536743,116.867561340332));
#6708=CARTESIAN_POINT('',(34.1247868537903,40.2500009536743,116.867561340332));
#6709=CARTESIAN_POINT('',(34.1247868537903,40.2500009536743,116.867561340332));
#6710=CARTESIAN_POINT('Origin',(34.1247868537903,66.7500019073486,116.867561340332));
#6711=CARTESIAN_POINT('',(34.1247868537903,53.4999990463257,116.867561340332));
#6712=CARTESIAN_POINT('',(34.1247868537903,53.4999990463257,116.867561340332));
#6713=CARTESIAN_POINT('',(34.1247868537903,66.7500019073486,116.867561340332));
#6714=CARTESIAN_POINT('',(34.1247868537903,66.7500019073486,116.867561340332));
#6715=CARTESIAN_POINT('',(34.1247868537903,66.7500019073486,116.867561340332));
#6716=CARTESIAN_POINT('Origin',(33.9029097557068,66.7500019073486,117.501659393311));
#6717=CARTESIAN_POINT('',(34.1247868537903,53.4999990463257,116.867561340332));
#6718=CARTESIAN_POINT('Origin',(32.5016522407532,13.75,118.902912139893));
#6719=CARTESIAN_POINT('',(32.5016522407532,0.500000007446843,118.902912139893));
#6720=CARTESIAN_POINT('',(32.5016522407532,0.500000007450581,118.902912139893));
#6721=CARTESIAN_POINT('',(32.5016522407532,13.75,118.902912139893));
#6722=CARTESIAN_POINT('',(32.5016522407532,0.500000007450581,118.902912139893));
#6723=CARTESIAN_POINT('',(32.5016522407532,13.75,118.902912139893));
#6724=CARTESIAN_POINT('Origin',(31.8686175346375,13.75,119.124546051025));
#6725=CARTESIAN_POINT('',(32.5011842235224,13.7500136165251,118.903206220256));
#6726=CARTESIAN_POINT('Origin',(31.8728232383728,66.7500019073486,119.123582839966));
#6727=CARTESIAN_POINT('',(31.8728232383728,66.7500019073486,119.123582839966));
#6728=CARTESIAN_POINT('',(31.5391135215759,80.,119.180774688721));
#6729=CARTESIAN_POINT('',(31.8738746643066,80.,119.123334884644));
#6730=CARTESIAN_POINT('Origin',(31.8728232383728,66.7500019073486,119.123582839966));
#6731=CARTESIAN_POINT('',(32.2000002861023,70.,119.028425216675));
#6732=CARTESIAN_POINT('',(32.2000002861023,70.,119.028425216675));
#6733=CARTESIAN_POINT('Origin',(32.2000002861023,70.,119.028425216675));
#6734=CARTESIAN_POINT('',(32.2000002861023,80.,119.028425216675));
#6735=CARTESIAN_POINT('Origin',(31.2000012397766,80.,119.200000762939));
#6736=CARTESIAN_POINT('',(31.5391135215759,80.,119.180774688721));
#6737=CARTESIAN_POINT('Origin',(31.2000012397766,0.500000007450581,119.200000762939));
#6738=CARTESIAN_POINT('',(31.871771812439,53.4999990463257,119.123821258545));
#6739=CARTESIAN_POINT('',(31.2000012397766,0.500000007450581,119.200000762939));
#6740=CARTESIAN_POINT('',(31.5391135215759,80.,119.180774688721));
#6741=CARTESIAN_POINT('Origin',(31.5391135215759,80.,119.180774688721));
#6742=CARTESIAN_POINT('',(31.8728232383728,66.7500019073486,119.123582839966));
#6743=CARTESIAN_POINT('Origin',(31.871771812439,53.4999990463257,119.123821258545));
#6744=CARTESIAN_POINT('',(32.5016522407532,53.4999990463257,118.902912139893));
#6745=CARTESIAN_POINT('',(32.5016522407532,53.4999990463257,118.902912139893));
#6746=CARTESIAN_POINT('Origin',(31.8728232383728,66.7500019073486,119.123582839966));
#6747=CARTESIAN_POINT('',(32.2000002861023,70.,119.028425216675));
#6748=CARTESIAN_POINT('Origin',(32.5016522407532,53.4999990463257,118.902912139893));
#6749=CARTESIAN_POINT('',(32.2000002861023,70.,119.028425216675));
#6750=CARTESIAN_POINT('Origin',(32.2000002861023,70.,119.028425216675));
#6751=CARTESIAN_POINT('',(32.8591704368591,70.,118.699436187744));
#6752=CARTESIAN_POINT('Origin',(32.5016522407532,66.7500019073486,118.902912139893));
#6753=CARTESIAN_POINT('',(32.8591704368591,70.,118.699436187744));
#6754=CARTESIAN_POINT('Origin',(32.8591704368591,70.,118.699436187744));
#6755=CARTESIAN_POINT('',(33.4182858467102,70.,118.219709396362));
#6756=CARTESIAN_POINT('Origin',(33.0704689025879,66.7500019073486,118.54549407959));
#6757=CARTESIAN_POINT('',(33.4182858467102,70.,118.219709396362));
#6758=CARTESIAN_POINT('Origin',(33.4182858467102,70.,118.219709396362));
#6759=CARTESIAN_POINT('',(33.843629360199,70.,117.618188858032));
#6760=CARTESIAN_POINT('Origin',(33.5454940795898,66.7500019073486,118.070478439331));
#6761=CARTESIAN_POINT('',(33.843629360199,70.,117.618188858032));
#6762=CARTESIAN_POINT('Origin',(33.843629360199,70.,117.618188858032));
#6763=CARTESIAN_POINT('',(34.1095423698425,70.,116.931142807007));
#6764=CARTESIAN_POINT('Origin',(33.9029097557068,66.7500019073486,117.501659393311));
#6765=CARTESIAN_POINT('',(34.1095423698425,70.,116.931142807007));
#6766=CARTESIAN_POINT('Origin',(31.8696665763855,27.0000004768372,119.124307632446));
#6767=CARTESIAN_POINT('',(31.2000012397766,0.500000007450581,119.200000762939));
#6768=CARTESIAN_POINT('',(31.2000012397766,0.500000007450581,119.200000762939));
#6769=CARTESIAN_POINT('Origin',(31.2000012397766,0.500000007450581,119.200000762939));
#6770=CARTESIAN_POINT('',(31.871771812439,53.4999990463257,119.123821258545));
#6771=CARTESIAN_POINT('Origin',(31.8707203865051,40.2500009536743,119.124059677124));
#6772=CARTESIAN_POINT('',(32.5016522407532,40.2500009536743,118.902912139893));
#6773=CARTESIAN_POINT('Origin',(31.871771812439,53.4999990463257,119.123821258545));
#6774=CARTESIAN_POINT('',(32.5016522407532,53.4999990463257,118.902912139893));
#6775=CARTESIAN_POINT('Origin',(32.5016522407532,40.2500009536743,118.902912139893));
#6776=CARTESIAN_POINT('',(33.0704689025879,40.2500009536743,118.54549407959));
#6777=CARTESIAN_POINT('Origin',(32.5016522407532,53.4999990463257,118.902912139893));
#6778=CARTESIAN_POINT('',(33.0704689025879,53.4999990463257,118.54549407959));
#6779=CARTESIAN_POINT('Origin',(33.0704689025879,40.2500009536743,118.54549407959));
#6780=CARTESIAN_POINT('',(33.5454940795898,40.2500009536743,118.070478439331));
#6781=CARTESIAN_POINT('Origin',(33.0704689025879,53.4999990463257,118.54549407959));
#6782=CARTESIAN_POINT('',(33.5454940795898,53.4999990463257,118.070478439331));
#6783=CARTESIAN_POINT('Origin',(33.5454940795898,40.2500009536743,118.070478439331));
#6784=CARTESIAN_POINT('',(33.9029097557068,40.2500009536743,117.501659393311));
#6785=CARTESIAN_POINT('Origin',(33.5454940795898,53.4999990463257,118.070478439331));
#6786=CARTESIAN_POINT('',(33.9029097557068,53.4999990463257,117.501659393311));
#6787=CARTESIAN_POINT('Origin',(33.9029097557068,40.2500009536743,117.501659393311));
#6788=CARTESIAN_POINT('',(34.1247868537903,40.2500009536743,116.867561340332));
#6789=CARTESIAN_POINT('Origin',(33.9029097557068,53.4999990463257,117.501659393311));
#6790=CARTESIAN_POINT('',(34.1247868537903,53.4999990463257,116.867561340332));
#6791=CARTESIAN_POINT('Origin',(34.1247868537903,53.4999990463257,116.867561340332));
#6792=CARTESIAN_POINT('',(34.2000007629395,70.,116.200008392334));
#6793=CARTESIAN_POINT('',(34.1247868537903,0.500000007450581,116.867561340332));
#6794=CARTESIAN_POINT('Origin',(34.2000007629395,70.,116.200008392334));
#6795=CARTESIAN_POINT('Origin',(31.2000012397766,0.500000007450581,119.200000762939));
#6796=CARTESIAN_POINT('',(31.8696665763855,27.0000004768372,119.124307632446));
#6797=CARTESIAN_POINT('Origin',(31.8686175346375,13.75,119.124546051025));
#6798=CARTESIAN_POINT('',(32.5016522407532,13.75,118.902912139893));
#6799=CARTESIAN_POINT('Origin',(31.8696665763855,27.0000004768372,119.124307632446));
#6800=CARTESIAN_POINT('',(32.5016522407532,27.0000004768372,118.902912139893));
#6801=CARTESIAN_POINT('Origin',(32.5016522407532,27.0000004768372,118.902912139893));
#6802=CARTESIAN_POINT('',(33.0704689025879,0.500000007450581,118.54549407959));
#6803=CARTESIAN_POINT('Origin',(33.0704689025879,27.0000004768372,118.54549407959));
#6804=CARTESIAN_POINT('',(33.5454940795898,0.500000007450581,118.070478439331));
#6805=CARTESIAN_POINT('Origin',(33.5454940795898,27.0000004768372,118.070478439331));
#6806=CARTESIAN_POINT('',(33.9029097557068,0.500000007450581,117.501659393311));
#6807=CARTESIAN_POINT('Origin',(33.9029097557068,27.0000004768372,117.501659393311));
#6808=CARTESIAN_POINT('Origin',(2.00000002980232,80.,2.00000405311584));
#6809=CARTESIAN_POINT('',(2.00000002980232,80.,0.171572007238865));
#6810=CARTESIAN_POINT('Origin',(2.00000002980232,80.,0.171572007238865));
#6811=CARTESIAN_POINT('',(2.00000002980232,70.,0.171572007238865));
#6812=CARTESIAN_POINT('Origin',(32.2000002861023,70.,2.00000405311584));
#6813=CARTESIAN_POINT('Origin',(2.00000002980232,80.,119.028425216675));
#6814=CARTESIAN_POINT('',(2.00000002980232,70.,119.028425216675));
#6815=CARTESIAN_POINT('',(2.00000002980232,80.,119.028425216675));
#6816=CARTESIAN_POINT('Origin',(2.00000002980232,80.,117.200002670288));
#6817=CARTESIAN_POINT('Origin',(32.2000002861023,70.,119.028425216675));
#6818=CARTESIAN_POINT('',(32.2000002861023,70.,117.200002670288));
#6819=CARTESIAN_POINT('Origin',(32.2000002861023,70.,117.200002670288));
#6820=CARTESIAN_POINT('Origin',(0.0752160046249628,27.0000004768372,116.867561340332));
#6821=CARTESIAN_POINT('',(0.297093000262976,40.2500009536743,117.501649856567));
#6822=CARTESIAN_POINT('',(0.297093000262976,27.0000004768372,117.501649856567));
#6823=CARTESIAN_POINT('',(0.297093000262976,40.2500009536743,117.501649856567));
#6824=CARTESIAN_POINT('',(0.0752160046249628,27.0000004768372,116.867561340332));
#6825=CARTESIAN_POINT('',(0.297093000262976,40.2500009536743,117.501649856567));
#6826=CARTESIAN_POINT('',(0.0752160046249628,0.500000007450581,116.867561340332));
#6827=CARTESIAN_POINT('',(0.297093000262976,27.0000004768372,117.501649856567));
#6828=CARTESIAN_POINT('Origin',(0.297093000262976,40.2500009536743,117.501649856567));
#6829=CARTESIAN_POINT('',(0.654505044221878,40.2500009536743,118.070478439331));
#6830=CARTESIAN_POINT('',(0.654505044221878,40.2500009536743,118.070478439331));
#6831=CARTESIAN_POINT('',(0.654505044221878,40.2500009536743,118.070478439331));
#6832=CARTESIAN_POINT('Origin',(0.297093000262976,27.0000004768372,117.501649856567));
#6833=CARTESIAN_POINT('',(0.654505044221878,27.0000004768372,118.070478439331));
#6834=CARTESIAN_POINT('',(0.654505044221878,40.2500009536743,118.070478439331));
#6835=CARTESIAN_POINT('',(0.654505044221878,27.0000004768372,118.070478439331));
#6836=CARTESIAN_POINT('Origin',(0.654505044221878,40.2500009536743,118.070478439331));
#6837=CARTESIAN_POINT('',(1.1295310407877,40.2500009536743,118.54549407959));
#6838=CARTESIAN_POINT('',(1.1295310407877,40.2500009536743,118.54549407959));
#6839=CARTESIAN_POINT('',(1.1295310407877,40.2500009536743,118.54549407959));
#6840=CARTESIAN_POINT('Origin',(0.654505044221878,27.0000004768372,118.070478439331));
#6841=CARTESIAN_POINT('',(1.1295310407877,27.0000004768372,118.54549407959));
#6842=CARTESIAN_POINT('',(1.1295310407877,40.2500009536743,118.54549407959));
#6843=CARTESIAN_POINT('',(1.1295310407877,27.0000004768372,118.54549407959));
#6844=CARTESIAN_POINT('Origin',(1.69834896922112,66.7500019073486,118.902912139893));
#6845=CARTESIAN_POINT('',(1.1295310407877,66.7500019073486,118.54549407959));
#6846=CARTESIAN_POINT('',(1.1295310407877,53.4999990463257,118.54549407959));
#6847=CARTESIAN_POINT('',(1.1295310407877,66.7500019073486,118.54549407959));
#6848=CARTESIAN_POINT('',(1.69834896922112,66.7500019073486,118.902912139893));
#6849=CARTESIAN_POINT('',(1.69834896922112,66.7500019073486,118.902912139893));
#6850=CARTESIAN_POINT('',(1.69834896922112,66.7500019073486,118.902912139893));
#6851=CARTESIAN_POINT('Origin',(1.1295310407877,66.7500019073486,118.54549407959));
#6852=CARTESIAN_POINT('',(0.654505044221878,53.4999990463257,118.070478439331));
#6853=CARTESIAN_POINT('',(1.1295310407877,53.4999990463257,118.54549407959));
#6854=CARTESIAN_POINT('',(1.1295310407877,66.7500019073486,118.54549407959));
#6855=CARTESIAN_POINT('Origin',(1.1295310407877,40.2500009536743,118.54549407959));
#6856=CARTESIAN_POINT('',(1.69834896922112,40.2500009536743,118.902912139893));
#6857=CARTESIAN_POINT('',(1.69834896922112,40.2500009536743,118.902912139893));
#6858=CARTESIAN_POINT('',(1.69834896922112,40.2500009536743,118.902912139893));
#6859=CARTESIAN_POINT('Origin',(1.1295310407877,27.0000004768372,118.54549407959));
#6860=CARTESIAN_POINT('',(1.69834896922112,27.0000004768372,118.902912139893));
#6861=CARTESIAN_POINT('',(1.69834896922112,40.2500009536743,118.902912139893));
#6862=CARTESIAN_POINT('',(1.69834896922112,0.500000007450581,118.902912139893));
#6863=CARTESIAN_POINT('',(1.69834896873092,0.499986062423181,118.902912139585));
#6864=CARTESIAN_POINT('',(1.69834896922112,13.75,118.902912139893));
#6865=CARTESIAN_POINT('',(1.69834896922112,0.500000007450581,118.902912139893));
#6866=CARTESIAN_POINT('',(1.69834896922112,27.0000004768372,118.902912139893));
#6867=CARTESIAN_POINT('Origin',(1.69834896922112,27.0000004768372,118.902912139893));
#6868=CARTESIAN_POINT('',(2.32928201556206,40.2500009536743,119.124059677124));
#6869=CARTESIAN_POINT('',(2.32928201556206,40.2500009536743,119.124059677124));
#6870=CARTESIAN_POINT('',(2.32928201556206,40.2500009536743,119.124059677124));
#6871=CARTESIAN_POINT('Origin',(1.69834896922112,66.7500019073486,118.902912139893));
#6872=CARTESIAN_POINT('',(1.69834896922112,53.4999990463257,118.902912139893));
#6873=CARTESIAN_POINT('',(1.69834896922112,53.4999990463257,118.902912139893));
#6874=CARTESIAN_POINT('',(1.69834896922112,66.7500019073486,118.902912139893));
#6875=CARTESIAN_POINT('Origin',(2.33033403754234,27.0000004768372,119.124307632446));
#6876=CARTESIAN_POINT('',(2.33138605952263,13.75,119.124546051025));
#6877=CARTESIAN_POINT('',(2.33138605952263,13.75,119.124546051025));
#6878=CARTESIAN_POINT('',(2.33033403754234,27.0000004768372,119.124307632446));
#6879=CARTESIAN_POINT('',(2.33033403754234,27.0000004768372,119.124307632446));
#6880=CARTESIAN_POINT('',(2.33033403754234,27.0000004768372,119.124307632446));
#6881=CARTESIAN_POINT('Origin',(0.297093000262976,40.2500009536743,117.501649856567));
#6882=CARTESIAN_POINT('',(0.654505044221878,53.4999990463257,118.070478439331));
#6883=CARTESIAN_POINT('',(0.654505044221878,53.4999990463257,118.070478439331));
#6884=CARTESIAN_POINT('Origin',(0.654505044221878,53.4999990463257,118.070478439331));
#6885=CARTESIAN_POINT('',(1.1295310407877,53.4999990463257,118.54549407959));
#6886=CARTESIAN_POINT('Origin',(0.654505044221878,40.2500009536743,118.070478439331));
#6887=CARTESIAN_POINT('',(1.1295310407877,53.4999990463257,118.54549407959));
#6888=CARTESIAN_POINT('Origin',(1.1295310407877,53.4999990463257,118.54549407959));
#6889=CARTESIAN_POINT('',(1.69834896922112,53.4999990463257,118.902912139893));
#6890=CARTESIAN_POINT('Origin',(1.1295310407877,40.2500009536743,118.54549407959));
#6891=CARTESIAN_POINT('',(1.69834896922112,53.4999990463257,118.902912139893));
#6892=CARTESIAN_POINT('Origin',(1.69834896922112,53.4999990463257,118.902912139893));
#6893=CARTESIAN_POINT('',(2.32822999358177,53.4999990463257,119.123821258545));
#6894=CARTESIAN_POINT('',(2.32822999358177,53.4999990463257,119.123821258545));
#6895=CARTESIAN_POINT('',(2.32822999358177,53.4999990463257,119.123821258545));
#6896=CARTESIAN_POINT('Origin',(1.69834896922112,40.2500009536743,118.902912139893));
#6897=CARTESIAN_POINT('',(2.32822999358177,53.4999990463257,119.123821258545));
#6898=CARTESIAN_POINT('Origin',(0.0752160046249628,66.7500019073486,116.867561340332));
#6899=CARTESIAN_POINT('',(0.0752160046249628,66.7500019073486,116.867561340332));
#6900=CARTESIAN_POINT('',(0.,70.,116.199998855591));
#6901=CARTESIAN_POINT('',(0.0904570054262877,70.,116.931142807007));
#6902=CARTESIAN_POINT('Origin',(0.0752160046249628,53.4999990463257,116.867561340332));
#6903=CARTESIAN_POINT('',(0.297093000262976,66.7500019073486,117.501649856567));
#6904=CARTESIAN_POINT('',(0.297093000262976,66.7500019073486,117.501649856567));
#6905=CARTESIAN_POINT('',(0.0752160046249628,53.4999990463257,116.867561340332));
#6906=CARTESIAN_POINT('',(0.0752160046249628,66.7500019073486,116.867561340332));
#6907=CARTESIAN_POINT('',(0.297093000262976,66.7500019073486,117.501649856567));
#6908=CARTESIAN_POINT('Origin',(0.0752160046249628,66.7500019073486,116.867561340332));
#6909=CARTESIAN_POINT('',(0.0904570054262877,70.,116.931142807007));
#6910=CARTESIAN_POINT('Origin',(0.297093000262976,66.7500019073486,117.501649856567));
#6911=CARTESIAN_POINT('',(0.356374010443687,70.,117.618179321289));
#6912=CARTESIAN_POINT('Origin',(0.0752160046249628,40.2500009536743,116.867561340332));
#6913=CARTESIAN_POINT('',(0.297093000262976,53.4999990463257,117.501649856567));
#6914=CARTESIAN_POINT('',(0.297093000262976,53.4999990463257,117.501649856567));
#6915=CARTESIAN_POINT('',(0.0752160046249628,40.2500009536743,116.867561340332));
#6916=CARTESIAN_POINT('',(0.0752160046249628,53.4999990463257,116.867561340332));
#6917=CARTESIAN_POINT('',(0.297093000262976,53.4999990463257,117.501649856567));
#6918=CARTESIAN_POINT('Origin',(0.0752160046249628,53.4999990463257,116.867561340332));
#6919=CARTESIAN_POINT('',(0.297093000262976,66.7500019073486,117.501649856567));
#6920=CARTESIAN_POINT('Origin',(0.297093000262976,53.4999990463257,117.501649856567));
#6921=CARTESIAN_POINT('',(0.654505044221878,66.7500019073486,118.070478439331));
#6922=CARTESIAN_POINT('',(0.654505044221878,66.7500019073486,118.070478439331));
#6923=CARTESIAN_POINT('',(0.654505044221878,66.7500019073486,118.070478439331));
#6924=CARTESIAN_POINT('Origin',(0.297093000262976,66.7500019073486,117.501649856567));
#6925=CARTESIAN_POINT('',(0.356374010443687,70.,117.618179321289));
#6926=CARTESIAN_POINT('Origin',(0.654505044221878,66.7500019073486,118.070478439331));
#6927=CARTESIAN_POINT('',(0.781714990735054,70.,118.219709396362));
#6928=CARTESIAN_POINT('Origin',(2.00000002980232,80.,119.028425216675));
#6929=CARTESIAN_POINT('',(2.32612609863281,80.,119.123334884644));
#6930=CARTESIAN_POINT('Origin',(2.00000002980232,70.,119.028425216675));
#6931=CARTESIAN_POINT('',(2.32717797160149,66.7500019073486,119.123582839966));
#6932=CARTESIAN_POINT('',(2.32612609863281,80.,119.123334884644));
#6933=CARTESIAN_POINT('',(2.00000002980232,70.,119.028425216675));
#6934=CARTESIAN_POINT('Origin',(2.32612609863281,80.,119.123334884644));
#6935=CARTESIAN_POINT('',(2.66089022159576,80.,119.180774688721));
#6936=CARTESIAN_POINT('Origin',(2.32717797160149,66.7500019073486,119.123582839966));
#6937=CARTESIAN_POINT('',(3.00000190734863,80.,119.200000762939));
#6938=CARTESIAN_POINT('Origin',(1.69834896922112,13.75,118.902912139893));
#6939=CARTESIAN_POINT('',(2.33033403754234,27.0000004768372,119.124307632446));
#6940=CARTESIAN_POINT('Origin',(1.69834896922112,27.0000004768372,118.902912139893));
#6941=CARTESIAN_POINT('',(2.32928201556206,40.2500009536743,119.124059677124));
#6942=CARTESIAN_POINT('Origin',(2.33033403754234,27.0000004768372,119.124307632446));
#6943=CARTESIAN_POINT('',(3.00000190734863,80.,119.200000762939));
#6944=CARTESIAN_POINT('',(3.00000190734863,80.,119.200000762939));
#6945=CARTESIAN_POINT('Origin',(2.32928201556206,40.2500009536743,119.124059677124));
#6946=CARTESIAN_POINT('',(3.00000190734863,80.,119.200000762939));
#6947=CARTESIAN_POINT('Origin',(3.00000190734863,80.,119.200000762939));
#6948=CARTESIAN_POINT('',(2.32717797160149,66.7500019073486,119.123582839966));
#6949=CARTESIAN_POINT('Origin',(2.32822999358177,53.4999990463257,119.123821258545));
#6950=CARTESIAN_POINT('',(2.32717797160149,66.7500019073486,119.123582839966));
#6951=CARTESIAN_POINT('Origin',(2.32717797160149,66.7500019073486,119.123582839966));
#6952=CARTESIAN_POINT('',(2.00000002980232,70.,119.028425216675));
#6953=CARTESIAN_POINT('Origin',(1.69834896922112,53.4999990463257,118.902912139893));
#6954=CARTESIAN_POINT('',(2.00000002980232,70.,119.028425216675));
#6955=CARTESIAN_POINT('Origin',(2.00000002980232,70.,119.028425216675));
#6956=CARTESIAN_POINT('',(1.34082898497581,70.,118.699436187744));
#6957=CARTESIAN_POINT('Origin',(1.69834896922112,66.7500019073486,118.902912139893));
#6958=CARTESIAN_POINT('',(1.34082898497581,70.,118.699436187744));
#6959=CARTESIAN_POINT('Origin',(1.34082898497581,70.,118.699436187744));
#6960=CARTESIAN_POINT('',(0.781714990735054,70.,118.219709396362));
#6961=CARTESIAN_POINT('Origin',(0.781714990735054,70.,118.219709396362));
#6962=CARTESIAN_POINT('',(1.1295310407877,66.7500019073486,118.54549407959));
#6963=CARTESIAN_POINT('Origin',(1.1295310407877,66.7500019073486,118.54549407959));
#6964=CARTESIAN_POINT('',(0.654505044221878,66.7500019073486,118.070478439331));
#6965=CARTESIAN_POINT('Origin',(0.654505044221878,66.7500019073486,118.070478439331));
#6966=CARTESIAN_POINT('',(0.654505044221878,53.4999990463257,118.070478439331));
#6967=CARTESIAN_POINT('Origin',(0.654505044221878,53.4999990463257,118.070478439331));
#6968=CARTESIAN_POINT('',(0.297093000262976,53.4999990463257,117.501649856567));
#6969=CARTESIAN_POINT('Origin',(0.297093000262976,53.4999990463257,117.501649856567));
#6970=CARTESIAN_POINT('',(0.297093000262976,40.2500009536743,117.501649856567));
#6971=CARTESIAN_POINT('Origin',(0.297093000262976,40.2500009536743,117.501649856567));
#6972=CARTESIAN_POINT('',(0.0752160046249628,40.2500009536743,116.867561340332));
#6973=CARTESIAN_POINT('Origin',(0.,0.500000007450581,116.199998855591));
#6974=CARTESIAN_POINT('Origin',(1.69834896922112,13.75,118.902912139893));
#6975=CARTESIAN_POINT('',(1.69834896922112,0.500000007450581,118.902912139893));
#6976=CARTESIAN_POINT('Origin',(1.69834896922112,0.500000007450581,118.902912139893));
#6977=CARTESIAN_POINT('',(2.33243808150291,0.500000007450581,119.124784469604));
#6978=CARTESIAN_POINT('Origin',(2.33138605952263,13.75,119.124546051025));
#6979=CARTESIAN_POINT('Origin',(1.69834807515144,40.2500009536743,0.297093000262976));
#6980=CARTESIAN_POINT('',(1.69834807515144,27.0000004768372,0.297093000262976));
#6981=CARTESIAN_POINT('',(2.32927992939949,40.2500009536743,0.0759380031377077));
#6982=CARTESIAN_POINT('',(1.69834807515144,27.0000004768372,0.297093000262976));
#6983=CARTESIAN_POINT('',(1.69834807515144,40.2500009536743,0.297093000262976));
#6984=CARTESIAN_POINT('',(1.69834807515144,40.2500009536743,0.297093000262976));
#6985=CARTESIAN_POINT('',(1.69834807515144,40.2500009536743,0.297093000262976));
#6986=CARTESIAN_POINT('Origin',(2.32927992939949,40.2500009536743,0.0759380031377077));
#6987=CARTESIAN_POINT('',(2.33033210039139,27.0000004768372,0.0756970001384616));
#6988=CARTESIAN_POINT('',(1.69834807515144,27.0000004768372,0.297093000262976));
#6989=CARTESIAN_POINT('',(2.32927992939949,40.2500009536743,0.0759380031377077));
#6990=CARTESIAN_POINT('Origin',(1.69834807515144,40.2500009536743,0.297093000262976));
#6991=CARTESIAN_POINT('',(1.12952999770641,40.2500009536743,0.654505044221878));
#6992=CARTESIAN_POINT('',(1.12952999770641,40.2500009536743,0.654505044221878));
#6993=CARTESIAN_POINT('',(1.12952999770641,40.2500009536743,0.654505044221878));
#6994=CARTESIAN_POINT('Origin',(2.33033210039139,27.0000004768372,0.0756970001384616));
#6995=CARTESIAN_POINT('',(1.69834807515144,13.75,0.297093000262976));
#6996=CARTESIAN_POINT('',(1.69834807515144,27.0000004768372,0.297093000262976));
#6997=CARTESIAN_POINT('',(1.69834807515144,13.75,0.297093000262976));
#6998=CARTESIAN_POINT('Origin',(1.69834807515144,27.0000004768372,0.297093000262976));
#6999=CARTESIAN_POINT('',(1.12952999770641,27.0000004768372,0.654505044221878));
#7000=CARTESIAN_POINT('',(1.12952999770641,40.2500009536743,0.654505044221878));
#7001=CARTESIAN_POINT('',(1.69834807515144,0.500000007450581,0.297093000262976));
#7002=CARTESIAN_POINT('',(1.69834807515144,0.500000007450581,0.297093000262976));
#7003=CARTESIAN_POINT('',(1.69834807515144,0.500000007450581,0.297093000262976));
#7004=CARTESIAN_POINT('',(1.12952999770641,27.0000004768372,0.654505044221878));
#7005=CARTESIAN_POINT('Origin',(1.12952999770641,27.0000004768372,0.654505044221878));
#7006=CARTESIAN_POINT('',(0.654505044221878,40.2500009536743,1.12952999770641));
#7007=CARTESIAN_POINT('',(0.654505044221878,40.2500009536743,1.12952999770641));
#7008=CARTESIAN_POINT('',(0.654505044221878,40.2500009536743,1.12952999770641));
#7009=CARTESIAN_POINT('Origin',(1.69834807515144,40.2500009536743,0.297093000262976));
#7010=CARTESIAN_POINT('',(1.12952999770641,53.4999990463257,0.654505044221878));
#7011=CARTESIAN_POINT('',(1.12952999770641,53.4999990463257,0.654505044221878));
#7012=CARTESIAN_POINT('',(1.12952999770641,53.4999990463257,0.654505044221878));
#7013=CARTESIAN_POINT('Origin',(1.12952999770641,53.4999990463257,0.654505044221878));
#7014=CARTESIAN_POINT('',(0.654505044221878,53.4999990463257,1.12952999770641));
#7015=CARTESIAN_POINT('',(0.654505044221878,53.4999990463257,1.12952999770641));
#7016=CARTESIAN_POINT('',(0.654505044221878,53.4999990463257,1.12952999770641));
#7017=CARTESIAN_POINT('Origin',(1.12952999770641,40.2500009536743,0.654505044221878));
#7018=CARTESIAN_POINT('',(0.654505044221878,53.4999990463257,1.12952999770641));
#7019=CARTESIAN_POINT('Origin',(0.654505044221878,53.4999990463257,1.12952999770641));
#7020=CARTESIAN_POINT('',(0.297093000262976,53.4999990463257,1.69834807515144));
#7021=CARTESIAN_POINT('',(0.297093000262976,53.4999990463257,1.69834807515144));
#7022=CARTESIAN_POINT('',(0.297093000262976,53.4999990463257,1.69834807515144));
#7023=CARTESIAN_POINT('Origin',(1.12952999770641,27.0000004768372,0.654505044221878));
#7024=CARTESIAN_POINT('',(0.654505044221878,27.0000004768372,1.12952999770641));
#7025=CARTESIAN_POINT('',(0.654505044221878,40.2500009536743,1.12952999770641));
#7026=CARTESIAN_POINT('',(0.654505044221878,0.500000007450581,1.12952999770641));
#7027=CARTESIAN_POINT('Origin',(0.654505044221878,27.0000004768372,1.12952999770641));
#7028=CARTESIAN_POINT('',(0.297093000262976,40.2500009536743,1.69834807515144));
#7029=CARTESIAN_POINT('',(0.297093000262976,40.2500009536743,1.69834807515144));
#7030=CARTESIAN_POINT('',(0.297093000262976,40.2500009536743,1.69834807515144));
#7031=CARTESIAN_POINT('Origin',(0.654505044221878,40.2500009536743,1.12952999770641));
#7032=CARTESIAN_POINT('',(0.297093000262976,53.4999990463257,1.69834807515144));
#7033=CARTESIAN_POINT('Origin',(0.297093000262976,40.2500009536743,1.69834807515144));
#7034=CARTESIAN_POINT('',(0.0752160046249628,53.4999990463257,2.33243614435196));
#7035=CARTESIAN_POINT('',(0.0752160046249628,53.4999990463257,2.33243614435196));
#7036=CARTESIAN_POINT('',(0.0752160046249628,53.4999990463257,2.33243614435196));
#7037=CARTESIAN_POINT('Origin',(1.12952999770641,53.4999990463257,0.654505044221878));
#7038=CARTESIAN_POINT('',(0.654505044221878,66.7500019073486,1.12952999770641));
#7039=CARTESIAN_POINT('',(0.654505044221878,66.7500019073486,1.12952999770641));
#7040=CARTESIAN_POINT('',(0.654505044221878,66.7500019073486,1.12952999770641));
#7041=CARTESIAN_POINT('Origin',(0.654505044221878,66.7500019073486,1.12952999770641));
#7042=CARTESIAN_POINT('',(0.297093000262976,66.7500019073486,1.69834807515144));
#7043=CARTESIAN_POINT('',(0.297093000262976,66.7500019073486,1.69834807515144));
#7044=CARTESIAN_POINT('',(0.297093000262976,66.7500019073486,1.69834807515144));
#7045=CARTESIAN_POINT('Origin',(0.654505044221878,53.4999990463257,1.12952999770641));
#7046=CARTESIAN_POINT('',(0.297093000262976,66.7500019073486,1.69834807515144));
#7047=CARTESIAN_POINT('Origin',(0.297093000262976,66.7500019073486,1.69834807515144));
#7048=CARTESIAN_POINT('',(0.0752160046249628,66.7500019073486,2.33243614435196));
#7049=CARTESIAN_POINT('',(0.0752160046249628,66.7500019073486,2.33243614435196));
#7050=CARTESIAN_POINT('',(0.0752160046249628,66.7500019073486,2.33243614435196));
#7051=CARTESIAN_POINT('Origin',(0.297093000262976,53.4999990463257,1.69834807515144));
#7052=CARTESIAN_POINT('',(0.0752160046249628,66.7500019073486,2.33243614435196));
#7053=CARTESIAN_POINT('Origin',(1.69834807515144,0.500000007450581,0.297093000262976));
#7054=CARTESIAN_POINT('',(1.69834807515144,0.500000007450581,0.297093000262976));
#7055=CARTESIAN_POINT('Origin',(2.32717618346214,66.7500019073486,0.0764210009947419));
#7056=CARTESIAN_POINT('',(2.32717618346214,66.7500019073486,0.0764210009947419));
#7057=CARTESIAN_POINT('',(2.6608881354332,80.,0.0192269997205585));
#7058=CARTESIAN_POINT('',(2.32612490653992,80.,0.0766630051657557));
#7059=CARTESIAN_POINT('Origin',(2.32717618346214,66.7500019073486,0.0764210009947419));
#7060=CARTESIAN_POINT('',(2.00000002980232,70.,0.171572007238865));
#7061=CARTESIAN_POINT('',(2.00000002980232,70.,0.171572007238865));
#7062=CARTESIAN_POINT('Origin',(2.00000002980232,70.,0.171572007238865));
#7063=CARTESIAN_POINT('Origin',(2.99999803304672,80.,0.));
#7064=CARTESIAN_POINT('',(2.99999803304672,0.500000007450581,0.));
#7065=CARTESIAN_POINT('Origin',(2.99999803304672,0.500000007450581,0.));
#7066=CARTESIAN_POINT('',(2.32822805643082,53.4999990463257,0.0761789968237281));
#7067=CARTESIAN_POINT('',(2.99999803304672,0.500000007450581,0.));
#7068=CARTESIAN_POINT('',(2.6608881354332,80.,0.0192269997205585));
#7069=CARTESIAN_POINT('Origin',(2.6608881354332,80.,0.0192269997205585));
#7070=CARTESIAN_POINT('',(2.32717618346214,66.7500019073486,0.0764210009947419));
#7071=CARTESIAN_POINT('Origin',(2.32822805643082,53.4999990463257,0.0761789968237281));
#7072=CARTESIAN_POINT('',(1.69834807515144,53.4999990463257,0.297093000262976));
#7073=CARTESIAN_POINT('',(1.69834807515144,53.4999990463257,0.297093000262976));
#7074=CARTESIAN_POINT('',(1.69834807515144,53.4999990463257,0.297093000262976));
#7075=CARTESIAN_POINT('Origin',(2.32717618346214,66.7500019073486,0.0764210009947419));
#7076=CARTESIAN_POINT('',(2.00000002980232,70.,0.171572007238865));
#7077=CARTESIAN_POINT('Origin',(1.69834807515144,53.4999990463257,0.297093000262976));
#7078=CARTESIAN_POINT('',(1.69834807515144,66.7500019073486,0.297093000262976));
#7079=CARTESIAN_POINT('',(2.00000002980232,70.,0.171572007238865));
#7080=CARTESIAN_POINT('',(1.69834807515144,66.7500019073486,0.297093000262976));
#7081=CARTESIAN_POINT('Origin',(2.00000002980232,70.,0.171572007238865));
#7082=CARTESIAN_POINT('',(1.34082898497581,70.,0.500567965209484));
#7083=CARTESIAN_POINT('Origin',(1.69834807515144,66.7500019073486,0.297093000262976));
#7084=CARTESIAN_POINT('',(1.34082898497581,70.,0.500567965209484));
#7085=CARTESIAN_POINT('Origin',(1.69834807515144,53.4999990463257,0.297093000262976));
#7086=CARTESIAN_POINT('',(1.12952999770641,66.7500019073486,0.654505044221878));
#7087=CARTESIAN_POINT('',(1.34082898497581,70.,0.500567965209484));
#7088=CARTESIAN_POINT('',(1.12952999770641,66.7500019073486,0.654505044221878));
#7089=CARTESIAN_POINT('Origin',(1.12952999770641,66.7500019073486,0.654505044221878));
#7090=CARTESIAN_POINT('',(0.781714990735054,70.,0.980292037129402));
#7091=CARTESIAN_POINT('Origin',(0.654505044221878,27.0000004768372,1.12952999770641));
#7092=CARTESIAN_POINT('',(0.297093000262976,27.0000004768372,1.69834807515144));
#7093=CARTESIAN_POINT('',(0.297093000262976,40.2500009536743,1.69834807515144));
#7094=CARTESIAN_POINT('',(0.297093000262976,27.0000004768372,1.69834807515144));
#7095=CARTESIAN_POINT('Origin',(0.297093000262976,27.0000004768372,1.69834807515144));
#7096=CARTESIAN_POINT('',(0.0752160046249628,40.2500009536743,2.33243614435196));
#7097=CARTESIAN_POINT('',(0.0752160046249628,40.2500009536743,2.33243614435196));
#7098=CARTESIAN_POINT('',(0.0752160046249628,40.2500009536743,2.33243614435196));
#7099=CARTESIAN_POINT('Origin',(0.297093000262976,40.2500009536743,1.69834807515144));
#7100=CARTESIAN_POINT('',(0.0752160046249628,53.4999990463257,2.33243614435196));
#7101=CARTESIAN_POINT('Origin',(0.0752160046249628,53.4999990463257,2.33243614435196));
#7102=CARTESIAN_POINT('',(0.,70.,2.99999803304672));
#7103=CARTESIAN_POINT('',(0.0752160046249628,40.2500009536743,2.33243614435196));
#7104=CARTESIAN_POINT('Origin',(0.,70.,2.99999803304672));
#7105=CARTESIAN_POINT('',(0.0904570054262877,70.,2.26886108517647));
#7106=CARTESIAN_POINT('Origin',(0.0752160046249628,66.7500019073486,2.33243614435196));
#7107=CARTESIAN_POINT('',(0.0904570054262877,70.,2.26886108517647));
#7108=CARTESIAN_POINT('Origin',(0.0904570054262877,70.,2.26886108517647));
#7109=CARTESIAN_POINT('',(0.356374010443687,70.,1.58181503415108));
#7110=CARTESIAN_POINT('Origin',(0.297093000262976,66.7500019073486,1.69834807515144));
#7111=CARTESIAN_POINT('',(0.356374010443687,70.,1.58181503415108));
#7112=CARTESIAN_POINT('Origin',(0.356374010443687,70.,1.58181503415108));
#7113=CARTESIAN_POINT('',(0.781714990735054,70.,0.980292037129402));
#7114=CARTESIAN_POINT('Origin',(0.781714990735054,70.,0.980292037129402));
#7115=CARTESIAN_POINT('',(0.654505044221878,66.7500019073486,1.12952999770641));
#7116=CARTESIAN_POINT('Origin',(0.654505044221878,66.7500019073486,1.12952999770641));
#7117=CARTESIAN_POINT('',(1.12952999770641,66.7500019073486,0.654505044221878));
#7118=CARTESIAN_POINT('Origin',(1.12952999770641,66.7500019073486,0.654505044221878));
#7119=CARTESIAN_POINT('',(1.12952999770641,53.4999990463257,0.654505044221878));
#7120=CARTESIAN_POINT('Origin',(1.12952999770641,53.4999990463257,0.654505044221878));
#7121=CARTESIAN_POINT('',(1.69834807515144,53.4999990463257,0.297093000262976));
#7122=CARTESIAN_POINT('Origin',(1.69834807515144,53.4999990463257,0.297093000262976));
#7123=CARTESIAN_POINT('',(1.69834807515144,40.2500009536743,0.297093000262976));
#7124=CARTESIAN_POINT('Origin',(1.69834807515144,40.2500009536743,0.297093000262976));
#7125=CARTESIAN_POINT('',(2.32822805643082,53.4999990463257,0.0761789968237281));
#7126=CARTESIAN_POINT('Origin',(2.32822805643082,53.4999990463257,0.0761789968237281));
#7127=CARTESIAN_POINT('',(2.99999803304672,0.500000007450581,0.));
#7128=CARTESIAN_POINT('Origin',(2.32927992939949,40.2500009536743,0.0759380031377077));
#7129=CARTESIAN_POINT('',(2.99999803304672,0.500000007450581,0.));
#7130=CARTESIAN_POINT('Origin',(2.99999803304672,0.500000007450581,0.));
#7131=CARTESIAN_POINT('',(2.33033210039139,27.0000004768372,0.0756970001384616));
#7132=CARTESIAN_POINT('Origin',(2.33033210039139,27.0000004768372,0.0756970001384616));
#7133=CARTESIAN_POINT('',(1.69834807515144,13.75,0.297093000262976));
#7134=CARTESIAN_POINT('Origin',(2.33138397336006,13.75,0.0754560017958283));
#7135=CARTESIAN_POINT('Origin',(0.297093000262976,13.75,1.69834807515144));
#7136=CARTESIAN_POINT('Origin',(3.46677899360657,0.500000007450581,103.839130401611));
#7137=CARTESIAN_POINT('',(30.9667801856995,2.00000002980232,103.839130401611));
#7138=CARTESIAN_POINT('',(3.46677899360657,2.00000002980232,103.839130401611));
#7139=CARTESIAN_POINT('Origin',(30.9667801856995,0.500000007450581,103.839130401611));
#7140=CARTESIAN_POINT('',(30.9667801856995,2.00000002980232,56.3391256332397));
#7141=CARTESIAN_POINT('Origin',(3.46677899360657,0.500000007450581,56.3391256332397));
#7142=CARTESIAN_POINT('',(3.46677899360657,2.00000002980232,56.3391256332397));
#7143=CARTESIAN_POINT('Origin',(3.46677899360657,0.500000007450581,56.3391256332397));
#7144=UNCERTAINTY_MEASURE_WITH_UNIT(LENGTH_MEASURE(0.01),#7148,
'DISTANCE_ACCURACY_VALUE',
'Maximum model space distance between geometric entities at asserted c
onnectivities');
#7145=UNCERTAINTY_MEASURE_WITH_UNIT(LENGTH_MEASURE(0.01),#7148,
'DISTANCE_ACCURACY_VALUE',
'Maximum model space distance between geometric entities at asserted c
onnectivities');
#7146=(
GEOMETRIC_REPRESENTATION_CONTEXT(3)
GLOBAL_UNCERTAINTY_ASSIGNED_CONTEXT((#7144))
GLOBAL_UNIT_ASSIGNED_CONTEXT((#7148,#7150,#7151))
REPRESENTATION_CONTEXT('','3D')
);
#7147=(
GEOMETRIC_REPRESENTATION_CONTEXT(3)
GLOBAL_UNCERTAINTY_ASSIGNED_CONTEXT((#7145))
GLOBAL_UNIT_ASSIGNED_CONTEXT((#7148,#7150,#7151))
REPRESENTATION_CONTEXT('','3D')
);
#7148=(
LENGTH_UNIT()
NAMED_UNIT(*)
SI_UNIT(.MILLI.,.METRE.)
);
#7149=(
LENGTH_UNIT()
NAMED_UNIT(*)
SI_UNIT($,.METRE.)
);
#7150=(
NAMED_UNIT(*)
PLANE_ANGLE_UNIT()
SI_UNIT($,.RADIAN.)
);
#7151=(
NAMED_UNIT(*)
SI_UNIT($,.STERADIAN.)
SOLID_ANGLE_UNIT()
);
#7152=SHAPE_DEFINITION_REPRESENTATION(#7153,#7154);
#7153=PRODUCT_DEFINITION_SHAPE('',$,#7156);
#7154=SHAPE_REPRESENTATION('',(#4447),#7146);
#7155=PRODUCT_DEFINITION_CONTEXT('part definition',#7160,'design');
#7156=PRODUCT_DEFINITION('2026-08-17-16-22-02-535','capot_meanwell_slr',
#7157,#7155);
#7157=PRODUCT_DEFINITION_FORMATION('',$,#7162);
#7158=PRODUCT_RELATED_PRODUCT_CATEGORY('capot_meanwell_slr',
'capot_meanwell_slr',(#7162));
#7159=APPLICATION_PROTOCOL_DEFINITION('international standard',
'automotive_design',2009,#7160);
#7160=APPLICATION_CONTEXT(
'Core Data for Automotive Mechanical Design Process');
#7161=PRODUCT_CONTEXT('part definition',#7160,'mechanical');
#7162=PRODUCT('2026-08-17-16-22-02-535','capot_meanwell_slr',$,(#7161));
#7163=PRESENTATION_STYLE_ASSIGNMENT((#7164));
#7164=SURFACE_STYLE_USAGE(.BOTH.,#7165);
#7165=SURFACE_SIDE_STYLE('',(#7166));
#7166=SURFACE_STYLE_FILL_AREA(#7167);
#7167=FILL_AREA_STYLE('Steel - Satin',(#7168));
#7168=FILL_AREA_STYLE_COLOUR('Steel - Satin',#7169);
#7169=COLOUR_RGB('Steel - Satin',0.627450980392157,0.627450980392157,0.627450980392157);
ENDSEC;
END-ISO-10303-21;
