ISO-10303-21;
HEADER;
/* Generated by software containing ST-Developer
 * from STEP Tools, Inc. (www.steptools.com) 
 */

FILE_DESCRIPTION(
/* description */ (''),
/* implementation_level */ '2;1');

FILE_NAME(
/* name */ 'skr3-case.step',
/* time_stamp */ '2026-08-17T16:19:22-04:00',
/* author */ (''),
/* organization */ (''),
/* preprocessor_version */ 'ST-DEVELOPER v20.1',
/* originating_system */ 'Autodesk Translation Framework v15.8.0.0',
/* authorisation */ '');

FILE_SCHEMA (('AUTOMOTIVE_DESIGN { 1 0 10303 214 3 1 1 }'));
ENDSEC;

DATA;
#10=MECHANICAL_DESIGN_GEOMETRIC_PRESENTATION_REPRESENTATION('',(#13),#4771);
#11=SHAPE_REPRESENTATION_RELATIONSHIP('SRR','None',#4778,#12);
#12=ADVANCED_BREP_SHAPE_REPRESENTATION('',(#14),#4770);
#13=STYLED_ITEM('',(#4787),#14);
#14=MANIFOLD_SOLID_BREP('skr3-case',#2711);
#15=TOROIDAL_SURFACE('',#2952,5.96000227859066,3.16);
#16=TOROIDAL_SURFACE('',#2963,5.96000733620788,3.16);
#17=TOROIDAL_SURFACE('',#2969,5.96000059272026,3.16);
#18=TOROIDAL_SURFACE('',#2975,5.95999553509082,3.16);
#19=ELLIPSE('',#2776,4.52548339959391,3.2);
#20=ELLIPSE('',#2790,4.5254833995939,3.2);
#21=FACE_BOUND('',#274,.T.);
#22=FACE_BOUND('',#279,.T.);
#23=FACE_BOUND('',#307,.T.);
#24=FACE_BOUND('',#309,.T.);
#25=FACE_BOUND('',#313,.T.);
#26=FACE_BOUND('',#315,.T.);
#27=FACE_BOUND('',#316,.T.);
#28=FACE_BOUND('',#317,.T.);
#29=FACE_BOUND('',#318,.T.);
#30=FACE_BOUND('',#319,.T.);
#31=FACE_BOUND('',#328,.T.);
#32=FACE_BOUND('',#329,.T.);
#33=FACE_BOUND('',#330,.T.);
#34=FACE_BOUND('',#331,.T.);
#35=FACE_BOUND('',#334,.T.);
#36=FACE_BOUND('',#339,.T.);
#37=FACE_BOUND('',#399,.T.);
#38=FACE_BOUND('',#400,.T.);
#39=FACE_BOUND('',#401,.T.);
#40=FACE_BOUND('',#402,.T.);
#41=FACE_BOUND('',#411,.T.);
#42=FACE_BOUND('',#413,.T.);
#43=FACE_BOUND('',#415,.T.);
#44=FACE_BOUND('',#417,.T.);
#45=FACE_BOUND('',#423,.T.);
#46=FACE_BOUND('',#424,.T.);
#47=FACE_BOUND('',#425,.T.);
#48=FACE_BOUND('',#426,.T.);
#49=FACE_BOUND('',#427,.T.);
#50=FACE_BOUND('',#428,.T.);
#51=FACE_BOUND('',#430,.T.);
#52=FACE_BOUND('',#431,.T.);
#53=FACE_BOUND('',#433,.T.);
#54=FACE_BOUND('',#434,.T.);
#55=FACE_BOUND('',#435,.T.);
#56=FACE_BOUND('',#436,.T.);
#57=FACE_BOUND('',#437,.T.);
#58=FACE_BOUND('',#438,.T.);
#59=FACE_BOUND('',#440,.T.);
#60=FACE_BOUND('',#441,.T.);
#61=FACE_BOUND('',#442,.T.);
#62=FACE_BOUND('',#443,.T.);
#63=PLANE('',#2727);
#64=PLANE('',#2731);
#65=PLANE('',#2734);
#66=PLANE('',#2740);
#67=PLANE('',#2747);
#68=PLANE('',#2749);
#69=PLANE('',#2756);
#70=PLANE('',#2761);
#71=PLANE('',#2764);
#72=PLANE('',#2766);
#73=PLANE('',#2769);
#74=PLANE('',#2773);
#75=PLANE('',#2778);
#76=PLANE('',#2783);
#77=PLANE('',#2787);
#78=PLANE('',#2792);
#79=PLANE('',#2799);
#80=PLANE('',#2800);
#81=PLANE('',#2805);
#82=PLANE('',#2806);
#83=PLANE('',#2818);
#84=PLANE('',#2821);
#85=PLANE('',#2824);
#86=PLANE('',#2828);
#87=PLANE('',#2832);
#88=PLANE('',#2837);
#89=PLANE('',#2843);
#90=PLANE('',#2847);
#91=PLANE('',#2851);
#92=PLANE('',#2855);
#93=PLANE('',#2859);
#94=PLANE('',#2863);
#95=PLANE('',#2867);
#96=PLANE('',#2871);
#97=PLANE('',#2875);
#98=PLANE('',#2879);
#99=PLANE('',#2883);
#100=PLANE('',#2887);
#101=PLANE('',#2891);
#102=PLANE('',#2895);
#103=PLANE('',#2899);
#104=PLANE('',#2903);
#105=PLANE('',#2907);
#106=PLANE('',#2911);
#107=PLANE('',#2915);
#108=PLANE('',#2919);
#109=PLANE('',#2923);
#110=PLANE('',#2927);
#111=PLANE('',#2931);
#112=PLANE('',#2935);
#113=PLANE('',#2936);
#114=PLANE('',#2937);
#115=PLANE('',#2938);
#116=PLANE('',#2939);
#117=PLANE('',#2957);
#118=PLANE('',#2981);
#119=PLANE('',#2982);
#120=PLANE('',#2983);
#121=PLANE('',#2984);
#122=PLANE('',#2985);
#123=PLANE('',#2986);
#124=PLANE('',#2987);
#125=PLANE('',#2988);
#126=PLANE('',#2989);
#127=PLANE('',#2990);
#128=PLANE('',#2991);
#129=PLANE('',#2992);
#130=FACE_OUTER_BOUND('',#266,.T.);
#131=FACE_OUTER_BOUND('',#267,.T.);
#132=FACE_OUTER_BOUND('',#268,.T.);
#133=FACE_OUTER_BOUND('',#269,.T.);
#134=FACE_OUTER_BOUND('',#270,.T.);
#135=FACE_OUTER_BOUND('',#271,.T.);
#136=FACE_OUTER_BOUND('',#272,.T.);
#137=FACE_OUTER_BOUND('',#273,.T.);
#138=FACE_OUTER_BOUND('',#275,.T.);
#139=FACE_OUTER_BOUND('',#276,.T.);
#140=FACE_OUTER_BOUND('',#277,.T.);
#141=FACE_OUTER_BOUND('',#278,.T.);
#142=FACE_OUTER_BOUND('',#280,.T.);
#143=FACE_OUTER_BOUND('',#281,.T.);
#144=FACE_OUTER_BOUND('',#282,.T.);
#145=FACE_OUTER_BOUND('',#283,.T.);
#146=FACE_OUTER_BOUND('',#284,.T.);
#147=FACE_OUTER_BOUND('',#285,.T.);
#148=FACE_OUTER_BOUND('',#286,.T.);
#149=FACE_OUTER_BOUND('',#287,.T.);
#150=FACE_OUTER_BOUND('',#288,.T.);
#151=FACE_OUTER_BOUND('',#289,.T.);
#152=FACE_OUTER_BOUND('',#290,.T.);
#153=FACE_OUTER_BOUND('',#291,.T.);
#154=FACE_OUTER_BOUND('',#292,.T.);
#155=FACE_OUTER_BOUND('',#293,.T.);
#156=FACE_OUTER_BOUND('',#294,.T.);
#157=FACE_OUTER_BOUND('',#295,.T.);
#158=FACE_OUTER_BOUND('',#296,.T.);
#159=FACE_OUTER_BOUND('',#297,.T.);
#160=FACE_OUTER_BOUND('',#298,.T.);
#161=FACE_OUTER_BOUND('',#299,.T.);
#162=FACE_OUTER_BOUND('',#300,.T.);
#163=FACE_OUTER_BOUND('',#301,.T.);
#164=FACE_OUTER_BOUND('',#302,.T.);
#165=FACE_OUTER_BOUND('',#303,.T.);
#166=FACE_OUTER_BOUND('',#304,.T.);
#167=FACE_OUTER_BOUND('',#305,.T.);
#168=FACE_OUTER_BOUND('',#306,.T.);
#169=FACE_OUTER_BOUND('',#308,.T.);
#170=FACE_OUTER_BOUND('',#310,.T.);
#171=FACE_OUTER_BOUND('',#311,.T.);
#172=FACE_OUTER_BOUND('',#312,.T.);
#173=FACE_OUTER_BOUND('',#314,.T.);
#174=FACE_OUTER_BOUND('',#320,.T.);
#175=FACE_OUTER_BOUND('',#321,.T.);
#176=FACE_OUTER_BOUND('',#322,.T.);
#177=FACE_OUTER_BOUND('',#323,.T.);
#178=FACE_OUTER_BOUND('',#324,.T.);
#179=FACE_OUTER_BOUND('',#325,.T.);
#180=FACE_OUTER_BOUND('',#326,.T.);
#181=FACE_OUTER_BOUND('',#327,.T.);
#182=FACE_OUTER_BOUND('',#332,.T.);
#183=FACE_OUTER_BOUND('',#333,.T.);
#184=FACE_OUTER_BOUND('',#335,.T.);
#185=FACE_OUTER_BOUND('',#336,.T.);
#186=FACE_OUTER_BOUND('',#337,.T.);
#187=FACE_OUTER_BOUND('',#338,.T.);
#188=FACE_OUTER_BOUND('',#340,.T.);
#189=FACE_OUTER_BOUND('',#341,.T.);
#190=FACE_OUTER_BOUND('',#342,.T.);
#191=FACE_OUTER_BOUND('',#343,.T.);
#192=FACE_OUTER_BOUND('',#344,.T.);
#193=FACE_OUTER_BOUND('',#345,.T.);
#194=FACE_OUTER_BOUND('',#346,.T.);
#195=FACE_OUTER_BOUND('',#347,.T.);
#196=FACE_OUTER_BOUND('',#348,.T.);
#197=FACE_OUTER_BOUND('',#349,.T.);
#198=FACE_OUTER_BOUND('',#350,.T.);
#199=FACE_OUTER_BOUND('',#351,.T.);
#200=FACE_OUTER_BOUND('',#352,.T.);
#201=FACE_OUTER_BOUND('',#353,.T.);
#202=FACE_OUTER_BOUND('',#354,.T.);
#203=FACE_OUTER_BOUND('',#355,.T.);
#204=FACE_OUTER_BOUND('',#356,.T.);
#205=FACE_OUTER_BOUND('',#357,.T.);
#206=FACE_OUTER_BOUND('',#358,.T.);
#207=FACE_OUTER_BOUND('',#359,.T.);
#208=FACE_OUTER_BOUND('',#360,.T.);
#209=FACE_OUTER_BOUND('',#361,.T.);
#210=FACE_OUTER_BOUND('',#362,.T.);
#211=FACE_OUTER_BOUND('',#363,.T.);
#212=FACE_OUTER_BOUND('',#364,.T.);
#213=FACE_OUTER_BOUND('',#365,.T.);
#214=FACE_OUTER_BOUND('',#366,.T.);
#215=FACE_OUTER_BOUND('',#367,.T.);
#216=FACE_OUTER_BOUND('',#368,.T.);
#217=FACE_OUTER_BOUND('',#369,.T.);
#218=FACE_OUTER_BOUND('',#370,.T.);
#219=FACE_OUTER_BOUND('',#371,.T.);
#220=FACE_OUTER_BOUND('',#372,.T.);
#221=FACE_OUTER_BOUND('',#373,.T.);
#222=FACE_OUTER_BOUND('',#374,.T.);
#223=FACE_OUTER_BOUND('',#375,.T.);
#224=FACE_OUTER_BOUND('',#376,.T.);
#225=FACE_OUTER_BOUND('',#377,.T.);
#226=FACE_OUTER_BOUND('',#378,.T.);
#227=FACE_OUTER_BOUND('',#379,.T.);
#228=FACE_OUTER_BOUND('',#380,.T.);
#229=FACE_OUTER_BOUND('',#381,.T.);
#230=FACE_OUTER_BOUND('',#382,.T.);
#231=FACE_OUTER_BOUND('',#383,.T.);
#232=FACE_OUTER_BOUND('',#384,.T.);
#233=FACE_OUTER_BOUND('',#385,.T.);
#234=FACE_OUTER_BOUND('',#386,.T.);
#235=FACE_OUTER_BOUND('',#387,.T.);
#236=FACE_OUTER_BOUND('',#388,.T.);
#237=FACE_OUTER_BOUND('',#389,.T.);
#238=FACE_OUTER_BOUND('',#390,.T.);
#239=FACE_OUTER_BOUND('',#391,.T.);
#240=FACE_OUTER_BOUND('',#392,.T.);
#241=FACE_OUTER_BOUND('',#393,.T.);
#242=FACE_OUTER_BOUND('',#394,.T.);
#243=FACE_OUTER_BOUND('',#395,.T.);
#244=FACE_OUTER_BOUND('',#396,.T.);
#245=FACE_OUTER_BOUND('',#397,.T.);
#246=FACE_OUTER_BOUND('',#398,.T.);
#247=FACE_OUTER_BOUND('',#403,.T.);
#248=FACE_OUTER_BOUND('',#404,.T.);
#249=FACE_OUTER_BOUND('',#405,.T.);
#250=FACE_OUTER_BOUND('',#406,.T.);
#251=FACE_OUTER_BOUND('',#407,.T.);
#252=FACE_OUTER_BOUND('',#408,.T.);
#253=FACE_OUTER_BOUND('',#409,.T.);
#254=FACE_OUTER_BOUND('',#410,.T.);
#255=FACE_OUTER_BOUND('',#412,.T.);
#256=FACE_OUTER_BOUND('',#414,.T.);
#257=FACE_OUTER_BOUND('',#416,.T.);
#258=FACE_OUTER_BOUND('',#418,.T.);
#259=FACE_OUTER_BOUND('',#419,.T.);
#260=FACE_OUTER_BOUND('',#420,.T.);
#261=FACE_OUTER_BOUND('',#421,.T.);
#262=FACE_OUTER_BOUND('',#422,.T.);
#263=FACE_OUTER_BOUND('',#429,.T.);
#264=FACE_OUTER_BOUND('',#432,.T.);
#265=FACE_OUTER_BOUND('',#439,.T.);
#266=EDGE_LOOP('',(#1726,#1727,#1728,#1729));
#267=EDGE_LOOP('',(#1730,#1731,#1732,#1733));
#268=EDGE_LOOP('',(#1734,#1735,#1736,#1737));
#269=EDGE_LOOP('',(#1738,#1739,#1740,#1741));
#270=EDGE_LOOP('',(#1742,#1743,#1744,#1745,#1746,#1747,#1748,#1749,#1750,
#1751,#1752));
#271=EDGE_LOOP('',(#1753,#1754,#1755,#1756,#1757,#1758));
#272=EDGE_LOOP('',(#1759,#1760,#1761,#1762,#1763));
#273=EDGE_LOOP('',(#1764,#1765,#1766,#1767,#1768,#1769,#1770,#1771));
#274=EDGE_LOOP('',(#1772));
#275=EDGE_LOOP('',(#1773,#1774,#1775,#1776,#1777));
#276=EDGE_LOOP('',(#1778,#1779,#1780,#1781));
#277=EDGE_LOOP('',(#1782,#1783,#1784,#1785,#1786));
#278=EDGE_LOOP('',(#1787,#1788,#1789,#1790,#1791,#1792,#1793,#1794));
#279=EDGE_LOOP('',(#1795));
#280=EDGE_LOOP('',(#1796,#1797,#1798,#1799));
#281=EDGE_LOOP('',(#1800,#1801,#1802,#1803,#1804));
#282=EDGE_LOOP('',(#1805,#1806,#1807,#1808));
#283=EDGE_LOOP('',(#1809,#1810,#1811,#1812));
#284=EDGE_LOOP('',(#1813,#1814,#1815,#1816,#1817,#1818,#1819,#1820,#1821));
#285=EDGE_LOOP('',(#1822,#1823,#1824,#1825,#1826,#1827,#1828,#1829));
#286=EDGE_LOOP('',(#1830,#1831,#1832,#1833,#1834,#1835));
#287=EDGE_LOOP('',(#1836,#1837,#1838,#1839));
#288=EDGE_LOOP('',(#1840,#1841,#1842,#1843,#1844,#1845));
#289=EDGE_LOOP('',(#1846,#1847,#1848,#1849));
#290=EDGE_LOOP('',(#1850,#1851,#1852,#1853));
#291=EDGE_LOOP('',(#1854,#1855,#1856,#1857,#1858));
#292=EDGE_LOOP('',(#1859,#1860,#1861,#1862));
#293=EDGE_LOOP('',(#1863,#1864,#1865,#1866,#1867));
#294=EDGE_LOOP('',(#1868,#1869,#1870,#1871,#1872,#1873,#1874));
#295=EDGE_LOOP('',(#1875,#1876,#1877,#1878,#1879,#1880));
#296=EDGE_LOOP('',(#1881,#1882,#1883,#1884,#1885,#1886));
#297=EDGE_LOOP('',(#1887,#1888,#1889,#1890));
#298=EDGE_LOOP('',(#1891,#1892,#1893,#1894,#1895));
#299=EDGE_LOOP('',(#1896,#1897,#1898,#1899));
#300=EDGE_LOOP('',(#1900,#1901,#1902,#1903,#1904));
#301=EDGE_LOOP('',(#1905,#1906,#1907,#1908,#1909,#1910,#1911));
#302=EDGE_LOOP('',(#1912,#1913,#1914,#1915,#1916,#1917));
#303=EDGE_LOOP('',(#1918,#1919,#1920,#1921,#1922,#1923));
#304=EDGE_LOOP('',(#1924,#1925,#1926,#1927,#1928,#1929,#1930));
#305=EDGE_LOOP('',(#1931,#1932,#1933,#1934));
#306=EDGE_LOOP('',(#1935,#1936,#1937,#1938,#1939,#1940,#1941));
#307=EDGE_LOOP('',(#1942));
#308=EDGE_LOOP('',(#1943,#1944,#1945,#1946,#1947,#1948,#1949,#1950,#1951,
#1952,#1953,#1954));
#309=EDGE_LOOP('',(#1955,#1956,#1957,#1958));
#310=EDGE_LOOP('',(#1959,#1960,#1961,#1962,#1963,#1964,#1965));
#311=EDGE_LOOP('',(#1966,#1967,#1968,#1969));
#312=EDGE_LOOP('',(#1970,#1971,#1972,#1973,#1974,#1975,#1976));
#313=EDGE_LOOP('',(#1977));
#314=EDGE_LOOP('',(#1978,#1979,#1980,#1981,#1982,#1983,#1984,#1985));
#315=EDGE_LOOP('',(#1986));
#316=EDGE_LOOP('',(#1987));
#317=EDGE_LOOP('',(#1988));
#318=EDGE_LOOP('',(#1989,#1990,#1991,#1992));
#319=EDGE_LOOP('',(#1993,#1994,#1995,#1996));
#320=EDGE_LOOP('',(#1997,#1998,#1999,#2000));
#321=EDGE_LOOP('',(#2001,#2002,#2003,#2004));
#322=EDGE_LOOP('',(#2005,#2006,#2007,#2008));
#323=EDGE_LOOP('',(#2009,#2010,#2011,#2012));
#324=EDGE_LOOP('',(#2013,#2014,#2015,#2016));
#325=EDGE_LOOP('',(#2017,#2018,#2019,#2020));
#326=EDGE_LOOP('',(#2021,#2022,#2023,#2024));
#327=EDGE_LOOP('',(#2025,#2026,#2027,#2028,#2029,#2030,#2031,#2032));
#328=EDGE_LOOP('',(#2033,#2034,#2035,#2036));
#329=EDGE_LOOP('',(#2037));
#330=EDGE_LOOP('',(#2038));
#331=EDGE_LOOP('',(#2039));
#332=EDGE_LOOP('',(#2040,#2041,#2042,#2043));
#333=EDGE_LOOP('',(#2044,#2045,#2046,#2047,#2048,#2049,#2050,#2051));
#334=EDGE_LOOP('',(#2052,#2053,#2054,#2055));
#335=EDGE_LOOP('',(#2056,#2057,#2058,#2059));
#336=EDGE_LOOP('',(#2060,#2061,#2062,#2063,#2064,#2065));
#337=EDGE_LOOP('',(#2066,#2067,#2068,#2069));
#338=EDGE_LOOP('',(#2070,#2071,#2072,#2073));
#339=EDGE_LOOP('',(#2074,#2075,#2076,#2077));
#340=EDGE_LOOP('',(#2078,#2079,#2080,#2081));
#341=EDGE_LOOP('',(#2082,#2083,#2084,#2085));
#342=EDGE_LOOP('',(#2086,#2087,#2088,#2089));
#343=EDGE_LOOP('',(#2090,#2091,#2092,#2093));
#344=EDGE_LOOP('',(#2094,#2095,#2096,#2097));
#345=EDGE_LOOP('',(#2098,#2099,#2100,#2101));
#346=EDGE_LOOP('',(#2102,#2103,#2104,#2105));
#347=EDGE_LOOP('',(#2106,#2107,#2108,#2109));
#348=EDGE_LOOP('',(#2110,#2111,#2112,#2113));
#349=EDGE_LOOP('',(#2114,#2115,#2116,#2117));
#350=EDGE_LOOP('',(#2118,#2119,#2120,#2121));
#351=EDGE_LOOP('',(#2122,#2123,#2124,#2125));
#352=EDGE_LOOP('',(#2126,#2127,#2128,#2129));
#353=EDGE_LOOP('',(#2130,#2131,#2132,#2133));
#354=EDGE_LOOP('',(#2134,#2135,#2136,#2137));
#355=EDGE_LOOP('',(#2138,#2139,#2140,#2141));
#356=EDGE_LOOP('',(#2142,#2143,#2144,#2145));
#357=EDGE_LOOP('',(#2146,#2147,#2148,#2149));
#358=EDGE_LOOP('',(#2150,#2151,#2152,#2153));
#359=EDGE_LOOP('',(#2154,#2155,#2156,#2157));
#360=EDGE_LOOP('',(#2158,#2159,#2160,#2161));
#361=EDGE_LOOP('',(#2162,#2163,#2164,#2165));
#362=EDGE_LOOP('',(#2166,#2167,#2168,#2169));
#363=EDGE_LOOP('',(#2170,#2171,#2172,#2173));
#364=EDGE_LOOP('',(#2174,#2175,#2176,#2177));
#365=EDGE_LOOP('',(#2178,#2179,#2180,#2181));
#366=EDGE_LOOP('',(#2182,#2183,#2184,#2185));
#367=EDGE_LOOP('',(#2186,#2187,#2188,#2189));
#368=EDGE_LOOP('',(#2190,#2191,#2192,#2193));
#369=EDGE_LOOP('',(#2194,#2195,#2196,#2197));
#370=EDGE_LOOP('',(#2198,#2199,#2200,#2201));
#371=EDGE_LOOP('',(#2202,#2203,#2204,#2205));
#372=EDGE_LOOP('',(#2206,#2207,#2208,#2209));
#373=EDGE_LOOP('',(#2210,#2211,#2212,#2213));
#374=EDGE_LOOP('',(#2214,#2215,#2216,#2217));
#375=EDGE_LOOP('',(#2218,#2219,#2220,#2221));
#376=EDGE_LOOP('',(#2222,#2223,#2224,#2225));
#377=EDGE_LOOP('',(#2226,#2227,#2228,#2229));
#378=EDGE_LOOP('',(#2230,#2231,#2232,#2233));
#379=EDGE_LOOP('',(#2234,#2235,#2236,#2237));
#380=EDGE_LOOP('',(#2238,#2239,#2240,#2241));
#381=EDGE_LOOP('',(#2242,#2243,#2244,#2245));
#382=EDGE_LOOP('',(#2246,#2247,#2248,#2249));
#383=EDGE_LOOP('',(#2250,#2251,#2252,#2253));
#384=EDGE_LOOP('',(#2254,#2255,#2256,#2257));
#385=EDGE_LOOP('',(#2258,#2259,#2260,#2261));
#386=EDGE_LOOP('',(#2262,#2263,#2264,#2265));
#387=EDGE_LOOP('',(#2266,#2267,#2268,#2269));
#388=EDGE_LOOP('',(#2270,#2271,#2272,#2273));
#389=EDGE_LOOP('',(#2274,#2275,#2276,#2277));
#390=EDGE_LOOP('',(#2278,#2279,#2280,#2281));
#391=EDGE_LOOP('',(#2282,#2283,#2284,#2285));
#392=EDGE_LOOP('',(#2286,#2287,#2288,#2289));
#393=EDGE_LOOP('',(#2290,#2291,#2292,#2293));
#394=EDGE_LOOP('',(#2294,#2295,#2296,#2297));
#395=EDGE_LOOP('',(#2298,#2299,#2300,#2301));
#396=EDGE_LOOP('',(#2302,#2303,#2304,#2305));
#397=EDGE_LOOP('',(#2306,#2307,#2308,#2309,#2310));
#398=EDGE_LOOP('',(#2311,#2312,#2313,#2314));
#399=EDGE_LOOP('',(#2315));
#400=EDGE_LOOP('',(#2316));
#401=EDGE_LOOP('',(#2317));
#402=EDGE_LOOP('',(#2318));
#403=EDGE_LOOP('',(#2319,#2320,#2321,#2322,#2323));
#404=EDGE_LOOP('',(#2324,#2325,#2326,#2327,#2328));
#405=EDGE_LOOP('',(#2329,#2330,#2331,#2332,#2333));
#406=EDGE_LOOP('',(#2334,#2335,#2336,#2337,#2338));
#407=EDGE_LOOP('',(#2339,#2340,#2341,#2342,#2343));
#408=EDGE_LOOP('',(#2344,#2345,#2346,#2347,#2348));
#409=EDGE_LOOP('',(#2349,#2350,#2351,#2352,#2353));
#410=EDGE_LOOP('',(#2354));
#411=EDGE_LOOP('',(#2355));
#412=EDGE_LOOP('',(#2356));
#413=EDGE_LOOP('',(#2357));
#414=EDGE_LOOP('',(#2358));
#415=EDGE_LOOP('',(#2359));
#416=EDGE_LOOP('',(#2360));
#417=EDGE_LOOP('',(#2361));
#418=EDGE_LOOP('',(#2362,#2363,#2364,#2365));
#419=EDGE_LOOP('',(#2366,#2367,#2368,#2369));
#420=EDGE_LOOP('',(#2370,#2371,#2372,#2373));
#421=EDGE_LOOP('',(#2374,#2375,#2376,#2377));
#422=EDGE_LOOP('',(#2378,#2379,#2380,#2381,#2382,#2383,#2384,#2385));
#423=EDGE_LOOP('',(#2386,#2387,#2388,#2389,#2390,#2391,#2392,#2393));
#424=EDGE_LOOP('',(#2394,#2395,#2396,#2397,#2398,#2399,#2400,#2401));
#425=EDGE_LOOP('',(#2402,#2403,#2404,#2405,#2406,#2407,#2408,#2409));
#426=EDGE_LOOP('',(#2410,#2411,#2412,#2413,#2414,#2415,#2416,#2417));
#427=EDGE_LOOP('',(#2418,#2419,#2420,#2421,#2422,#2423,#2424,#2425));
#428=EDGE_LOOP('',(#2426,#2427,#2428,#2429,#2430,#2431,#2432,#2433));
#429=EDGE_LOOP('',(#2434,#2435,#2436,#2437));
#430=EDGE_LOOP('',(#2438,#2439,#2440,#2441));
#431=EDGE_LOOP('',(#2442,#2443,#2444,#2445));
#432=EDGE_LOOP('',(#2446,#2447,#2448,#2449));
#433=EDGE_LOOP('',(#2450,#2451,#2452,#2453,#2454,#2455,#2456,#2457));
#434=EDGE_LOOP('',(#2458,#2459,#2460,#2461,#2462,#2463,#2464,#2465));
#435=EDGE_LOOP('',(#2466,#2467,#2468,#2469,#2470,#2471,#2472,#2473));
#436=EDGE_LOOP('',(#2474,#2475,#2476,#2477,#2478,#2479,#2480,#2481));
#437=EDGE_LOOP('',(#2482,#2483,#2484,#2485,#2486,#2487,#2488,#2489));
#438=EDGE_LOOP('',(#2490,#2491,#2492,#2493,#2494,#2495,#2496,#2497));
#439=EDGE_LOOP('',(#2498,#2499,#2500,#2501,#2502,#2503,#2504,#2505));
#440=EDGE_LOOP('',(#2506));
#441=EDGE_LOOP('',(#2507));
#442=EDGE_LOOP('',(#2508));
#443=EDGE_LOOP('',(#2509));
#444=B_SPLINE_CURVE_WITH_KNOTS('',3,(#3779,#3780,#3781,#3782,#3783,#3784,
#3785,#3786,#3787,#3788),.UNSPECIFIED.,.F.,.F.,(4,2,2,2,4),(0.812824489298978,
0.882460354362667,0.952096219426356,1.05406270923976,1.15602919905316),
 .UNSPECIFIED.);
#445=B_SPLINE_CURVE_WITH_KNOTS('',3,(#3799,#3800,#3801,#3802,#3803,#3804,
#3805,#3806,#3807,#3808),.UNSPECIFIED.,.F.,.F.,(4,2,2,2,4),(0.,0.101966489813404,
0.203932979626808,0.273568844690497,0.343204709754186),.UNSPECIFIED.);
#446=B_SPLINE_CURVE_WITH_KNOTS('',3,(#3823,#3824,#3825,#3826),
 .UNSPECIFIED.,.F.,.F.,(4,4),(0.976068418812959,1.00188320585975),
 .UNSPECIFIED.);
#447=B_SPLINE_CURVE_WITH_KNOTS('',3,(#3830,#3831,#3832,#3833,#3834,#3835),
 .UNSPECIFIED.,.F.,.F.,(4,2,4),(0.141298469653269,0.159241826888781,0.212070593878107),
 .UNSPECIFIED.);
#448=B_SPLINE_CURVE_WITH_KNOTS('',3,(#3837,#3838,#3839,#3840,#3841,#3842,
#3843,#3844,#3845,#3846,#3847,#3848,#3849,#3850,#3851,#3852,#3853,#3854,
#3855,#3856,#3857,#3858),.UNSPECIFIED.,.F.,.F.,(4,2,2,2,2,2,2,2,2,2,4),
(0.212070593878107,0.269573108523926,0.327075623169745,0.381355887935878,
0.435636152702011,0.489916417468144,0.544196682234277,0.601699196880096,
0.659201711525915,0.712030478515241,0.729973835750753),.UNSPECIFIED.);
#449=B_SPLINE_CURVE_WITH_KNOTS('',3,(#3861,#3862,#3863,#3864),
 .UNSPECIFIED.,.F.,.F.,(4,4),(0.29215931402242,0.317974101069212),
 .UNSPECIFIED.);
#450=B_SPLINE_CURVE_WITH_KNOTS('',3,(#3930,#3931,#3932,#3933,#3934,#3935,
#3936,#3937,#3938,#3939),.UNSPECIFIED.,.F.,.F.,(4,2,2,2,4),(0.,0.101966489813404,
0.203932979626808,0.273568844690497,0.343204709754187),.UNSPECIFIED.);
#451=B_SPLINE_CURVE_WITH_KNOTS('',3,(#3943,#3944,#3945,#3946,#3947,#3948,
#3949,#3950,#3951,#3952),.UNSPECIFIED.,.F.,.F.,(4,2,2,2,4),(0.81282448929898,
0.882460354362669,0.952096219426359,1.05406270923976,1.15602919905317),
 .UNSPECIFIED.);
#452=B_SPLINE_CURVE_WITH_KNOTS('',3,(#3957,#3958,#3959,#3960,#3961,#3962,
#3963,#3964,#3965,#3966,#3967,#3968,#3969,#3970,#3971,#3972,#3973,#3974,
#3975,#3976,#3977,#3978),.UNSPECIFIED.,.F.,.F.,(4,2,2,2,2,2,2,2,2,2,4),
(0.212070593878105,0.269573108523923,0.327075623169742,0.381355887935874,
0.435636152702007,0.489916417468139,0.544196682234271,0.60169919688009,
0.659201711525909,0.712030478515234,0.729973835750746),.UNSPECIFIED.);
#453=B_SPLINE_CURVE_WITH_KNOTS('',3,(#3983,#3984,#3985,#3986,#3987,#3988),
 .UNSPECIFIED.,.F.,.F.,(4,2,4),(0.141298469653267,0.159241826888779,0.212070593878105),
 .UNSPECIFIED.);
#454=B_SPLINE_CURVE_WITH_KNOTS('',3,(#4005,#4006,#4007,#4008,#4009,#4010,
#4011,#4012,#4013,#4014),.UNSPECIFIED.,.F.,.F.,(4,2,2,2,4),(0.812820956235515,
0.882456821299205,0.952092686362894,1.0540591761763,1.1560256659897),
 .UNSPECIFIED.);
#455=B_SPLINE_CURVE_WITH_KNOTS('',3,(#4027,#4028,#4029,#4030,#4031,#4032,
#4033,#4034,#4035,#4036),.UNSPECIFIED.,.F.,.F.,(4,2,2,2,4),(0.,0.101966489813404,
0.203932979626809,0.273568844690498,0.343204709754187),.UNSPECIFIED.);
#456=B_SPLINE_CURVE_WITH_KNOTS('',3,(#4053,#4054,#4055,#4056,#4057,#4058),
 .UNSPECIFIED.,.F.,.F.,(4,2,4),(0.659201711525914,0.71203047851524,0.729973835750749),
 .UNSPECIFIED.);
#457=B_SPLINE_CURVE_WITH_KNOTS('',3,(#4064,#4065,#4066,#4067,#4068,#4069,
#4070,#4071,#4072,#4073,#4074,#4075,#4076,#4077,#4078,#4079),
 .UNSPECIFIED.,.F.,.F.,(4,2,2,2,2,2,2,4),(0.32463906446615,0.327075623169745,
0.381355887935878,0.435636152702011,0.489916417468144,0.544196682234276,
0.601699196880095,0.659201711525914),.UNSPECIFIED.);
#458=B_SPLINE_CURVE_WITH_KNOTS('',3,(#4082,#4083,#4084,#4085,#4086,#4087,
#4088,#4089,#4090,#4091,#4092,#4093,#4094,#4095,#4096,#4097,#4098,#4099,
#4100,#4101),.UNSPECIFIED.,.F.,.F.,(4,2,2,2,2,2,2,2,2,4),(0.141298469653271,
0.159241826888781,0.212070593878107,0.269573108523926,0.327075623169745,
0.381355887935877,0.43563615270201,0.489916417468143,0.544196682234275,
0.546633240937872),.UNSPECIFIED.);
#459=B_SPLINE_CURVE_WITH_KNOTS('',3,(#4114,#4115,#4116,#4117,#4118,#4119,
#4120,#4121,#4122,#4123),.UNSPECIFIED.,.F.,.F.,(4,2,2,2,4),(0.812820956235513,
0.882456821299203,0.952092686362892,1.0540591761763,1.1560256659897),
 .UNSPECIFIED.);
#460=B_SPLINE_CURVE_WITH_KNOTS('',3,(#4136,#4137,#4138,#4139,#4140,#4141,
#4142,#4143,#4144,#4145),.UNSPECIFIED.,.F.,.F.,(4,2,2,2,4),(0.,0.101966489813402,
0.203932979626805,0.273568844690495,0.343204709754185),.UNSPECIFIED.);
#461=B_SPLINE_CURVE_WITH_KNOTS('',3,(#4162,#4163,#4164,#4165,#4166,#4167,
#4168,#4169,#4170,#4171,#4172,#4173,#4174,#4175),.UNSPECIFIED.,.F.,.F.,
(4,2,2,2,2,2,4),(0.435636152702012,0.489916417468144,0.544196682234277,
0.601699196880096,0.659201711525915,0.71203047851524,0.729973835750747),
 .UNSPECIFIED.);
#462=B_SPLINE_CURVE_WITH_KNOTS('',3,(#4181,#4182,#4183,#4184,#4185,#4186,
#4187,#4188),.UNSPECIFIED.,.F.,.F.,(4,2,2,4),(0.324639064466151,0.327075623169746,
0.381355887935879,0.435636152702012),.UNSPECIFIED.);
#463=B_SPLINE_CURVE_WITH_KNOTS('',3,(#4191,#4192,#4193,#4194,#4195,#4196,
#4197,#4198,#4199,#4200,#4201,#4202,#4203,#4204,#4205,#4206,#4207,#4208,
#4209,#4210),.UNSPECIFIED.,.F.,.F.,(4,2,2,2,2,2,2,2,2,4),(0.14129846965327,
0.159241826888781,0.212070593878107,0.269573108523926,0.327075623169745,
0.381355887935878,0.435636152702011,0.489916417468144,0.544196682234277,
0.546633240937874),.UNSPECIFIED.);
#464=LINE('',#3777,#704);
#465=LINE('',#3789,#705);
#466=LINE('',#3792,#706);
#467=LINE('',#3794,#707);
#468=LINE('',#3810,#708);
#469=LINE('',#3813,#709);
#470=LINE('',#3818,#710);
#471=LINE('',#3819,#711);
#472=LINE('',#3821,#712);
#473=LINE('',#3828,#713);
#474=LINE('',#3860,#714);
#475=LINE('',#3870,#715);
#476=LINE('',#3874,#716);
#477=LINE('',#3878,#717);
#478=LINE('',#3880,#718);
#479=LINE('',#3884,#719);
#480=LINE('',#3890,#720);
#481=LINE('',#3893,#721);
#482=LINE('',#3896,#722);
#483=LINE('',#3898,#723);
#484=LINE('',#3901,#724);
#485=LINE('',#3904,#725);
#486=LINE('',#3908,#726);
#487=LINE('',#3912,#727);
#488=LINE('',#3920,#728);
#489=LINE('',#3921,#729);
#490=LINE('',#3924,#730);
#491=LINE('',#3927,#731);
#492=LINE('',#3940,#732);
#493=LINE('',#3953,#733);
#494=LINE('',#3979,#734);
#495=LINE('',#3980,#735);
#496=LINE('',#3982,#736);
#497=LINE('',#3991,#737);
#498=LINE('',#3993,#738);
#499=LINE('',#3996,#739);
#500=LINE('',#4003,#740);
#501=LINE('',#4015,#741);
#502=LINE('',#4018,#742);
#503=LINE('',#4020,#743);
#504=LINE('',#4022,#744);
#505=LINE('',#4038,#745);
#506=LINE('',#4041,#746);
#507=LINE('',#4046,#747);
#508=LINE('',#4048,#748);
#509=LINE('',#4049,#749);
#510=LINE('',#4059,#750);
#511=LINE('',#4061,#751);
#512=LINE('',#4102,#752);
#513=LINE('',#4103,#753);
#514=LINE('',#4112,#754);
#515=LINE('',#4124,#755);
#516=LINE('',#4127,#756);
#517=LINE('',#4129,#757);
#518=LINE('',#4131,#758);
#519=LINE('',#4147,#759);
#520=LINE('',#4150,#760);
#521=LINE('',#4155,#761);
#522=LINE('',#4157,#762);
#523=LINE('',#4158,#763);
#524=LINE('',#4176,#764);
#525=LINE('',#4178,#765);
#526=LINE('',#4211,#766);
#527=LINE('',#4212,#767);
#528=LINE('',#4218,#768);
#529=LINE('',#4224,#769);
#530=LINE('',#4225,#770);
#531=LINE('',#4228,#771);
#532=LINE('',#4230,#772);
#533=LINE('',#4232,#773);
#534=LINE('',#4233,#774);
#535=LINE('',#4235,#775);
#536=LINE('',#4237,#776);
#537=LINE('',#4238,#777);
#538=LINE('',#4241,#778);
#539=LINE('',#4243,#779);
#540=LINE('',#4245,#780);
#541=LINE('',#4246,#781);
#542=LINE('',#4249,#782);
#543=LINE('',#4254,#783);
#544=LINE('',#4257,#784);
#545=LINE('',#4259,#785);
#546=LINE('',#4260,#786);
#547=LINE('',#4269,#787);
#548=LINE('',#4273,#788);
#549=LINE('',#4277,#789);
#550=LINE('',#4279,#790);
#551=LINE('',#4281,#791);
#552=LINE('',#4282,#792);
#553=LINE('',#4286,#793);
#554=LINE('',#4290,#794);
#555=LINE('',#4294,#795);
#556=LINE('',#4298,#796);
#557=LINE('',#4299,#797);
#558=LINE('',#4300,#798);
#559=LINE('',#4304,#799);
#560=LINE('',#4307,#800);
#561=LINE('',#4308,#801);
#562=LINE('',#4313,#802);
#563=LINE('',#4315,#803);
#564=LINE('',#4317,#804);
#565=LINE('',#4319,#805);
#566=LINE('',#4320,#806);
#567=LINE('',#4323,#807);
#568=LINE('',#4325,#808);
#569=LINE('',#4327,#809);
#570=LINE('',#4328,#810);
#571=LINE('',#4334,#811);
#572=LINE('',#4337,#812);
#573=LINE('',#4340,#813);
#574=LINE('',#4345,#814);
#575=LINE('',#4348,#815);
#576=LINE('',#4350,#816);
#577=LINE('',#4351,#817);
#578=LINE('',#4354,#818);
#579=LINE('',#4355,#819);
#580=LINE('',#4361,#820);
#581=LINE('',#4364,#821);
#582=LINE('',#4365,#822);
#583=LINE('',#4368,#823);
#584=LINE('',#4370,#824);
#585=LINE('',#4372,#825);
#586=LINE('',#4373,#826);
#587=LINE('',#4377,#827);
#588=LINE('',#4383,#828);
#589=LINE('',#4386,#829);
#590=LINE('',#4389,#830);
#591=LINE('',#4391,#831);
#592=LINE('',#4392,#832);
#593=LINE('',#4398,#833);
#594=LINE('',#4401,#834);
#595=LINE('',#4404,#835);
#596=LINE('',#4406,#836);
#597=LINE('',#4407,#837);
#598=LINE('',#4413,#838);
#599=LINE('',#4416,#839);
#600=LINE('',#4419,#840);
#601=LINE('',#4421,#841);
#602=LINE('',#4422,#842);
#603=LINE('',#4428,#843);
#604=LINE('',#4431,#844);
#605=LINE('',#4434,#845);
#606=LINE('',#4436,#846);
#607=LINE('',#4437,#847);
#608=LINE('',#4443,#848);
#609=LINE('',#4446,#849);
#610=LINE('',#4449,#850);
#611=LINE('',#4451,#851);
#612=LINE('',#4452,#852);
#613=LINE('',#4457,#853);
#614=LINE('',#4461,#854);
#615=LINE('',#4463,#855);
#616=LINE('',#4464,#856);
#617=LINE('',#4469,#857);
#618=LINE('',#4473,#858);
#619=LINE('',#4475,#859);
#620=LINE('',#4476,#860);
#621=LINE('',#4481,#861);
#622=LINE('',#4485,#862);
#623=LINE('',#4487,#863);
#624=LINE('',#4488,#864);
#625=LINE('',#4493,#865);
#626=LINE('',#4497,#866);
#627=LINE('',#4499,#867);
#628=LINE('',#4500,#868);
#629=LINE('',#4505,#869);
#630=LINE('',#4509,#870);
#631=LINE('',#4511,#871);
#632=LINE('',#4512,#872);
#633=LINE('',#4517,#873);
#634=LINE('',#4521,#874);
#635=LINE('',#4523,#875);
#636=LINE('',#4524,#876);
#637=LINE('',#4529,#877);
#638=LINE('',#4533,#878);
#639=LINE('',#4535,#879);
#640=LINE('',#4536,#880);
#641=LINE('',#4541,#881);
#642=LINE('',#4545,#882);
#643=LINE('',#4547,#883);
#644=LINE('',#4548,#884);
#645=LINE('',#4553,#885);
#646=LINE('',#4557,#886);
#647=LINE('',#4559,#887);
#648=LINE('',#4560,#888);
#649=LINE('',#4565,#889);
#650=LINE('',#4569,#890);
#651=LINE('',#4571,#891);
#652=LINE('',#4572,#892);
#653=LINE('',#4577,#893);
#654=LINE('',#4580,#894);
#655=LINE('',#4581,#895);
#656=LINE('',#4586,#896);
#657=LINE('',#4589,#897);
#658=LINE('',#4590,#898);
#659=LINE('',#4595,#899);
#660=LINE('',#4598,#900);
#661=LINE('',#4599,#901);
#662=LINE('',#4604,#902);
#663=LINE('',#4607,#903);
#664=LINE('',#4608,#904);
#665=LINE('',#4613,#905);
#666=LINE('',#4616,#906);
#667=LINE('',#4617,#907);
#668=LINE('',#4623,#908);
#669=LINE('',#4626,#909);
#670=LINE('',#4629,#910);
#671=LINE('',#4631,#911);
#672=LINE('',#4632,#912);
#673=LINE('',#4638,#913);
#674=LINE('',#4641,#914);
#675=LINE('',#4643,#915);
#676=LINE('',#4644,#916);
#677=LINE('',#4649,#917);
#678=LINE('',#4653,#918);
#679=LINE('',#4655,#919);
#680=LINE('',#4656,#920);
#681=LINE('',#4661,#921);
#682=LINE('',#4664,#922);
#683=LINE('',#4665,#923);
#684=LINE('',#4667,#924);
#685=LINE('',#4668,#925);
#686=LINE('',#4670,#926);
#687=LINE('',#4672,#927);
#688=LINE('',#4678,#928);
#689=LINE('',#4684,#929);
#690=LINE('',#4690,#930);
#691=LINE('',#4696,#931);
#692=LINE('',#4708,#932);
#693=LINE('',#4709,#933);
#694=LINE('',#4719,#934);
#695=LINE('',#4729,#935);
#696=LINE('',#4739,#936);
#697=LINE('',#4749,#937);
#698=LINE('',#4755,#938);
#699=LINE('',#4756,#939);
#700=LINE('',#4758,#940);
#701=LINE('',#4760,#941);
#702=LINE('',#4763,#942);
#703=LINE('',#4766,#943);
#704=VECTOR('',#2999,10.);
#705=VECTOR('',#3000,10.);
#706=VECTOR('',#3003,10.);
#707=VECTOR('',#3004,10.);
#708=VECTOR('',#3009,10.);
#709=VECTOR('',#3012,10.);
#710=VECTOR('',#3017,10.);
#711=VECTOR('',#3018,10.);
#712=VECTOR('',#3021,10.);
#713=VECTOR('',#3022,10.);
#714=VECTOR('',#3023,10.);
#715=VECTOR('',#3030,10.);
#716=VECTOR('',#3035,10.);
#717=VECTOR('',#3040,10.);
#718=VECTOR('',#3043,10.);
#719=VECTOR('',#3048,10.);
#720=VECTOR('',#3053,10.);
#721=VECTOR('',#3056,10.);
#722=VECTOR('',#3059,10.);
#723=VECTOR('',#3060,10.);
#724=VECTOR('',#3063,10.);
#725=VECTOR('',#3066,10.);
#726=VECTOR('',#3069,10.);
#727=VECTOR('',#3072,10.);
#728=VECTOR('',#3081,10.);
#729=VECTOR('',#3082,10.);
#730=VECTOR('',#3085,10.);
#731=VECTOR('',#3088,10.);
#732=VECTOR('',#3091,10.);
#733=VECTOR('',#3094,10.);
#734=VECTOR('',#3097,10.);
#735=VECTOR('',#3098,10.);
#736=VECTOR('',#3099,10.);
#737=VECTOR('',#3104,10.);
#738=VECTOR('',#3107,1.40000000000001);
#739=VECTOR('',#3112,1.4);
#740=VECTOR('',#3119,10.);
#741=VECTOR('',#3120,10.);
#742=VECTOR('',#3123,10.);
#743=VECTOR('',#3124,10.);
#744=VECTOR('',#3125,10.);
#745=VECTOR('',#3130,10.);
#746=VECTOR('',#3133,10.);
#747=VECTOR('',#3138,10.);
#748=VECTOR('',#3139,10.);
#749=VECTOR('',#3140,10.);
#750=VECTOR('',#3143,10.);
#751=VECTOR('',#3144,10.);
#752=VECTOR('',#3149,10.);
#753=VECTOR('',#3150,10.);
#754=VECTOR('',#3161,10.);
#755=VECTOR('',#3162,10.);
#756=VECTOR('',#3165,10.);
#757=VECTOR('',#3166,10.);
#758=VECTOR('',#3167,10.);
#759=VECTOR('',#3172,10.);
#760=VECTOR('',#3175,10.);
#761=VECTOR('',#3180,10.);
#762=VECTOR('',#3181,10.);
#763=VECTOR('',#3182,10.);
#764=VECTOR('',#3185,10.);
#765=VECTOR('',#3186,10.);
#766=VECTOR('',#3191,10.);
#767=VECTOR('',#3192,10.);
#768=VECTOR('',#3201,1.40000000000001);
#769=VECTOR('',#3210,10.);
#770=VECTOR('',#3211,10.);
#771=VECTOR('',#3214,10.);
#772=VECTOR('',#3215,10.);
#773=VECTOR('',#3216,10.);
#774=VECTOR('',#3217,10.);
#775=VECTOR('',#3218,10.);
#776=VECTOR('',#3219,10.);
#777=VECTOR('',#3220,10.);
#778=VECTOR('',#3221,10.);
#779=VECTOR('',#3222,10.);
#780=VECTOR('',#3223,10.);
#781=VECTOR('',#3224,10.);
#782=VECTOR('',#3227,1.40000000000001);
#783=VECTOR('',#3236,10.);
#784=VECTOR('',#3239,10.);
#785=VECTOR('',#3240,10.);
#786=VECTOR('',#3241,10.);
#787=VECTOR('',#3248,10.);
#788=VECTOR('',#3251,10.);
#789=VECTOR('',#3254,10.);
#790=VECTOR('',#3255,10.);
#791=VECTOR('',#3256,10.);
#792=VECTOR('',#3257,10.);
#793=VECTOR('',#3262,1.3);
#794=VECTOR('',#3267,1.3);
#795=VECTOR('',#3272,1.3);
#796=VECTOR('',#3275,10.);
#797=VECTOR('',#3276,10.);
#798=VECTOR('',#3277,10.);
#799=VECTOR('',#3282,10.);
#800=VECTOR('',#3285,10.);
#801=VECTOR('',#3286,10.);
#802=VECTOR('',#3293,10.);
#803=VECTOR('',#3294,10.);
#804=VECTOR('',#3295,10.);
#805=VECTOR('',#3296,10.);
#806=VECTOR('',#3297,10.);
#807=VECTOR('',#3298,10.);
#808=VECTOR('',#3299,10.);
#809=VECTOR('',#3300,10.);
#810=VECTOR('',#3301,10.);
#811=VECTOR('',#3306,10.);
#812=VECTOR('',#3309,10.);
#813=VECTOR('',#3312,10.);
#814=VECTOR('',#3317,10.);
#815=VECTOR('',#3320,10.);
#816=VECTOR('',#3321,10.);
#817=VECTOR('',#3322,10.);
#818=VECTOR('',#3325,10.);
#819=VECTOR('',#3326,10.);
#820=VECTOR('',#3335,10.);
#821=VECTOR('',#3338,10.);
#822=VECTOR('',#3339,10.);
#823=VECTOR('',#3340,10.);
#824=VECTOR('',#3341,10.);
#825=VECTOR('',#3342,10.);
#826=VECTOR('',#3343,10.);
#827=VECTOR('',#3348,10.);
#828=VECTOR('',#3353,10.);
#829=VECTOR('',#3356,10.);
#830=VECTOR('',#3359,10.);
#831=VECTOR('',#3360,10.);
#832=VECTOR('',#3361,10.);
#833=VECTOR('',#3366,10.);
#834=VECTOR('',#3369,10.);
#835=VECTOR('',#3372,10.);
#836=VECTOR('',#3373,10.);
#837=VECTOR('',#3374,10.);
#838=VECTOR('',#3379,10.);
#839=VECTOR('',#3382,10.);
#840=VECTOR('',#3385,10.);
#841=VECTOR('',#3386,10.);
#842=VECTOR('',#3387,10.);
#843=VECTOR('',#3392,10.);
#844=VECTOR('',#3395,10.);
#845=VECTOR('',#3398,10.);
#846=VECTOR('',#3399,10.);
#847=VECTOR('',#3400,10.);
#848=VECTOR('',#3405,10.);
#849=VECTOR('',#3408,10.);
#850=VECTOR('',#3411,10.);
#851=VECTOR('',#3412,10.);
#852=VECTOR('',#3413,10.);
#853=VECTOR('',#3418,10.);
#854=VECTOR('',#3423,10.);
#855=VECTOR('',#3424,10.);
#856=VECTOR('',#3425,10.);
#857=VECTOR('',#3430,10.);
#858=VECTOR('',#3435,10.);
#859=VECTOR('',#3436,10.);
#860=VECTOR('',#3437,10.);
#861=VECTOR('',#3442,10.);
#862=VECTOR('',#3447,10.);
#863=VECTOR('',#3448,10.);
#864=VECTOR('',#3449,10.);
#865=VECTOR('',#3454,10.);
#866=VECTOR('',#3459,10.);
#867=VECTOR('',#3460,10.);
#868=VECTOR('',#3461,10.);
#869=VECTOR('',#3466,10.);
#870=VECTOR('',#3471,10.);
#871=VECTOR('',#3472,10.);
#872=VECTOR('',#3473,10.);
#873=VECTOR('',#3478,10.);
#874=VECTOR('',#3483,10.);
#875=VECTOR('',#3484,10.);
#876=VECTOR('',#3485,10.);
#877=VECTOR('',#3490,10.);
#878=VECTOR('',#3495,10.);
#879=VECTOR('',#3496,10.);
#880=VECTOR('',#3497,10.);
#881=VECTOR('',#3502,10.);
#882=VECTOR('',#3507,10.);
#883=VECTOR('',#3508,10.);
#884=VECTOR('',#3509,10.);
#885=VECTOR('',#3514,10.);
#886=VECTOR('',#3519,10.);
#887=VECTOR('',#3520,10.);
#888=VECTOR('',#3521,10.);
#889=VECTOR('',#3526,10.);
#890=VECTOR('',#3531,10.);
#891=VECTOR('',#3532,10.);
#892=VECTOR('',#3533,10.);
#893=VECTOR('',#3538,10.);
#894=VECTOR('',#3543,10.);
#895=VECTOR('',#3544,10.);
#896=VECTOR('',#3549,10.);
#897=VECTOR('',#3554,10.);
#898=VECTOR('',#3555,10.);
#899=VECTOR('',#3560,10.);
#900=VECTOR('',#3565,10.);
#901=VECTOR('',#3566,10.);
#902=VECTOR('',#3571,10.);
#903=VECTOR('',#3576,10.);
#904=VECTOR('',#3577,10.);
#905=VECTOR('',#3582,10.);
#906=VECTOR('',#3587,10.);
#907=VECTOR('',#3588,10.);
#908=VECTOR('',#3593,10.);
#909=VECTOR('',#3596,10.);
#910=VECTOR('',#3599,10.);
#911=VECTOR('',#3600,10.);
#912=VECTOR('',#3601,10.);
#913=VECTOR('',#3606,10.);
#914=VECTOR('',#3609,10.);
#915=VECTOR('',#3612,10.);
#916=VECTOR('',#3613,10.);
#917=VECTOR('',#3618,10.);
#918=VECTOR('',#3623,10.);
#919=VECTOR('',#3624,10.);
#920=VECTOR('',#3625,10.);
#921=VECTOR('',#3630,10.);
#922=VECTOR('',#3635,10.);
#923=VECTOR('',#3636,10.);
#924=VECTOR('',#3639,10.);
#925=VECTOR('',#3640,10.);
#926=VECTOR('',#3643,10.);
#927=VECTOR('',#3646,10.);
#928=VECTOR('',#3653,1.34999999999998);
#929=VECTOR('',#3660,1.34999999999998);
#930=VECTOR('',#3667,1.35);
#931=VECTOR('',#3674,1.35);
#932=VECTOR('',#3689,10.);
#933=VECTOR('',#3690,10.);
#934=VECTOR('',#3701,2.80000227859066);
#935=VECTOR('',#3714,2.80000733620788);
#936=VECTOR('',#3727,2.80000059272026);
#937=VECTOR('',#3740,2.79999553509082);
#938=VECTOR('',#3751,10.);
#939=VECTOR('',#3752,10.);
#940=VECTOR('',#3755,10.);
#941=VECTOR('',#3758,10.);
#942=VECTOR('',#3763,10.);
#943=VECTOR('',#3768,10.);
#944=CIRCLE('',#2726,1.5);
#945=CIRCLE('',#2728,3.2);
#946=CIRCLE('',#2730,1.5);
#947=CIRCLE('',#2732,3.2);
#948=CIRCLE('',#2735,1.40000000000001);
#949=CIRCLE('',#2736,2.061);
#950=CIRCLE('',#2737,2.061);
#951=CIRCLE('',#2739,2.061);
#952=CIRCLE('',#2741,2.061);
#953=CIRCLE('',#2742,1.40000000000001);
#954=CIRCLE('',#2745,1.459);
#955=CIRCLE('',#2746,1.459);
#956=CIRCLE('',#2748,3.2);
#957=CIRCLE('',#2750,1.459);
#958=CIRCLE('',#2751,1.5);
#959=CIRCLE('',#2752,1.5);
#960=CIRCLE('',#2753,1.4);
#961=CIRCLE('',#2755,1.459);
#962=CIRCLE('',#2757,3.2);
#963=CIRCLE('',#2762,1.4);
#964=CIRCLE('',#2768,1.5);
#965=CIRCLE('',#2770,3.2);
#966=CIRCLE('',#2772,1.5);
#967=CIRCLE('',#2774,3.2);
#968=CIRCLE('',#2779,1.40000000000001);
#969=CIRCLE('',#2780,1.74999999999999);
#970=CIRCLE('',#2782,1.5);
#971=CIRCLE('',#2784,3.2);
#972=CIRCLE('',#2786,1.5);
#973=CIRCLE('',#2788,3.2);
#974=CIRCLE('',#2793,1.40000000000001);
#975=CIRCLE('',#2794,1.75000000000001);
#976=CIRCLE('',#2796,1.40000000000001);
#977=CIRCLE('',#2798,1.75000000000001);
#978=CIRCLE('',#2802,1.40000000000001);
#979=CIRCLE('',#2804,1.74999999999999);
#980=CIRCLE('',#2807,1.3);
#981=CIRCLE('',#2808,1.3);
#982=CIRCLE('',#2809,1.3);
#983=CIRCLE('',#2810,19.3674999999999);
#984=CIRCLE('',#2811,19.3674999999999);
#985=CIRCLE('',#2813,1.3);
#986=CIRCLE('',#2815,1.3);
#987=CIRCLE('',#2817,1.3);
#988=CIRCLE('',#2820,19.3674999999999);
#989=CIRCLE('',#2823,19.3674999999999);
#990=CIRCLE('',#2826,3.375);
#991=CIRCLE('',#2827,3.375);
#992=CIRCLE('',#2829,3.375);
#993=CIRCLE('',#2830,3.375);
#994=CIRCLE('',#2831,3.375);
#995=CIRCLE('',#2834,3.375);
#996=CIRCLE('',#2836,3.375);
#997=CIRCLE('',#2839,3.375);
#998=CIRCLE('',#2841,0.997);
#999=CIRCLE('',#2842,0.997);
#1000=CIRCLE('',#2845,0.997);
#1001=CIRCLE('',#2846,0.997);
#1002=CIRCLE('',#2849,0.997);
#1003=CIRCLE('',#2850,0.997);
#1004=CIRCLE('',#2853,0.997);
#1005=CIRCLE('',#2854,0.997);
#1006=CIRCLE('',#2857,0.997);
#1007=CIRCLE('',#2858,0.997);
#1008=CIRCLE('',#2861,0.997);
#1009=CIRCLE('',#2862,0.997);
#1010=CIRCLE('',#2865,0.997);
#1011=CIRCLE('',#2866,0.997);
#1012=CIRCLE('',#2869,0.997);
#1013=CIRCLE('',#2870,0.997);
#1014=CIRCLE('',#2873,0.997);
#1015=CIRCLE('',#2874,0.997);
#1016=CIRCLE('',#2877,0.997);
#1017=CIRCLE('',#2878,0.997);
#1018=CIRCLE('',#2881,0.997);
#1019=CIRCLE('',#2882,0.997);
#1020=CIRCLE('',#2885,0.997);
#1021=CIRCLE('',#2886,0.997);
#1022=CIRCLE('',#2889,0.997);
#1023=CIRCLE('',#2890,0.997);
#1024=CIRCLE('',#2893,0.997);
#1025=CIRCLE('',#2894,0.997);
#1026=CIRCLE('',#2897,0.997);
#1027=CIRCLE('',#2898,0.997);
#1028=CIRCLE('',#2901,0.997);
#1029=CIRCLE('',#2902,0.997);
#1030=CIRCLE('',#2905,0.997);
#1031=CIRCLE('',#2906,0.997);
#1032=CIRCLE('',#2909,0.997);
#1033=CIRCLE('',#2910,0.997);
#1034=CIRCLE('',#2913,0.997);
#1035=CIRCLE('',#2914,0.997);
#1036=CIRCLE('',#2917,0.997);
#1037=CIRCLE('',#2918,0.997);
#1038=CIRCLE('',#2921,0.717);
#1039=CIRCLE('',#2922,0.717);
#1040=CIRCLE('',#2925,0.717);
#1041=CIRCLE('',#2926,0.717);
#1042=CIRCLE('',#2929,0.717);
#1043=CIRCLE('',#2930,0.717);
#1044=CIRCLE('',#2933,0.717);
#1045=CIRCLE('',#2934,0.717);
#1046=CIRCLE('',#2941,1.34999999999998);
#1047=CIRCLE('',#2942,1.34999999999998);
#1048=CIRCLE('',#2944,1.34999999999998);
#1049=CIRCLE('',#2945,1.34999999999998);
#1050=CIRCLE('',#2947,1.35);
#1051=CIRCLE('',#2948,1.35);
#1052=CIRCLE('',#2950,1.35);
#1053=CIRCLE('',#2951,1.35);
#1054=CIRCLE('',#2953,2.80000227859066);
#1055=CIRCLE('',#2954,3.16);
#1056=CIRCLE('',#2955,5.96000227859066);
#1057=CIRCLE('',#2956,2.80000227859066);
#1058=CIRCLE('',#2958,5.96000733620788);
#1059=CIRCLE('',#2959,5.95999553509082);
#1060=CIRCLE('',#2960,5.96000059272026);
#1061=CIRCLE('',#2962,2.80000227859066);
#1062=CIRCLE('',#2964,2.80000733620788);
#1063=CIRCLE('',#2965,3.16);
#1064=CIRCLE('',#2966,2.80000733620788);
#1065=CIRCLE('',#2968,2.80000733620788);
#1066=CIRCLE('',#2970,2.80000059272026);
#1067=CIRCLE('',#2971,3.16);
#1068=CIRCLE('',#2972,2.80000059272026);
#1069=CIRCLE('',#2974,2.80000059272026);
#1070=CIRCLE('',#2976,2.79999553509082);
#1071=CIRCLE('',#2977,3.16);
#1072=CIRCLE('',#2978,2.79999553509082);
#1073=CIRCLE('',#2980,2.79999553509082);
#1074=VERTEX_POINT('',#3773);
#1075=VERTEX_POINT('',#3774);
#1076=VERTEX_POINT('',#3776);
#1077=VERTEX_POINT('',#3778);
#1078=VERTEX_POINT('',#3791);
#1079=VERTEX_POINT('',#3793);
#1080=VERTEX_POINT('',#3797);
#1081=VERTEX_POINT('',#3798);
#1082=VERTEX_POINT('',#3809);
#1083=VERTEX_POINT('',#3811);
#1084=VERTEX_POINT('',#3815);
#1085=VERTEX_POINT('',#3817);
#1086=VERTEX_POINT('',#3822);
#1087=VERTEX_POINT('',#3827);
#1088=VERTEX_POINT('',#3829);
#1089=VERTEX_POINT('',#3836);
#1090=VERTEX_POINT('',#3859);
#1091=VERTEX_POINT('',#3867);
#1092=VERTEX_POINT('',#3869);
#1093=VERTEX_POINT('',#3873);
#1094=VERTEX_POINT('',#3877);
#1095=VERTEX_POINT('',#3881);
#1096=VERTEX_POINT('',#3886);
#1097=VERTEX_POINT('',#3887);
#1098=VERTEX_POINT('',#3889);
#1099=VERTEX_POINT('',#3891);
#1100=VERTEX_POINT('',#3895);
#1101=VERTEX_POINT('',#3897);
#1102=VERTEX_POINT('',#3899);
#1103=VERTEX_POINT('',#3903);
#1104=VERTEX_POINT('',#3905);
#1105=VERTEX_POINT('',#3907);
#1106=VERTEX_POINT('',#3909);
#1107=VERTEX_POINT('',#3911);
#1108=VERTEX_POINT('',#3914);
#1109=VERTEX_POINT('',#3917);
#1110=VERTEX_POINT('',#3918);
#1111=VERTEX_POINT('',#3923);
#1112=VERTEX_POINT('',#3925);
#1113=VERTEX_POINT('',#3929);
#1114=VERTEX_POINT('',#3942);
#1115=VERTEX_POINT('',#3955);
#1116=VERTEX_POINT('',#3956);
#1117=VERTEX_POINT('',#3981);
#1118=VERTEX_POINT('',#3999);
#1119=VERTEX_POINT('',#4000);
#1120=VERTEX_POINT('',#4002);
#1121=VERTEX_POINT('',#4004);
#1122=VERTEX_POINT('',#4017);
#1123=VERTEX_POINT('',#4019);
#1124=VERTEX_POINT('',#4021);
#1125=VERTEX_POINT('',#4025);
#1126=VERTEX_POINT('',#4026);
#1127=VERTEX_POINT('',#4037);
#1128=VERTEX_POINT('',#4039);
#1129=VERTEX_POINT('',#4043);
#1130=VERTEX_POINT('',#4045);
#1131=VERTEX_POINT('',#4047);
#1132=VERTEX_POINT('',#4051);
#1133=VERTEX_POINT('',#4052);
#1134=VERTEX_POINT('',#4060);
#1135=VERTEX_POINT('',#4062);
#1136=VERTEX_POINT('',#4081);
#1137=VERTEX_POINT('',#4108);
#1138=VERTEX_POINT('',#4109);
#1139=VERTEX_POINT('',#4111);
#1140=VERTEX_POINT('',#4113);
#1141=VERTEX_POINT('',#4126);
#1142=VERTEX_POINT('',#4128);
#1143=VERTEX_POINT('',#4130);
#1144=VERTEX_POINT('',#4134);
#1145=VERTEX_POINT('',#4135);
#1146=VERTEX_POINT('',#4146);
#1147=VERTEX_POINT('',#4148);
#1148=VERTEX_POINT('',#4152);
#1149=VERTEX_POINT('',#4154);
#1150=VERTEX_POINT('',#4156);
#1151=VERTEX_POINT('',#4160);
#1152=VERTEX_POINT('',#4161);
#1153=VERTEX_POINT('',#4177);
#1154=VERTEX_POINT('',#4179);
#1155=VERTEX_POINT('',#4190);
#1156=VERTEX_POINT('',#4217);
#1157=VERTEX_POINT('',#4223);
#1158=VERTEX_POINT('',#4227);
#1159=VERTEX_POINT('',#4229);
#1160=VERTEX_POINT('',#4231);
#1161=VERTEX_POINT('',#4234);
#1162=VERTEX_POINT('',#4236);
#1163=VERTEX_POINT('',#4239);
#1164=VERTEX_POINT('',#4240);
#1165=VERTEX_POINT('',#4242);
#1166=VERTEX_POINT('',#4244);
#1167=VERTEX_POINT('',#4248);
#1168=VERTEX_POINT('',#4256);
#1169=VERTEX_POINT('',#4258);
#1170=VERTEX_POINT('',#4261);
#1171=VERTEX_POINT('',#4263);
#1172=VERTEX_POINT('',#4265);
#1173=VERTEX_POINT('',#4267);
#1174=VERTEX_POINT('',#4268);
#1175=VERTEX_POINT('',#4270);
#1176=VERTEX_POINT('',#4272);
#1177=VERTEX_POINT('',#4275);
#1178=VERTEX_POINT('',#4276);
#1179=VERTEX_POINT('',#4278);
#1180=VERTEX_POINT('',#4280);
#1181=VERTEX_POINT('',#4284);
#1182=VERTEX_POINT('',#4288);
#1183=VERTEX_POINT('',#4292);
#1184=VERTEX_POINT('',#4296);
#1185=VERTEX_POINT('',#4297);
#1186=VERTEX_POINT('',#4302);
#1187=VERTEX_POINT('',#4306);
#1188=VERTEX_POINT('',#4312);
#1189=VERTEX_POINT('',#4314);
#1190=VERTEX_POINT('',#4316);
#1191=VERTEX_POINT('',#4318);
#1192=VERTEX_POINT('',#4321);
#1193=VERTEX_POINT('',#4322);
#1194=VERTEX_POINT('',#4324);
#1195=VERTEX_POINT('',#4326);
#1196=VERTEX_POINT('',#4330);
#1197=VERTEX_POINT('',#4331);
#1198=VERTEX_POINT('',#4333);
#1199=VERTEX_POINT('',#4335);
#1200=VERTEX_POINT('',#4339);
#1201=VERTEX_POINT('',#4342);
#1202=VERTEX_POINT('',#4344);
#1203=VERTEX_POINT('',#4346);
#1204=VERTEX_POINT('',#4349);
#1205=VERTEX_POINT('',#4353);
#1206=VERTEX_POINT('',#4359);
#1207=VERTEX_POINT('',#4363);
#1208=VERTEX_POINT('',#4366);
#1209=VERTEX_POINT('',#4367);
#1210=VERTEX_POINT('',#4369);
#1211=VERTEX_POINT('',#4371);
#1212=VERTEX_POINT('',#4375);
#1213=VERTEX_POINT('',#4379);
#1214=VERTEX_POINT('',#4380);
#1215=VERTEX_POINT('',#4382);
#1216=VERTEX_POINT('',#4384);
#1217=VERTEX_POINT('',#4388);
#1218=VERTEX_POINT('',#4390);
#1219=VERTEX_POINT('',#4394);
#1220=VERTEX_POINT('',#4395);
#1221=VERTEX_POINT('',#4397);
#1222=VERTEX_POINT('',#4399);
#1223=VERTEX_POINT('',#4403);
#1224=VERTEX_POINT('',#4405);
#1225=VERTEX_POINT('',#4409);
#1226=VERTEX_POINT('',#4410);
#1227=VERTEX_POINT('',#4412);
#1228=VERTEX_POINT('',#4414);
#1229=VERTEX_POINT('',#4418);
#1230=VERTEX_POINT('',#4420);
#1231=VERTEX_POINT('',#4424);
#1232=VERTEX_POINT('',#4425);
#1233=VERTEX_POINT('',#4427);
#1234=VERTEX_POINT('',#4429);
#1235=VERTEX_POINT('',#4433);
#1236=VERTEX_POINT('',#4435);
#1237=VERTEX_POINT('',#4439);
#1238=VERTEX_POINT('',#4440);
#1239=VERTEX_POINT('',#4442);
#1240=VERTEX_POINT('',#4444);
#1241=VERTEX_POINT('',#4448);
#1242=VERTEX_POINT('',#4450);
#1243=VERTEX_POINT('',#4454);
#1244=VERTEX_POINT('',#4456);
#1245=VERTEX_POINT('',#4460);
#1246=VERTEX_POINT('',#4462);
#1247=VERTEX_POINT('',#4466);
#1248=VERTEX_POINT('',#4468);
#1249=VERTEX_POINT('',#4472);
#1250=VERTEX_POINT('',#4474);
#1251=VERTEX_POINT('',#4478);
#1252=VERTEX_POINT('',#4480);
#1253=VERTEX_POINT('',#4484);
#1254=VERTEX_POINT('',#4486);
#1255=VERTEX_POINT('',#4490);
#1256=VERTEX_POINT('',#4492);
#1257=VERTEX_POINT('',#4496);
#1258=VERTEX_POINT('',#4498);
#1259=VERTEX_POINT('',#4502);
#1260=VERTEX_POINT('',#4504);
#1261=VERTEX_POINT('',#4508);
#1262=VERTEX_POINT('',#4510);
#1263=VERTEX_POINT('',#4514);
#1264=VERTEX_POINT('',#4516);
#1265=VERTEX_POINT('',#4520);
#1266=VERTEX_POINT('',#4522);
#1267=VERTEX_POINT('',#4526);
#1268=VERTEX_POINT('',#4528);
#1269=VERTEX_POINT('',#4532);
#1270=VERTEX_POINT('',#4534);
#1271=VERTEX_POINT('',#4538);
#1272=VERTEX_POINT('',#4540);
#1273=VERTEX_POINT('',#4544);
#1274=VERTEX_POINT('',#4546);
#1275=VERTEX_POINT('',#4550);
#1276=VERTEX_POINT('',#4552);
#1277=VERTEX_POINT('',#4556);
#1278=VERTEX_POINT('',#4558);
#1279=VERTEX_POINT('',#4562);
#1280=VERTEX_POINT('',#4564);
#1281=VERTEX_POINT('',#4568);
#1282=VERTEX_POINT('',#4570);
#1283=VERTEX_POINT('',#4574);
#1284=VERTEX_POINT('',#4576);
#1285=VERTEX_POINT('',#4583);
#1286=VERTEX_POINT('',#4585);
#1287=VERTEX_POINT('',#4592);
#1288=VERTEX_POINT('',#4594);
#1289=VERTEX_POINT('',#4601);
#1290=VERTEX_POINT('',#4603);
#1291=VERTEX_POINT('',#4610);
#1292=VERTEX_POINT('',#4612);
#1293=VERTEX_POINT('',#4619);
#1294=VERTEX_POINT('',#4620);
#1295=VERTEX_POINT('',#4622);
#1296=VERTEX_POINT('',#4624);
#1297=VERTEX_POINT('',#4628);
#1298=VERTEX_POINT('',#4630);
#1299=VERTEX_POINT('',#4634);
#1300=VERTEX_POINT('',#4635);
#1301=VERTEX_POINT('',#4637);
#1302=VERTEX_POINT('',#4639);
#1303=VERTEX_POINT('',#4646);
#1304=VERTEX_POINT('',#4648);
#1305=VERTEX_POINT('',#4652);
#1306=VERTEX_POINT('',#4654);
#1307=VERTEX_POINT('',#4658);
#1308=VERTEX_POINT('',#4660);
#1309=VERTEX_POINT('',#4675);
#1310=VERTEX_POINT('',#4677);
#1311=VERTEX_POINT('',#4681);
#1312=VERTEX_POINT('',#4683);
#1313=VERTEX_POINT('',#4687);
#1314=VERTEX_POINT('',#4689);
#1315=VERTEX_POINT('',#4693);
#1316=VERTEX_POINT('',#4695);
#1317=VERTEX_POINT('',#4699);
#1318=VERTEX_POINT('',#4700);
#1319=VERTEX_POINT('',#4702);
#1320=VERTEX_POINT('',#4707);
#1321=VERTEX_POINT('',#4710);
#1322=VERTEX_POINT('',#4712);
#1323=VERTEX_POINT('',#4714);
#1324=VERTEX_POINT('',#4717);
#1325=VERTEX_POINT('',#4721);
#1326=VERTEX_POINT('',#4722);
#1327=VERTEX_POINT('',#4727);
#1328=VERTEX_POINT('',#4731);
#1329=VERTEX_POINT('',#4732);
#1330=VERTEX_POINT('',#4737);
#1331=VERTEX_POINT('',#4741);
#1332=VERTEX_POINT('',#4742);
#1333=VERTEX_POINT('',#4747);
#1334=EDGE_CURVE('',#1074,#1075,#944,.T.);
#1335=EDGE_CURVE('',#1075,#1076,#464,.T.);
#1336=EDGE_CURVE('',#1076,#1077,#444,.T.);
#1337=EDGE_CURVE('',#1077,#1074,#465,.T.);
#1338=EDGE_CURVE('',#1075,#1078,#466,.T.);
#1339=EDGE_CURVE('',#1079,#1078,#467,.T.);
#1340=EDGE_CURVE('',#1076,#1079,#945,.T.);
#1341=EDGE_CURVE('',#1080,#1081,#445,.T.);
#1342=EDGE_CURVE('',#1081,#1082,#468,.T.);
#1343=EDGE_CURVE('',#1082,#1083,#946,.T.);
#1344=EDGE_CURVE('',#1083,#1080,#469,.T.);
#1345=EDGE_CURVE('',#1081,#1084,#947,.F.);
#1346=EDGE_CURVE('',#1085,#1084,#470,.T.);
#1347=EDGE_CURVE('',#1085,#1082,#471,.T.);
#1348=EDGE_CURVE('',#1080,#1077,#472,.T.);
#1349=EDGE_CURVE('',#1079,#1086,#446,.T.);
#1350=EDGE_CURVE('',#1086,#1087,#473,.T.);
#1351=EDGE_CURVE('',#1088,#1087,#447,.F.);
#1352=EDGE_CURVE('',#1089,#1088,#448,.F.);
#1353=EDGE_CURVE('',#1089,#1090,#474,.T.);
#1354=EDGE_CURVE('',#1084,#1090,#449,.F.);
#1355=EDGE_CURVE('',#1089,#1087,#948,.T.);
#1356=EDGE_CURVE('',#1091,#1086,#949,.T.);
#1357=EDGE_CURVE('',#1091,#1092,#475,.T.);
#1358=EDGE_CURVE('',#1090,#1092,#950,.T.);
#1359=EDGE_CURVE('',#1092,#1093,#476,.T.);
#1360=EDGE_CURVE('',#1093,#1085,#951,.T.);
#1361=EDGE_CURVE('',#1094,#1093,#477,.T.);
#1362=EDGE_CURVE('',#1078,#1094,#952,.T.);
#1363=EDGE_CURVE('',#1083,#1074,#478,.T.);
#1364=EDGE_CURVE('',#1095,#1095,#953,.T.);
#1365=EDGE_CURVE('',#1094,#1091,#479,.T.);
#1366=EDGE_CURVE('',#1096,#1097,#954,.T.);
#1367=EDGE_CURVE('',#1097,#1098,#480,.T.);
#1368=EDGE_CURVE('',#1098,#1099,#955,.T.);
#1369=EDGE_CURVE('',#1099,#1096,#481,.T.);
#1370=EDGE_CURVE('',#1099,#1100,#482,.T.);
#1371=EDGE_CURVE('',#1101,#1100,#483,.T.);
#1372=EDGE_CURVE('',#1102,#1101,#956,.T.);
#1373=EDGE_CURVE('',#1096,#1102,#484,.T.);
#1374=EDGE_CURVE('',#1103,#1098,#485,.T.);
#1375=EDGE_CURVE('',#1104,#1103,#957,.T.);
#1376=EDGE_CURVE('',#1105,#1104,#486,.T.);
#1377=EDGE_CURVE('',#1106,#1105,#958,.T.);
#1378=EDGE_CURVE('',#1107,#1106,#487,.T.);
#1379=EDGE_CURVE('',#1100,#1107,#959,.T.);
#1380=EDGE_CURVE('',#1108,#1108,#960,.T.);
#1381=EDGE_CURVE('',#1109,#1110,#961,.T.);
#1382=EDGE_CURVE('',#1110,#1104,#488,.T.);
#1383=EDGE_CURVE('',#1103,#1109,#489,.T.);
#1384=EDGE_CURVE('',#1111,#1110,#490,.T.);
#1385=EDGE_CURVE('',#1112,#1111,#962,.T.);
#1386=EDGE_CURVE('',#1105,#1112,#491,.T.);
#1387=EDGE_CURVE('',#1113,#1101,#450,.T.);
#1388=EDGE_CURVE('',#1107,#1113,#492,.T.);
#1389=EDGE_CURVE('',#1112,#1114,#451,.T.);
#1390=EDGE_CURVE('',#1114,#1106,#493,.T.);
#1391=EDGE_CURVE('',#1115,#1116,#452,.F.);
#1392=EDGE_CURVE('',#1115,#1102,#494,.T.);
#1393=EDGE_CURVE('',#1113,#1114,#495,.T.);
#1394=EDGE_CURVE('',#1111,#1117,#496,.T.);
#1395=EDGE_CURVE('',#1116,#1117,#453,.F.);
#1396=EDGE_CURVE('',#1115,#1117,#963,.T.);
#1397=EDGE_CURVE('',#1109,#1097,#497,.T.);
#1398=EDGE_CURVE('',#1088,#1095,#498,.T.);
#1399=EDGE_CURVE('',#1116,#1108,#499,.T.);
#1400=EDGE_CURVE('',#1118,#1119,#964,.T.);
#1401=EDGE_CURVE('',#1119,#1120,#500,.T.);
#1402=EDGE_CURVE('',#1120,#1121,#454,.T.);
#1403=EDGE_CURVE('',#1121,#1118,#501,.T.);
#1404=EDGE_CURVE('',#1122,#1119,#502,.T.);
#1405=EDGE_CURVE('',#1122,#1123,#503,.T.);
#1406=EDGE_CURVE('',#1124,#1123,#504,.T.);
#1407=EDGE_CURVE('',#1120,#1124,#965,.T.);
#1408=EDGE_CURVE('',#1125,#1126,#455,.T.);
#1409=EDGE_CURVE('',#1126,#1127,#505,.T.);
#1410=EDGE_CURVE('',#1127,#1128,#966,.T.);
#1411=EDGE_CURVE('',#1128,#1125,#506,.T.);
#1412=EDGE_CURVE('',#1129,#1126,#967,.T.);
#1413=EDGE_CURVE('',#1130,#1129,#507,.T.);
#1414=EDGE_CURVE('',#1131,#1130,#508,.T.);
#1415=EDGE_CURVE('',#1127,#1131,#509,.T.);
#1416=EDGE_CURVE('',#1132,#1133,#456,.F.);
#1417=EDGE_CURVE('',#1132,#1129,#510,.T.);
#1418=EDGE_CURVE('',#1125,#1134,#511,.T.);
#1419=EDGE_CURVE('',#1134,#1135,#19,.T.);
#1420=EDGE_CURVE('',#1133,#1135,#457,.F.);
#1421=EDGE_CURVE('',#1135,#1136,#458,.F.);
#1422=EDGE_CURVE('',#1134,#1121,#512,.T.);
#1423=EDGE_CURVE('',#1124,#1136,#513,.T.);
#1424=EDGE_CURVE('',#1132,#1136,#968,.T.);
#1425=EDGE_CURVE('',#1123,#1130,#969,.T.);
#1426=EDGE_CURVE('',#1137,#1138,#970,.T.);
#1427=EDGE_CURVE('',#1138,#1139,#514,.T.);
#1428=EDGE_CURVE('',#1139,#1140,#459,.T.);
#1429=EDGE_CURVE('',#1140,#1137,#515,.T.);
#1430=EDGE_CURVE('',#1138,#1141,#516,.T.);
#1431=EDGE_CURVE('',#1141,#1142,#517,.T.);
#1432=EDGE_CURVE('',#1143,#1142,#518,.T.);
#1433=EDGE_CURVE('',#1139,#1143,#971,.T.);
#1434=EDGE_CURVE('',#1144,#1145,#460,.T.);
#1435=EDGE_CURVE('',#1145,#1146,#519,.T.);
#1436=EDGE_CURVE('',#1146,#1147,#972,.T.);
#1437=EDGE_CURVE('',#1147,#1144,#520,.T.);
#1438=EDGE_CURVE('',#1148,#1145,#973,.T.);
#1439=EDGE_CURVE('',#1149,#1148,#521,.T.);
#1440=EDGE_CURVE('',#1150,#1149,#522,.T.);
#1441=EDGE_CURVE('',#1150,#1146,#523,.T.);
#1442=EDGE_CURVE('',#1151,#1152,#461,.F.);
#1443=EDGE_CURVE('',#1151,#1148,#524,.T.);
#1444=EDGE_CURVE('',#1144,#1153,#525,.T.);
#1445=EDGE_CURVE('',#1153,#1154,#20,.T.);
#1446=EDGE_CURVE('',#1152,#1154,#462,.F.);
#1447=EDGE_CURVE('',#1154,#1155,#463,.F.);
#1448=EDGE_CURVE('',#1153,#1140,#526,.T.);
#1449=EDGE_CURVE('',#1143,#1155,#527,.T.);
#1450=EDGE_CURVE('',#1151,#1155,#974,.T.);
#1451=EDGE_CURVE('',#1142,#1149,#975,.T.);
#1452=EDGE_CURVE('',#1152,#1156,#528,.T.);
#1453=EDGE_CURVE('',#1156,#1156,#976,.T.);
#1454=EDGE_CURVE('',#1150,#1141,#977,.T.);
#1455=EDGE_CURVE('',#1157,#1137,#529,.T.);
#1456=EDGE_CURVE('',#1147,#1157,#530,.T.);
#1457=EDGE_CURVE('',#1128,#1158,#531,.T.);
#1458=EDGE_CURVE('',#1158,#1159,#532,.T.);
#1459=EDGE_CURVE('',#1160,#1159,#533,.T.);
#1460=EDGE_CURVE('',#1157,#1160,#534,.T.);
#1461=EDGE_CURVE('',#1161,#1153,#535,.T.);
#1462=EDGE_CURVE('',#1162,#1161,#536,.T.);
#1463=EDGE_CURVE('',#1162,#1134,#537,.T.);
#1464=EDGE_CURVE('',#1163,#1164,#538,.T.);
#1465=EDGE_CURVE('',#1164,#1165,#539,.T.);
#1466=EDGE_CURVE('',#1165,#1166,#540,.T.);
#1467=EDGE_CURVE('',#1166,#1163,#541,.T.);
#1468=EDGE_CURVE('',#1133,#1167,#542,.T.);
#1469=EDGE_CURVE('',#1167,#1167,#978,.T.);
#1470=EDGE_CURVE('',#1131,#1122,#979,.T.);
#1471=EDGE_CURVE('',#1158,#1118,#543,.T.);
#1472=EDGE_CURVE('',#1168,#1162,#544,.T.);
#1473=EDGE_CURVE('',#1168,#1169,#545,.T.);
#1474=EDGE_CURVE('',#1159,#1169,#546,.T.);
#1475=EDGE_CURVE('',#1170,#1170,#980,.T.);
#1476=EDGE_CURVE('',#1171,#1171,#981,.T.);
#1477=EDGE_CURVE('',#1172,#1172,#982,.T.);
#1478=EDGE_CURVE('',#1173,#1174,#547,.T.);
#1479=EDGE_CURVE('',#1174,#1175,#983,.T.);
#1480=EDGE_CURVE('',#1175,#1176,#548,.T.);
#1481=EDGE_CURVE('',#1176,#1173,#984,.T.);
#1482=EDGE_CURVE('',#1177,#1178,#549,.T.);
#1483=EDGE_CURVE('',#1178,#1179,#550,.T.);
#1484=EDGE_CURVE('',#1179,#1180,#551,.T.);
#1485=EDGE_CURVE('',#1180,#1177,#552,.T.);
#1486=EDGE_CURVE('',#1181,#1181,#985,.T.);
#1487=EDGE_CURVE('',#1181,#1170,#553,.T.);
#1488=EDGE_CURVE('',#1182,#1182,#986,.T.);
#1489=EDGE_CURVE('',#1182,#1171,#554,.T.);
#1490=EDGE_CURVE('',#1183,#1183,#987,.T.);
#1491=EDGE_CURVE('',#1183,#1172,#555,.T.);
#1492=EDGE_CURVE('',#1184,#1185,#556,.T.);
#1493=EDGE_CURVE('',#1184,#1174,#557,.T.);
#1494=EDGE_CURVE('',#1185,#1173,#558,.T.);
#1495=EDGE_CURVE('',#1186,#1184,#988,.T.);
#1496=EDGE_CURVE('',#1186,#1175,#559,.T.);
#1497=EDGE_CURVE('',#1187,#1186,#560,.T.);
#1498=EDGE_CURVE('',#1187,#1176,#561,.T.);
#1499=EDGE_CURVE('',#1185,#1187,#989,.T.);
#1500=EDGE_CURVE('',#1188,#1184,#562,.T.);
#1501=EDGE_CURVE('',#1189,#1188,#563,.T.);
#1502=EDGE_CURVE('',#1190,#1189,#564,.T.);
#1503=EDGE_CURVE('',#1191,#1190,#565,.T.);
#1504=EDGE_CURVE('',#1185,#1191,#566,.T.);
#1505=EDGE_CURVE('',#1192,#1193,#567,.T.);
#1506=EDGE_CURVE('',#1193,#1194,#568,.T.);
#1507=EDGE_CURVE('',#1194,#1195,#569,.T.);
#1508=EDGE_CURVE('',#1195,#1192,#570,.T.);
#1509=EDGE_CURVE('',#1196,#1197,#990,.T.);
#1510=EDGE_CURVE('',#1197,#1198,#571,.T.);
#1511=EDGE_CURVE('',#1198,#1199,#991,.T.);
#1512=EDGE_CURVE('',#1199,#1196,#572,.T.);
#1513=EDGE_CURVE('',#1196,#1200,#573,.T.);
#1514=EDGE_CURVE('',#1191,#1200,#992,.T.);
#1515=EDGE_CURVE('',#1201,#1190,#993,.T.);
#1516=EDGE_CURVE('',#1201,#1202,#574,.T.);
#1517=EDGE_CURVE('',#1203,#1202,#994,.T.);
#1518=EDGE_CURVE('',#1203,#1197,#575,.T.);
#1519=EDGE_CURVE('',#1169,#1204,#576,.T.);
#1520=EDGE_CURVE('',#1204,#1160,#577,.T.);
#1521=EDGE_CURVE('',#1205,#1199,#578,.T.);
#1522=EDGE_CURVE('',#1200,#1205,#579,.T.);
#1523=EDGE_CURVE('',#1205,#1188,#995,.T.);
#1524=EDGE_CURVE('',#1189,#1206,#996,.T.);
#1525=EDGE_CURVE('',#1206,#1201,#580,.T.);
#1526=EDGE_CURVE('',#1207,#1206,#581,.T.);
#1527=EDGE_CURVE('',#1202,#1207,#582,.T.);
#1528=EDGE_CURVE('',#1208,#1209,#583,.T.);
#1529=EDGE_CURVE('',#1209,#1210,#584,.T.);
#1530=EDGE_CURVE('',#1210,#1211,#585,.T.);
#1531=EDGE_CURVE('',#1211,#1208,#586,.T.);
#1532=EDGE_CURVE('',#1207,#1212,#997,.T.);
#1533=EDGE_CURVE('',#1212,#1203,#587,.T.);
#1534=EDGE_CURVE('',#1213,#1214,#998,.T.);
#1535=EDGE_CURVE('',#1214,#1215,#588,.T.);
#1536=EDGE_CURVE('',#1215,#1216,#999,.T.);
#1537=EDGE_CURVE('',#1216,#1213,#589,.T.);
#1538=EDGE_CURVE('',#1217,#1214,#590,.T.);
#1539=EDGE_CURVE('',#1218,#1217,#591,.T.);
#1540=EDGE_CURVE('',#1215,#1218,#592,.T.);
#1541=EDGE_CURVE('',#1219,#1220,#1000,.T.);
#1542=EDGE_CURVE('',#1220,#1221,#593,.T.);
#1543=EDGE_CURVE('',#1221,#1222,#1001,.T.);
#1544=EDGE_CURVE('',#1222,#1219,#594,.T.);
#1545=EDGE_CURVE('',#1223,#1220,#595,.T.);
#1546=EDGE_CURVE('',#1224,#1223,#596,.T.);
#1547=EDGE_CURVE('',#1221,#1224,#597,.T.);
#1548=EDGE_CURVE('',#1225,#1226,#1002,.T.);
#1549=EDGE_CURVE('',#1226,#1227,#598,.T.);
#1550=EDGE_CURVE('',#1227,#1228,#1003,.T.);
#1551=EDGE_CURVE('',#1228,#1225,#599,.T.);
#1552=EDGE_CURVE('',#1229,#1226,#600,.T.);
#1553=EDGE_CURVE('',#1230,#1229,#601,.T.);
#1554=EDGE_CURVE('',#1227,#1230,#602,.T.);
#1555=EDGE_CURVE('',#1231,#1232,#1004,.T.);
#1556=EDGE_CURVE('',#1232,#1233,#603,.T.);
#1557=EDGE_CURVE('',#1233,#1234,#1005,.T.);
#1558=EDGE_CURVE('',#1234,#1231,#604,.T.);
#1559=EDGE_CURVE('',#1235,#1232,#605,.T.);
#1560=EDGE_CURVE('',#1236,#1235,#606,.T.);
#1561=EDGE_CURVE('',#1233,#1236,#607,.T.);
#1562=EDGE_CURVE('',#1237,#1238,#1006,.T.);
#1563=EDGE_CURVE('',#1238,#1239,#608,.T.);
#1564=EDGE_CURVE('',#1239,#1240,#1007,.T.);
#1565=EDGE_CURVE('',#1240,#1237,#609,.T.);
#1566=EDGE_CURVE('',#1241,#1238,#610,.T.);
#1567=EDGE_CURVE('',#1242,#1241,#611,.T.);
#1568=EDGE_CURVE('',#1239,#1242,#612,.T.);
#1569=EDGE_CURVE('',#1241,#1243,#1008,.T.);
#1570=EDGE_CURVE('',#1243,#1244,#613,.T.);
#1571=EDGE_CURVE('',#1244,#1242,#1009,.T.);
#1572=EDGE_CURVE('',#1245,#1243,#614,.T.);
#1573=EDGE_CURVE('',#1246,#1245,#615,.T.);
#1574=EDGE_CURVE('',#1244,#1246,#616,.T.);
#1575=EDGE_CURVE('',#1235,#1247,#1010,.T.);
#1576=EDGE_CURVE('',#1247,#1248,#617,.T.);
#1577=EDGE_CURVE('',#1248,#1236,#1011,.T.);
#1578=EDGE_CURVE('',#1249,#1247,#618,.T.);
#1579=EDGE_CURVE('',#1250,#1249,#619,.T.);
#1580=EDGE_CURVE('',#1248,#1250,#620,.T.);
#1581=EDGE_CURVE('',#1229,#1251,#1012,.T.);
#1582=EDGE_CURVE('',#1251,#1252,#621,.T.);
#1583=EDGE_CURVE('',#1252,#1230,#1013,.T.);
#1584=EDGE_CURVE('',#1253,#1251,#622,.T.);
#1585=EDGE_CURVE('',#1254,#1253,#623,.T.);
#1586=EDGE_CURVE('',#1252,#1254,#624,.T.);
#1587=EDGE_CURVE('',#1223,#1255,#1014,.T.);
#1588=EDGE_CURVE('',#1255,#1256,#625,.T.);
#1589=EDGE_CURVE('',#1256,#1224,#1015,.T.);
#1590=EDGE_CURVE('',#1257,#1255,#626,.T.);
#1591=EDGE_CURVE('',#1258,#1257,#627,.T.);
#1592=EDGE_CURVE('',#1256,#1258,#628,.T.);
#1593=EDGE_CURVE('',#1217,#1259,#1016,.T.);
#1594=EDGE_CURVE('',#1259,#1260,#629,.T.);
#1595=EDGE_CURVE('',#1260,#1218,#1017,.T.);
#1596=EDGE_CURVE('',#1261,#1259,#630,.T.);
#1597=EDGE_CURVE('',#1262,#1261,#631,.T.);
#1598=EDGE_CURVE('',#1260,#1262,#632,.T.);
#1599=EDGE_CURVE('',#1245,#1263,#1018,.T.);
#1600=EDGE_CURVE('',#1263,#1264,#633,.T.);
#1601=EDGE_CURVE('',#1264,#1246,#1019,.T.);
#1602=EDGE_CURVE('',#1265,#1263,#634,.T.);
#1603=EDGE_CURVE('',#1266,#1265,#635,.T.);
#1604=EDGE_CURVE('',#1264,#1266,#636,.T.);
#1605=EDGE_CURVE('',#1249,#1267,#1020,.T.);
#1606=EDGE_CURVE('',#1267,#1268,#637,.T.);
#1607=EDGE_CURVE('',#1268,#1250,#1021,.T.);
#1608=EDGE_CURVE('',#1269,#1267,#638,.T.);
#1609=EDGE_CURVE('',#1270,#1269,#639,.T.);
#1610=EDGE_CURVE('',#1268,#1270,#640,.T.);
#1611=EDGE_CURVE('',#1253,#1271,#1022,.T.);
#1612=EDGE_CURVE('',#1271,#1272,#641,.T.);
#1613=EDGE_CURVE('',#1272,#1254,#1023,.T.);
#1614=EDGE_CURVE('',#1273,#1271,#642,.T.);
#1615=EDGE_CURVE('',#1274,#1273,#643,.T.);
#1616=EDGE_CURVE('',#1272,#1274,#644,.T.);
#1617=EDGE_CURVE('',#1257,#1275,#1024,.T.);
#1618=EDGE_CURVE('',#1275,#1276,#645,.T.);
#1619=EDGE_CURVE('',#1276,#1258,#1025,.T.);
#1620=EDGE_CURVE('',#1277,#1275,#646,.T.);
#1621=EDGE_CURVE('',#1278,#1277,#647,.T.);
#1622=EDGE_CURVE('',#1276,#1278,#648,.T.);
#1623=EDGE_CURVE('',#1261,#1279,#1026,.T.);
#1624=EDGE_CURVE('',#1279,#1280,#649,.T.);
#1625=EDGE_CURVE('',#1280,#1262,#1027,.T.);
#1626=EDGE_CURVE('',#1281,#1279,#650,.T.);
#1627=EDGE_CURVE('',#1282,#1281,#651,.T.);
#1628=EDGE_CURVE('',#1280,#1282,#652,.T.);
#1629=EDGE_CURVE('',#1281,#1283,#1028,.T.);
#1630=EDGE_CURVE('',#1283,#1284,#653,.T.);
#1631=EDGE_CURVE('',#1284,#1282,#1029,.T.);
#1632=EDGE_CURVE('',#1284,#1216,#654,.T.);
#1633=EDGE_CURVE('',#1213,#1283,#655,.T.);
#1634=EDGE_CURVE('',#1277,#1285,#1030,.T.);
#1635=EDGE_CURVE('',#1285,#1286,#656,.T.);
#1636=EDGE_CURVE('',#1286,#1278,#1031,.T.);
#1637=EDGE_CURVE('',#1286,#1222,#657,.T.);
#1638=EDGE_CURVE('',#1219,#1285,#658,.T.);
#1639=EDGE_CURVE('',#1273,#1287,#1032,.T.);
#1640=EDGE_CURVE('',#1287,#1288,#659,.T.);
#1641=EDGE_CURVE('',#1288,#1274,#1033,.T.);
#1642=EDGE_CURVE('',#1288,#1228,#660,.T.);
#1643=EDGE_CURVE('',#1225,#1287,#661,.T.);
#1644=EDGE_CURVE('',#1269,#1289,#1034,.T.);
#1645=EDGE_CURVE('',#1289,#1290,#662,.T.);
#1646=EDGE_CURVE('',#1290,#1270,#1035,.T.);
#1647=EDGE_CURVE('',#1290,#1234,#663,.T.);
#1648=EDGE_CURVE('',#1231,#1289,#664,.T.);
#1649=EDGE_CURVE('',#1265,#1291,#1036,.T.);
#1650=EDGE_CURVE('',#1291,#1292,#665,.T.);
#1651=EDGE_CURVE('',#1292,#1266,#1037,.T.);
#1652=EDGE_CURVE('',#1292,#1240,#666,.T.);
#1653=EDGE_CURVE('',#1237,#1291,#667,.T.);
#1654=EDGE_CURVE('',#1293,#1294,#1038,.T.);
#1655=EDGE_CURVE('',#1294,#1295,#668,.T.);
#1656=EDGE_CURVE('',#1295,#1296,#1039,.T.);
#1657=EDGE_CURVE('',#1296,#1293,#669,.T.);
#1658=EDGE_CURVE('',#1297,#1294,#670,.T.);
#1659=EDGE_CURVE('',#1298,#1297,#671,.T.);
#1660=EDGE_CURVE('',#1295,#1298,#672,.T.);
#1661=EDGE_CURVE('',#1299,#1300,#1040,.T.);
#1662=EDGE_CURVE('',#1300,#1301,#673,.T.);
#1663=EDGE_CURVE('',#1301,#1302,#1041,.T.);
#1664=EDGE_CURVE('',#1302,#1299,#674,.T.);
#1665=EDGE_CURVE('',#1301,#1296,#675,.T.);
#1666=EDGE_CURVE('',#1293,#1300,#676,.T.);
#1667=EDGE_CURVE('',#1297,#1303,#1042,.T.);
#1668=EDGE_CURVE('',#1303,#1304,#677,.T.);
#1669=EDGE_CURVE('',#1304,#1298,#1043,.T.);
#1670=EDGE_CURVE('',#1305,#1303,#678,.T.);
#1671=EDGE_CURVE('',#1306,#1305,#679,.T.);
#1672=EDGE_CURVE('',#1304,#1306,#680,.T.);
#1673=EDGE_CURVE('',#1305,#1307,#1044,.T.);
#1674=EDGE_CURVE('',#1307,#1308,#681,.T.);
#1675=EDGE_CURVE('',#1308,#1306,#1045,.T.);
#1676=EDGE_CURVE('',#1308,#1302,#682,.T.);
#1677=EDGE_CURVE('',#1299,#1307,#683,.T.);
#1678=EDGE_CURVE('',#1195,#1179,#684,.T.);
#1679=EDGE_CURVE('',#1194,#1180,#685,.T.);
#1680=EDGE_CURVE('',#1193,#1177,#686,.T.);
#1681=EDGE_CURVE('',#1192,#1178,#687,.T.);
#1682=EDGE_CURVE('',#1309,#1309,#1046,.T.);
#1683=EDGE_CURVE('',#1309,#1310,#688,.T.);
#1684=EDGE_CURVE('',#1310,#1310,#1047,.T.);
#1685=EDGE_CURVE('',#1311,#1311,#1048,.T.);
#1686=EDGE_CURVE('',#1311,#1312,#689,.T.);
#1687=EDGE_CURVE('',#1312,#1312,#1049,.T.);
#1688=EDGE_CURVE('',#1313,#1313,#1050,.T.);
#1689=EDGE_CURVE('',#1313,#1314,#690,.T.);
#1690=EDGE_CURVE('',#1314,#1314,#1051,.T.);
#1691=EDGE_CURVE('',#1315,#1315,#1052,.T.);
#1692=EDGE_CURVE('',#1315,#1316,#691,.T.);
#1693=EDGE_CURVE('',#1316,#1316,#1053,.T.);
#1694=EDGE_CURVE('',#1317,#1318,#1054,.T.);
#1695=EDGE_CURVE('',#1318,#1319,#1055,.T.);
#1696=EDGE_CURVE('',#1319,#1319,#1056,.T.);
#1697=EDGE_CURVE('',#1318,#1317,#1057,.T.);
#1698=EDGE_CURVE('',#1161,#1320,#692,.T.);
#1699=EDGE_CURVE('',#1320,#1168,#693,.T.);
#1700=EDGE_CURVE('',#1321,#1321,#1058,.T.);
#1701=EDGE_CURVE('',#1322,#1322,#1059,.T.);
#1702=EDGE_CURVE('',#1323,#1323,#1060,.T.);
#1703=EDGE_CURVE('',#1324,#1324,#1061,.T.);
#1704=EDGE_CURVE('',#1324,#1317,#694,.T.);
#1705=EDGE_CURVE('',#1325,#1326,#1062,.T.);
#1706=EDGE_CURVE('',#1326,#1321,#1063,.T.);
#1707=EDGE_CURVE('',#1326,#1325,#1064,.T.);
#1708=EDGE_CURVE('',#1327,#1327,#1065,.T.);
#1709=EDGE_CURVE('',#1327,#1325,#695,.T.);
#1710=EDGE_CURVE('',#1328,#1329,#1066,.T.);
#1711=EDGE_CURVE('',#1329,#1323,#1067,.T.);
#1712=EDGE_CURVE('',#1329,#1328,#1068,.T.);
#1713=EDGE_CURVE('',#1330,#1330,#1069,.T.);
#1714=EDGE_CURVE('',#1330,#1328,#696,.T.);
#1715=EDGE_CURVE('',#1331,#1332,#1070,.T.);
#1716=EDGE_CURVE('',#1332,#1322,#1071,.T.);
#1717=EDGE_CURVE('',#1332,#1331,#1072,.T.);
#1718=EDGE_CURVE('',#1333,#1333,#1073,.T.);
#1719=EDGE_CURVE('',#1333,#1331,#697,.T.);
#1720=EDGE_CURVE('',#1166,#1210,#698,.T.);
#1721=EDGE_CURVE('',#1165,#1211,#699,.T.);
#1722=EDGE_CURVE('',#1164,#1208,#700,.T.);
#1723=EDGE_CURVE('',#1163,#1209,#701,.T.);
#1724=EDGE_CURVE('',#1320,#1204,#702,.T.);
#1725=EDGE_CURVE('',#1198,#1212,#703,.T.);
#1726=ORIENTED_EDGE('',*,*,#1334,.T.);
#1727=ORIENTED_EDGE('',*,*,#1335,.T.);
#1728=ORIENTED_EDGE('',*,*,#1336,.T.);
#1729=ORIENTED_EDGE('',*,*,#1337,.T.);
#1730=ORIENTED_EDGE('',*,*,#1335,.F.);
#1731=ORIENTED_EDGE('',*,*,#1338,.T.);
#1732=ORIENTED_EDGE('',*,*,#1339,.F.);
#1733=ORIENTED_EDGE('',*,*,#1340,.F.);
#1734=ORIENTED_EDGE('',*,*,#1341,.T.);
#1735=ORIENTED_EDGE('',*,*,#1342,.T.);
#1736=ORIENTED_EDGE('',*,*,#1343,.T.);
#1737=ORIENTED_EDGE('',*,*,#1344,.T.);
#1738=ORIENTED_EDGE('',*,*,#1342,.F.);
#1739=ORIENTED_EDGE('',*,*,#1345,.T.);
#1740=ORIENTED_EDGE('',*,*,#1346,.F.);
#1741=ORIENTED_EDGE('',*,*,#1347,.T.);
#1742=ORIENTED_EDGE('',*,*,#1348,.T.);
#1743=ORIENTED_EDGE('',*,*,#1336,.F.);
#1744=ORIENTED_EDGE('',*,*,#1340,.T.);
#1745=ORIENTED_EDGE('',*,*,#1349,.T.);
#1746=ORIENTED_EDGE('',*,*,#1350,.T.);
#1747=ORIENTED_EDGE('',*,*,#1351,.F.);
#1748=ORIENTED_EDGE('',*,*,#1352,.F.);
#1749=ORIENTED_EDGE('',*,*,#1353,.T.);
#1750=ORIENTED_EDGE('',*,*,#1354,.F.);
#1751=ORIENTED_EDGE('',*,*,#1345,.F.);
#1752=ORIENTED_EDGE('',*,*,#1341,.F.);
#1753=ORIENTED_EDGE('',*,*,#1353,.F.);
#1754=ORIENTED_EDGE('',*,*,#1355,.T.);
#1755=ORIENTED_EDGE('',*,*,#1350,.F.);
#1756=ORIENTED_EDGE('',*,*,#1356,.F.);
#1757=ORIENTED_EDGE('',*,*,#1357,.T.);
#1758=ORIENTED_EDGE('',*,*,#1358,.F.);
#1759=ORIENTED_EDGE('',*,*,#1358,.T.);
#1760=ORIENTED_EDGE('',*,*,#1359,.T.);
#1761=ORIENTED_EDGE('',*,*,#1360,.T.);
#1762=ORIENTED_EDGE('',*,*,#1346,.T.);
#1763=ORIENTED_EDGE('',*,*,#1354,.T.);
#1764=ORIENTED_EDGE('',*,*,#1360,.F.);
#1765=ORIENTED_EDGE('',*,*,#1361,.F.);
#1766=ORIENTED_EDGE('',*,*,#1362,.F.);
#1767=ORIENTED_EDGE('',*,*,#1338,.F.);
#1768=ORIENTED_EDGE('',*,*,#1334,.F.);
#1769=ORIENTED_EDGE('',*,*,#1363,.F.);
#1770=ORIENTED_EDGE('',*,*,#1343,.F.);
#1771=ORIENTED_EDGE('',*,*,#1347,.F.);
#1772=ORIENTED_EDGE('',*,*,#1364,.T.);
#1773=ORIENTED_EDGE('',*,*,#1356,.T.);
#1774=ORIENTED_EDGE('',*,*,#1349,.F.);
#1775=ORIENTED_EDGE('',*,*,#1339,.T.);
#1776=ORIENTED_EDGE('',*,*,#1362,.T.);
#1777=ORIENTED_EDGE('',*,*,#1365,.T.);
#1778=ORIENTED_EDGE('',*,*,#1366,.T.);
#1779=ORIENTED_EDGE('',*,*,#1367,.T.);
#1780=ORIENTED_EDGE('',*,*,#1368,.T.);
#1781=ORIENTED_EDGE('',*,*,#1369,.T.);
#1782=ORIENTED_EDGE('',*,*,#1369,.F.);
#1783=ORIENTED_EDGE('',*,*,#1370,.T.);
#1784=ORIENTED_EDGE('',*,*,#1371,.F.);
#1785=ORIENTED_EDGE('',*,*,#1372,.F.);
#1786=ORIENTED_EDGE('',*,*,#1373,.F.);
#1787=ORIENTED_EDGE('',*,*,#1368,.F.);
#1788=ORIENTED_EDGE('',*,*,#1374,.F.);
#1789=ORIENTED_EDGE('',*,*,#1375,.F.);
#1790=ORIENTED_EDGE('',*,*,#1376,.F.);
#1791=ORIENTED_EDGE('',*,*,#1377,.F.);
#1792=ORIENTED_EDGE('',*,*,#1378,.F.);
#1793=ORIENTED_EDGE('',*,*,#1379,.F.);
#1794=ORIENTED_EDGE('',*,*,#1370,.F.);
#1795=ORIENTED_EDGE('',*,*,#1380,.T.);
#1796=ORIENTED_EDGE('',*,*,#1381,.T.);
#1797=ORIENTED_EDGE('',*,*,#1382,.T.);
#1798=ORIENTED_EDGE('',*,*,#1375,.T.);
#1799=ORIENTED_EDGE('',*,*,#1383,.T.);
#1800=ORIENTED_EDGE('',*,*,#1382,.F.);
#1801=ORIENTED_EDGE('',*,*,#1384,.F.);
#1802=ORIENTED_EDGE('',*,*,#1385,.F.);
#1803=ORIENTED_EDGE('',*,*,#1386,.F.);
#1804=ORIENTED_EDGE('',*,*,#1376,.T.);
#1805=ORIENTED_EDGE('',*,*,#1387,.T.);
#1806=ORIENTED_EDGE('',*,*,#1371,.T.);
#1807=ORIENTED_EDGE('',*,*,#1379,.T.);
#1808=ORIENTED_EDGE('',*,*,#1388,.T.);
#1809=ORIENTED_EDGE('',*,*,#1377,.T.);
#1810=ORIENTED_EDGE('',*,*,#1386,.T.);
#1811=ORIENTED_EDGE('',*,*,#1389,.T.);
#1812=ORIENTED_EDGE('',*,*,#1390,.T.);
#1813=ORIENTED_EDGE('',*,*,#1391,.F.);
#1814=ORIENTED_EDGE('',*,*,#1392,.T.);
#1815=ORIENTED_EDGE('',*,*,#1372,.T.);
#1816=ORIENTED_EDGE('',*,*,#1387,.F.);
#1817=ORIENTED_EDGE('',*,*,#1393,.T.);
#1818=ORIENTED_EDGE('',*,*,#1389,.F.);
#1819=ORIENTED_EDGE('',*,*,#1385,.T.);
#1820=ORIENTED_EDGE('',*,*,#1394,.T.);
#1821=ORIENTED_EDGE('',*,*,#1395,.F.);
#1822=ORIENTED_EDGE('',*,*,#1366,.F.);
#1823=ORIENTED_EDGE('',*,*,#1373,.T.);
#1824=ORIENTED_EDGE('',*,*,#1392,.F.);
#1825=ORIENTED_EDGE('',*,*,#1396,.T.);
#1826=ORIENTED_EDGE('',*,*,#1394,.F.);
#1827=ORIENTED_EDGE('',*,*,#1384,.T.);
#1828=ORIENTED_EDGE('',*,*,#1381,.F.);
#1829=ORIENTED_EDGE('',*,*,#1397,.T.);
#1830=ORIENTED_EDGE('',*,*,#1352,.T.);
#1831=ORIENTED_EDGE('',*,*,#1398,.T.);
#1832=ORIENTED_EDGE('',*,*,#1364,.F.);
#1833=ORIENTED_EDGE('',*,*,#1398,.F.);
#1834=ORIENTED_EDGE('',*,*,#1351,.T.);
#1835=ORIENTED_EDGE('',*,*,#1355,.F.);
#1836=ORIENTED_EDGE('',*,*,#1359,.F.);
#1837=ORIENTED_EDGE('',*,*,#1357,.F.);
#1838=ORIENTED_EDGE('',*,*,#1365,.F.);
#1839=ORIENTED_EDGE('',*,*,#1361,.T.);
#1840=ORIENTED_EDGE('',*,*,#1391,.T.);
#1841=ORIENTED_EDGE('',*,*,#1399,.T.);
#1842=ORIENTED_EDGE('',*,*,#1380,.F.);
#1843=ORIENTED_EDGE('',*,*,#1399,.F.);
#1844=ORIENTED_EDGE('',*,*,#1395,.T.);
#1845=ORIENTED_EDGE('',*,*,#1396,.F.);
#1846=ORIENTED_EDGE('',*,*,#1367,.F.);
#1847=ORIENTED_EDGE('',*,*,#1397,.F.);
#1848=ORIENTED_EDGE('',*,*,#1383,.F.);
#1849=ORIENTED_EDGE('',*,*,#1374,.T.);
#1850=ORIENTED_EDGE('',*,*,#1400,.T.);
#1851=ORIENTED_EDGE('',*,*,#1401,.T.);
#1852=ORIENTED_EDGE('',*,*,#1402,.T.);
#1853=ORIENTED_EDGE('',*,*,#1403,.T.);
#1854=ORIENTED_EDGE('',*,*,#1401,.F.);
#1855=ORIENTED_EDGE('',*,*,#1404,.F.);
#1856=ORIENTED_EDGE('',*,*,#1405,.T.);
#1857=ORIENTED_EDGE('',*,*,#1406,.F.);
#1858=ORIENTED_EDGE('',*,*,#1407,.F.);
#1859=ORIENTED_EDGE('',*,*,#1408,.T.);
#1860=ORIENTED_EDGE('',*,*,#1409,.T.);
#1861=ORIENTED_EDGE('',*,*,#1410,.T.);
#1862=ORIENTED_EDGE('',*,*,#1411,.T.);
#1863=ORIENTED_EDGE('',*,*,#1409,.F.);
#1864=ORIENTED_EDGE('',*,*,#1412,.F.);
#1865=ORIENTED_EDGE('',*,*,#1413,.F.);
#1866=ORIENTED_EDGE('',*,*,#1414,.F.);
#1867=ORIENTED_EDGE('',*,*,#1415,.F.);
#1868=ORIENTED_EDGE('',*,*,#1416,.F.);
#1869=ORIENTED_EDGE('',*,*,#1417,.T.);
#1870=ORIENTED_EDGE('',*,*,#1412,.T.);
#1871=ORIENTED_EDGE('',*,*,#1408,.F.);
#1872=ORIENTED_EDGE('',*,*,#1418,.T.);
#1873=ORIENTED_EDGE('',*,*,#1419,.T.);
#1874=ORIENTED_EDGE('',*,*,#1420,.F.);
#1875=ORIENTED_EDGE('',*,*,#1421,.F.);
#1876=ORIENTED_EDGE('',*,*,#1419,.F.);
#1877=ORIENTED_EDGE('',*,*,#1422,.T.);
#1878=ORIENTED_EDGE('',*,*,#1402,.F.);
#1879=ORIENTED_EDGE('',*,*,#1407,.T.);
#1880=ORIENTED_EDGE('',*,*,#1423,.T.);
#1881=ORIENTED_EDGE('',*,*,#1417,.F.);
#1882=ORIENTED_EDGE('',*,*,#1424,.T.);
#1883=ORIENTED_EDGE('',*,*,#1423,.F.);
#1884=ORIENTED_EDGE('',*,*,#1406,.T.);
#1885=ORIENTED_EDGE('',*,*,#1425,.T.);
#1886=ORIENTED_EDGE('',*,*,#1413,.T.);
#1887=ORIENTED_EDGE('',*,*,#1426,.T.);
#1888=ORIENTED_EDGE('',*,*,#1427,.T.);
#1889=ORIENTED_EDGE('',*,*,#1428,.T.);
#1890=ORIENTED_EDGE('',*,*,#1429,.T.);
#1891=ORIENTED_EDGE('',*,*,#1427,.F.);
#1892=ORIENTED_EDGE('',*,*,#1430,.T.);
#1893=ORIENTED_EDGE('',*,*,#1431,.T.);
#1894=ORIENTED_EDGE('',*,*,#1432,.F.);
#1895=ORIENTED_EDGE('',*,*,#1433,.F.);
#1896=ORIENTED_EDGE('',*,*,#1434,.T.);
#1897=ORIENTED_EDGE('',*,*,#1435,.T.);
#1898=ORIENTED_EDGE('',*,*,#1436,.T.);
#1899=ORIENTED_EDGE('',*,*,#1437,.T.);
#1900=ORIENTED_EDGE('',*,*,#1435,.F.);
#1901=ORIENTED_EDGE('',*,*,#1438,.F.);
#1902=ORIENTED_EDGE('',*,*,#1439,.F.);
#1903=ORIENTED_EDGE('',*,*,#1440,.F.);
#1904=ORIENTED_EDGE('',*,*,#1441,.T.);
#1905=ORIENTED_EDGE('',*,*,#1442,.F.);
#1906=ORIENTED_EDGE('',*,*,#1443,.T.);
#1907=ORIENTED_EDGE('',*,*,#1438,.T.);
#1908=ORIENTED_EDGE('',*,*,#1434,.F.);
#1909=ORIENTED_EDGE('',*,*,#1444,.T.);
#1910=ORIENTED_EDGE('',*,*,#1445,.T.);
#1911=ORIENTED_EDGE('',*,*,#1446,.F.);
#1912=ORIENTED_EDGE('',*,*,#1447,.F.);
#1913=ORIENTED_EDGE('',*,*,#1445,.F.);
#1914=ORIENTED_EDGE('',*,*,#1448,.T.);
#1915=ORIENTED_EDGE('',*,*,#1428,.F.);
#1916=ORIENTED_EDGE('',*,*,#1433,.T.);
#1917=ORIENTED_EDGE('',*,*,#1449,.T.);
#1918=ORIENTED_EDGE('',*,*,#1443,.F.);
#1919=ORIENTED_EDGE('',*,*,#1450,.T.);
#1920=ORIENTED_EDGE('',*,*,#1449,.F.);
#1921=ORIENTED_EDGE('',*,*,#1432,.T.);
#1922=ORIENTED_EDGE('',*,*,#1451,.T.);
#1923=ORIENTED_EDGE('',*,*,#1439,.T.);
#1924=ORIENTED_EDGE('',*,*,#1442,.T.);
#1925=ORIENTED_EDGE('',*,*,#1452,.T.);
#1926=ORIENTED_EDGE('',*,*,#1453,.F.);
#1927=ORIENTED_EDGE('',*,*,#1452,.F.);
#1928=ORIENTED_EDGE('',*,*,#1446,.T.);
#1929=ORIENTED_EDGE('',*,*,#1447,.T.);
#1930=ORIENTED_EDGE('',*,*,#1450,.F.);
#1931=ORIENTED_EDGE('',*,*,#1454,.F.);
#1932=ORIENTED_EDGE('',*,*,#1440,.T.);
#1933=ORIENTED_EDGE('',*,*,#1451,.F.);
#1934=ORIENTED_EDGE('',*,*,#1431,.F.);
#1935=ORIENTED_EDGE('',*,*,#1441,.F.);
#1936=ORIENTED_EDGE('',*,*,#1454,.T.);
#1937=ORIENTED_EDGE('',*,*,#1430,.F.);
#1938=ORIENTED_EDGE('',*,*,#1426,.F.);
#1939=ORIENTED_EDGE('',*,*,#1455,.F.);
#1940=ORIENTED_EDGE('',*,*,#1456,.F.);
#1941=ORIENTED_EDGE('',*,*,#1436,.F.);
#1942=ORIENTED_EDGE('',*,*,#1453,.T.);
#1943=ORIENTED_EDGE('',*,*,#1457,.T.);
#1944=ORIENTED_EDGE('',*,*,#1458,.T.);
#1945=ORIENTED_EDGE('',*,*,#1459,.F.);
#1946=ORIENTED_EDGE('',*,*,#1460,.F.);
#1947=ORIENTED_EDGE('',*,*,#1455,.T.);
#1948=ORIENTED_EDGE('',*,*,#1429,.F.);
#1949=ORIENTED_EDGE('',*,*,#1448,.F.);
#1950=ORIENTED_EDGE('',*,*,#1461,.F.);
#1951=ORIENTED_EDGE('',*,*,#1462,.F.);
#1952=ORIENTED_EDGE('',*,*,#1463,.T.);
#1953=ORIENTED_EDGE('',*,*,#1418,.F.);
#1954=ORIENTED_EDGE('',*,*,#1411,.F.);
#1955=ORIENTED_EDGE('',*,*,#1464,.T.);
#1956=ORIENTED_EDGE('',*,*,#1465,.T.);
#1957=ORIENTED_EDGE('',*,*,#1466,.T.);
#1958=ORIENTED_EDGE('',*,*,#1467,.T.);
#1959=ORIENTED_EDGE('',*,*,#1416,.T.);
#1960=ORIENTED_EDGE('',*,*,#1468,.T.);
#1961=ORIENTED_EDGE('',*,*,#1469,.F.);
#1962=ORIENTED_EDGE('',*,*,#1468,.F.);
#1963=ORIENTED_EDGE('',*,*,#1420,.T.);
#1964=ORIENTED_EDGE('',*,*,#1421,.T.);
#1965=ORIENTED_EDGE('',*,*,#1424,.F.);
#1966=ORIENTED_EDGE('',*,*,#1470,.F.);
#1967=ORIENTED_EDGE('',*,*,#1414,.T.);
#1968=ORIENTED_EDGE('',*,*,#1425,.F.);
#1969=ORIENTED_EDGE('',*,*,#1405,.F.);
#1970=ORIENTED_EDGE('',*,*,#1470,.T.);
#1971=ORIENTED_EDGE('',*,*,#1404,.T.);
#1972=ORIENTED_EDGE('',*,*,#1400,.F.);
#1973=ORIENTED_EDGE('',*,*,#1471,.F.);
#1974=ORIENTED_EDGE('',*,*,#1457,.F.);
#1975=ORIENTED_EDGE('',*,*,#1410,.F.);
#1976=ORIENTED_EDGE('',*,*,#1415,.T.);
#1977=ORIENTED_EDGE('',*,*,#1469,.T.);
#1978=ORIENTED_EDGE('',*,*,#1422,.F.);
#1979=ORIENTED_EDGE('',*,*,#1463,.F.);
#1980=ORIENTED_EDGE('',*,*,#1472,.F.);
#1981=ORIENTED_EDGE('',*,*,#1473,.T.);
#1982=ORIENTED_EDGE('',*,*,#1474,.F.);
#1983=ORIENTED_EDGE('',*,*,#1458,.F.);
#1984=ORIENTED_EDGE('',*,*,#1471,.T.);
#1985=ORIENTED_EDGE('',*,*,#1403,.F.);
#1986=ORIENTED_EDGE('',*,*,#1475,.T.);
#1987=ORIENTED_EDGE('',*,*,#1476,.T.);
#1988=ORIENTED_EDGE('',*,*,#1477,.T.);
#1989=ORIENTED_EDGE('',*,*,#1478,.T.);
#1990=ORIENTED_EDGE('',*,*,#1479,.T.);
#1991=ORIENTED_EDGE('',*,*,#1480,.T.);
#1992=ORIENTED_EDGE('',*,*,#1481,.T.);
#1993=ORIENTED_EDGE('',*,*,#1482,.T.);
#1994=ORIENTED_EDGE('',*,*,#1483,.T.);
#1995=ORIENTED_EDGE('',*,*,#1484,.T.);
#1996=ORIENTED_EDGE('',*,*,#1485,.T.);
#1997=ORIENTED_EDGE('',*,*,#1486,.F.);
#1998=ORIENTED_EDGE('',*,*,#1487,.T.);
#1999=ORIENTED_EDGE('',*,*,#1475,.F.);
#2000=ORIENTED_EDGE('',*,*,#1487,.F.);
#2001=ORIENTED_EDGE('',*,*,#1488,.F.);
#2002=ORIENTED_EDGE('',*,*,#1489,.T.);
#2003=ORIENTED_EDGE('',*,*,#1476,.F.);
#2004=ORIENTED_EDGE('',*,*,#1489,.F.);
#2005=ORIENTED_EDGE('',*,*,#1490,.F.);
#2006=ORIENTED_EDGE('',*,*,#1491,.T.);
#2007=ORIENTED_EDGE('',*,*,#1477,.F.);
#2008=ORIENTED_EDGE('',*,*,#1491,.F.);
#2009=ORIENTED_EDGE('',*,*,#1492,.F.);
#2010=ORIENTED_EDGE('',*,*,#1493,.T.);
#2011=ORIENTED_EDGE('',*,*,#1478,.F.);
#2012=ORIENTED_EDGE('',*,*,#1494,.F.);
#2013=ORIENTED_EDGE('',*,*,#1495,.F.);
#2014=ORIENTED_EDGE('',*,*,#1496,.T.);
#2015=ORIENTED_EDGE('',*,*,#1479,.F.);
#2016=ORIENTED_EDGE('',*,*,#1493,.F.);
#2017=ORIENTED_EDGE('',*,*,#1497,.F.);
#2018=ORIENTED_EDGE('',*,*,#1498,.T.);
#2019=ORIENTED_EDGE('',*,*,#1480,.F.);
#2020=ORIENTED_EDGE('',*,*,#1496,.F.);
#2021=ORIENTED_EDGE('',*,*,#1499,.F.);
#2022=ORIENTED_EDGE('',*,*,#1494,.T.);
#2023=ORIENTED_EDGE('',*,*,#1481,.F.);
#2024=ORIENTED_EDGE('',*,*,#1498,.F.);
#2025=ORIENTED_EDGE('',*,*,#1499,.T.);
#2026=ORIENTED_EDGE('',*,*,#1497,.T.);
#2027=ORIENTED_EDGE('',*,*,#1495,.T.);
#2028=ORIENTED_EDGE('',*,*,#1500,.F.);
#2029=ORIENTED_EDGE('',*,*,#1501,.F.);
#2030=ORIENTED_EDGE('',*,*,#1502,.F.);
#2031=ORIENTED_EDGE('',*,*,#1503,.F.);
#2032=ORIENTED_EDGE('',*,*,#1504,.F.);
#2033=ORIENTED_EDGE('',*,*,#1505,.T.);
#2034=ORIENTED_EDGE('',*,*,#1506,.T.);
#2035=ORIENTED_EDGE('',*,*,#1507,.T.);
#2036=ORIENTED_EDGE('',*,*,#1508,.T.);
#2037=ORIENTED_EDGE('',*,*,#1490,.T.);
#2038=ORIENTED_EDGE('',*,*,#1488,.T.);
#2039=ORIENTED_EDGE('',*,*,#1486,.T.);
#2040=ORIENTED_EDGE('',*,*,#1509,.T.);
#2041=ORIENTED_EDGE('',*,*,#1510,.T.);
#2042=ORIENTED_EDGE('',*,*,#1511,.T.);
#2043=ORIENTED_EDGE('',*,*,#1512,.T.);
#2044=ORIENTED_EDGE('',*,*,#1509,.F.);
#2045=ORIENTED_EDGE('',*,*,#1513,.T.);
#2046=ORIENTED_EDGE('',*,*,#1514,.F.);
#2047=ORIENTED_EDGE('',*,*,#1503,.T.);
#2048=ORIENTED_EDGE('',*,*,#1515,.F.);
#2049=ORIENTED_EDGE('',*,*,#1516,.T.);
#2050=ORIENTED_EDGE('',*,*,#1517,.F.);
#2051=ORIENTED_EDGE('',*,*,#1518,.T.);
#2052=ORIENTED_EDGE('',*,*,#1519,.T.);
#2053=ORIENTED_EDGE('',*,*,#1520,.T.);
#2054=ORIENTED_EDGE('',*,*,#1459,.T.);
#2055=ORIENTED_EDGE('',*,*,#1474,.T.);
#2056=ORIENTED_EDGE('',*,*,#1512,.F.);
#2057=ORIENTED_EDGE('',*,*,#1521,.F.);
#2058=ORIENTED_EDGE('',*,*,#1522,.F.);
#2059=ORIENTED_EDGE('',*,*,#1513,.F.);
#2060=ORIENTED_EDGE('',*,*,#1514,.T.);
#2061=ORIENTED_EDGE('',*,*,#1522,.T.);
#2062=ORIENTED_EDGE('',*,*,#1523,.T.);
#2063=ORIENTED_EDGE('',*,*,#1500,.T.);
#2064=ORIENTED_EDGE('',*,*,#1492,.T.);
#2065=ORIENTED_EDGE('',*,*,#1504,.T.);
#2066=ORIENTED_EDGE('',*,*,#1515,.T.);
#2067=ORIENTED_EDGE('',*,*,#1502,.T.);
#2068=ORIENTED_EDGE('',*,*,#1524,.T.);
#2069=ORIENTED_EDGE('',*,*,#1525,.T.);
#2070=ORIENTED_EDGE('',*,*,#1525,.F.);
#2071=ORIENTED_EDGE('',*,*,#1526,.F.);
#2072=ORIENTED_EDGE('',*,*,#1527,.F.);
#2073=ORIENTED_EDGE('',*,*,#1516,.F.);
#2074=ORIENTED_EDGE('',*,*,#1528,.T.);
#2075=ORIENTED_EDGE('',*,*,#1529,.T.);
#2076=ORIENTED_EDGE('',*,*,#1530,.T.);
#2077=ORIENTED_EDGE('',*,*,#1531,.T.);
#2078=ORIENTED_EDGE('',*,*,#1517,.T.);
#2079=ORIENTED_EDGE('',*,*,#1527,.T.);
#2080=ORIENTED_EDGE('',*,*,#1532,.T.);
#2081=ORIENTED_EDGE('',*,*,#1533,.T.);
#2082=ORIENTED_EDGE('',*,*,#1534,.T.);
#2083=ORIENTED_EDGE('',*,*,#1535,.T.);
#2084=ORIENTED_EDGE('',*,*,#1536,.T.);
#2085=ORIENTED_EDGE('',*,*,#1537,.T.);
#2086=ORIENTED_EDGE('',*,*,#1535,.F.);
#2087=ORIENTED_EDGE('',*,*,#1538,.F.);
#2088=ORIENTED_EDGE('',*,*,#1539,.F.);
#2089=ORIENTED_EDGE('',*,*,#1540,.F.);
#2090=ORIENTED_EDGE('',*,*,#1541,.T.);
#2091=ORIENTED_EDGE('',*,*,#1542,.T.);
#2092=ORIENTED_EDGE('',*,*,#1543,.T.);
#2093=ORIENTED_EDGE('',*,*,#1544,.T.);
#2094=ORIENTED_EDGE('',*,*,#1542,.F.);
#2095=ORIENTED_EDGE('',*,*,#1545,.F.);
#2096=ORIENTED_EDGE('',*,*,#1546,.F.);
#2097=ORIENTED_EDGE('',*,*,#1547,.F.);
#2098=ORIENTED_EDGE('',*,*,#1548,.T.);
#2099=ORIENTED_EDGE('',*,*,#1549,.T.);
#2100=ORIENTED_EDGE('',*,*,#1550,.T.);
#2101=ORIENTED_EDGE('',*,*,#1551,.T.);
#2102=ORIENTED_EDGE('',*,*,#1549,.F.);
#2103=ORIENTED_EDGE('',*,*,#1552,.F.);
#2104=ORIENTED_EDGE('',*,*,#1553,.F.);
#2105=ORIENTED_EDGE('',*,*,#1554,.F.);
#2106=ORIENTED_EDGE('',*,*,#1555,.T.);
#2107=ORIENTED_EDGE('',*,*,#1556,.T.);
#2108=ORIENTED_EDGE('',*,*,#1557,.T.);
#2109=ORIENTED_EDGE('',*,*,#1558,.T.);
#2110=ORIENTED_EDGE('',*,*,#1556,.F.);
#2111=ORIENTED_EDGE('',*,*,#1559,.F.);
#2112=ORIENTED_EDGE('',*,*,#1560,.F.);
#2113=ORIENTED_EDGE('',*,*,#1561,.F.);
#2114=ORIENTED_EDGE('',*,*,#1562,.T.);
#2115=ORIENTED_EDGE('',*,*,#1563,.T.);
#2116=ORIENTED_EDGE('',*,*,#1564,.T.);
#2117=ORIENTED_EDGE('',*,*,#1565,.T.);
#2118=ORIENTED_EDGE('',*,*,#1563,.F.);
#2119=ORIENTED_EDGE('',*,*,#1566,.F.);
#2120=ORIENTED_EDGE('',*,*,#1567,.F.);
#2121=ORIENTED_EDGE('',*,*,#1568,.F.);
#2122=ORIENTED_EDGE('',*,*,#1569,.T.);
#2123=ORIENTED_EDGE('',*,*,#1570,.T.);
#2124=ORIENTED_EDGE('',*,*,#1571,.T.);
#2125=ORIENTED_EDGE('',*,*,#1567,.T.);
#2126=ORIENTED_EDGE('',*,*,#1570,.F.);
#2127=ORIENTED_EDGE('',*,*,#1572,.F.);
#2128=ORIENTED_EDGE('',*,*,#1573,.F.);
#2129=ORIENTED_EDGE('',*,*,#1574,.F.);
#2130=ORIENTED_EDGE('',*,*,#1575,.T.);
#2131=ORIENTED_EDGE('',*,*,#1576,.T.);
#2132=ORIENTED_EDGE('',*,*,#1577,.T.);
#2133=ORIENTED_EDGE('',*,*,#1560,.T.);
#2134=ORIENTED_EDGE('',*,*,#1576,.F.);
#2135=ORIENTED_EDGE('',*,*,#1578,.F.);
#2136=ORIENTED_EDGE('',*,*,#1579,.F.);
#2137=ORIENTED_EDGE('',*,*,#1580,.F.);
#2138=ORIENTED_EDGE('',*,*,#1581,.T.);
#2139=ORIENTED_EDGE('',*,*,#1582,.T.);
#2140=ORIENTED_EDGE('',*,*,#1583,.T.);
#2141=ORIENTED_EDGE('',*,*,#1553,.T.);
#2142=ORIENTED_EDGE('',*,*,#1582,.F.);
#2143=ORIENTED_EDGE('',*,*,#1584,.F.);
#2144=ORIENTED_EDGE('',*,*,#1585,.F.);
#2145=ORIENTED_EDGE('',*,*,#1586,.F.);
#2146=ORIENTED_EDGE('',*,*,#1587,.T.);
#2147=ORIENTED_EDGE('',*,*,#1588,.T.);
#2148=ORIENTED_EDGE('',*,*,#1589,.T.);
#2149=ORIENTED_EDGE('',*,*,#1546,.T.);
#2150=ORIENTED_EDGE('',*,*,#1588,.F.);
#2151=ORIENTED_EDGE('',*,*,#1590,.F.);
#2152=ORIENTED_EDGE('',*,*,#1591,.F.);
#2153=ORIENTED_EDGE('',*,*,#1592,.F.);
#2154=ORIENTED_EDGE('',*,*,#1593,.T.);
#2155=ORIENTED_EDGE('',*,*,#1594,.T.);
#2156=ORIENTED_EDGE('',*,*,#1595,.T.);
#2157=ORIENTED_EDGE('',*,*,#1539,.T.);
#2158=ORIENTED_EDGE('',*,*,#1594,.F.);
#2159=ORIENTED_EDGE('',*,*,#1596,.F.);
#2160=ORIENTED_EDGE('',*,*,#1597,.F.);
#2161=ORIENTED_EDGE('',*,*,#1598,.F.);
#2162=ORIENTED_EDGE('',*,*,#1599,.T.);
#2163=ORIENTED_EDGE('',*,*,#1600,.T.);
#2164=ORIENTED_EDGE('',*,*,#1601,.T.);
#2165=ORIENTED_EDGE('',*,*,#1573,.T.);
#2166=ORIENTED_EDGE('',*,*,#1600,.F.);
#2167=ORIENTED_EDGE('',*,*,#1602,.F.);
#2168=ORIENTED_EDGE('',*,*,#1603,.F.);
#2169=ORIENTED_EDGE('',*,*,#1604,.F.);
#2170=ORIENTED_EDGE('',*,*,#1605,.T.);
#2171=ORIENTED_EDGE('',*,*,#1606,.T.);
#2172=ORIENTED_EDGE('',*,*,#1607,.T.);
#2173=ORIENTED_EDGE('',*,*,#1579,.T.);
#2174=ORIENTED_EDGE('',*,*,#1606,.F.);
#2175=ORIENTED_EDGE('',*,*,#1608,.F.);
#2176=ORIENTED_EDGE('',*,*,#1609,.F.);
#2177=ORIENTED_EDGE('',*,*,#1610,.F.);
#2178=ORIENTED_EDGE('',*,*,#1611,.T.);
#2179=ORIENTED_EDGE('',*,*,#1612,.T.);
#2180=ORIENTED_EDGE('',*,*,#1613,.T.);
#2181=ORIENTED_EDGE('',*,*,#1585,.T.);
#2182=ORIENTED_EDGE('',*,*,#1612,.F.);
#2183=ORIENTED_EDGE('',*,*,#1614,.F.);
#2184=ORIENTED_EDGE('',*,*,#1615,.F.);
#2185=ORIENTED_EDGE('',*,*,#1616,.F.);
#2186=ORIENTED_EDGE('',*,*,#1617,.T.);
#2187=ORIENTED_EDGE('',*,*,#1618,.T.);
#2188=ORIENTED_EDGE('',*,*,#1619,.T.);
#2189=ORIENTED_EDGE('',*,*,#1591,.T.);
#2190=ORIENTED_EDGE('',*,*,#1618,.F.);
#2191=ORIENTED_EDGE('',*,*,#1620,.F.);
#2192=ORIENTED_EDGE('',*,*,#1621,.F.);
#2193=ORIENTED_EDGE('',*,*,#1622,.F.);
#2194=ORIENTED_EDGE('',*,*,#1623,.T.);
#2195=ORIENTED_EDGE('',*,*,#1624,.T.);
#2196=ORIENTED_EDGE('',*,*,#1625,.T.);
#2197=ORIENTED_EDGE('',*,*,#1597,.T.);
#2198=ORIENTED_EDGE('',*,*,#1624,.F.);
#2199=ORIENTED_EDGE('',*,*,#1626,.F.);
#2200=ORIENTED_EDGE('',*,*,#1627,.F.);
#2201=ORIENTED_EDGE('',*,*,#1628,.F.);
#2202=ORIENTED_EDGE('',*,*,#1629,.T.);
#2203=ORIENTED_EDGE('',*,*,#1630,.T.);
#2204=ORIENTED_EDGE('',*,*,#1631,.T.);
#2205=ORIENTED_EDGE('',*,*,#1627,.T.);
#2206=ORIENTED_EDGE('',*,*,#1537,.F.);
#2207=ORIENTED_EDGE('',*,*,#1632,.F.);
#2208=ORIENTED_EDGE('',*,*,#1630,.F.);
#2209=ORIENTED_EDGE('',*,*,#1633,.F.);
#2210=ORIENTED_EDGE('',*,*,#1634,.T.);
#2211=ORIENTED_EDGE('',*,*,#1635,.T.);
#2212=ORIENTED_EDGE('',*,*,#1636,.T.);
#2213=ORIENTED_EDGE('',*,*,#1621,.T.);
#2214=ORIENTED_EDGE('',*,*,#1544,.F.);
#2215=ORIENTED_EDGE('',*,*,#1637,.F.);
#2216=ORIENTED_EDGE('',*,*,#1635,.F.);
#2217=ORIENTED_EDGE('',*,*,#1638,.F.);
#2218=ORIENTED_EDGE('',*,*,#1639,.T.);
#2219=ORIENTED_EDGE('',*,*,#1640,.T.);
#2220=ORIENTED_EDGE('',*,*,#1641,.T.);
#2221=ORIENTED_EDGE('',*,*,#1615,.T.);
#2222=ORIENTED_EDGE('',*,*,#1551,.F.);
#2223=ORIENTED_EDGE('',*,*,#1642,.F.);
#2224=ORIENTED_EDGE('',*,*,#1640,.F.);
#2225=ORIENTED_EDGE('',*,*,#1643,.F.);
#2226=ORIENTED_EDGE('',*,*,#1644,.T.);
#2227=ORIENTED_EDGE('',*,*,#1645,.T.);
#2228=ORIENTED_EDGE('',*,*,#1646,.T.);
#2229=ORIENTED_EDGE('',*,*,#1609,.T.);
#2230=ORIENTED_EDGE('',*,*,#1558,.F.);
#2231=ORIENTED_EDGE('',*,*,#1647,.F.);
#2232=ORIENTED_EDGE('',*,*,#1645,.F.);
#2233=ORIENTED_EDGE('',*,*,#1648,.F.);
#2234=ORIENTED_EDGE('',*,*,#1649,.T.);
#2235=ORIENTED_EDGE('',*,*,#1650,.T.);
#2236=ORIENTED_EDGE('',*,*,#1651,.T.);
#2237=ORIENTED_EDGE('',*,*,#1603,.T.);
#2238=ORIENTED_EDGE('',*,*,#1565,.F.);
#2239=ORIENTED_EDGE('',*,*,#1652,.F.);
#2240=ORIENTED_EDGE('',*,*,#1650,.F.);
#2241=ORIENTED_EDGE('',*,*,#1653,.F.);
#2242=ORIENTED_EDGE('',*,*,#1654,.T.);
#2243=ORIENTED_EDGE('',*,*,#1655,.T.);
#2244=ORIENTED_EDGE('',*,*,#1656,.T.);
#2245=ORIENTED_EDGE('',*,*,#1657,.T.);
#2246=ORIENTED_EDGE('',*,*,#1655,.F.);
#2247=ORIENTED_EDGE('',*,*,#1658,.F.);
#2248=ORIENTED_EDGE('',*,*,#1659,.F.);
#2249=ORIENTED_EDGE('',*,*,#1660,.F.);
#2250=ORIENTED_EDGE('',*,*,#1661,.T.);
#2251=ORIENTED_EDGE('',*,*,#1662,.T.);
#2252=ORIENTED_EDGE('',*,*,#1663,.T.);
#2253=ORIENTED_EDGE('',*,*,#1664,.T.);
#2254=ORIENTED_EDGE('',*,*,#1657,.F.);
#2255=ORIENTED_EDGE('',*,*,#1665,.F.);
#2256=ORIENTED_EDGE('',*,*,#1662,.F.);
#2257=ORIENTED_EDGE('',*,*,#1666,.F.);
#2258=ORIENTED_EDGE('',*,*,#1667,.T.);
#2259=ORIENTED_EDGE('',*,*,#1668,.T.);
#2260=ORIENTED_EDGE('',*,*,#1669,.T.);
#2261=ORIENTED_EDGE('',*,*,#1659,.T.);
#2262=ORIENTED_EDGE('',*,*,#1668,.F.);
#2263=ORIENTED_EDGE('',*,*,#1670,.F.);
#2264=ORIENTED_EDGE('',*,*,#1671,.F.);
#2265=ORIENTED_EDGE('',*,*,#1672,.F.);
#2266=ORIENTED_EDGE('',*,*,#1673,.T.);
#2267=ORIENTED_EDGE('',*,*,#1674,.T.);
#2268=ORIENTED_EDGE('',*,*,#1675,.T.);
#2269=ORIENTED_EDGE('',*,*,#1671,.T.);
#2270=ORIENTED_EDGE('',*,*,#1664,.F.);
#2271=ORIENTED_EDGE('',*,*,#1676,.F.);
#2272=ORIENTED_EDGE('',*,*,#1674,.F.);
#2273=ORIENTED_EDGE('',*,*,#1677,.F.);
#2274=ORIENTED_EDGE('',*,*,#1484,.F.);
#2275=ORIENTED_EDGE('',*,*,#1678,.F.);
#2276=ORIENTED_EDGE('',*,*,#1507,.F.);
#2277=ORIENTED_EDGE('',*,*,#1679,.T.);
#2278=ORIENTED_EDGE('',*,*,#1485,.F.);
#2279=ORIENTED_EDGE('',*,*,#1679,.F.);
#2280=ORIENTED_EDGE('',*,*,#1506,.F.);
#2281=ORIENTED_EDGE('',*,*,#1680,.T.);
#2282=ORIENTED_EDGE('',*,*,#1482,.F.);
#2283=ORIENTED_EDGE('',*,*,#1680,.F.);
#2284=ORIENTED_EDGE('',*,*,#1505,.F.);
#2285=ORIENTED_EDGE('',*,*,#1681,.T.);
#2286=ORIENTED_EDGE('',*,*,#1483,.F.);
#2287=ORIENTED_EDGE('',*,*,#1681,.F.);
#2288=ORIENTED_EDGE('',*,*,#1508,.F.);
#2289=ORIENTED_EDGE('',*,*,#1678,.T.);
#2290=ORIENTED_EDGE('',*,*,#1682,.F.);
#2291=ORIENTED_EDGE('',*,*,#1683,.T.);
#2292=ORIENTED_EDGE('',*,*,#1684,.F.);
#2293=ORIENTED_EDGE('',*,*,#1683,.F.);
#2294=ORIENTED_EDGE('',*,*,#1685,.F.);
#2295=ORIENTED_EDGE('',*,*,#1686,.T.);
#2296=ORIENTED_EDGE('',*,*,#1687,.F.);
#2297=ORIENTED_EDGE('',*,*,#1686,.F.);
#2298=ORIENTED_EDGE('',*,*,#1688,.F.);
#2299=ORIENTED_EDGE('',*,*,#1689,.T.);
#2300=ORIENTED_EDGE('',*,*,#1690,.F.);
#2301=ORIENTED_EDGE('',*,*,#1689,.F.);
#2302=ORIENTED_EDGE('',*,*,#1691,.F.);
#2303=ORIENTED_EDGE('',*,*,#1692,.T.);
#2304=ORIENTED_EDGE('',*,*,#1693,.F.);
#2305=ORIENTED_EDGE('',*,*,#1692,.F.);
#2306=ORIENTED_EDGE('',*,*,#1694,.T.);
#2307=ORIENTED_EDGE('',*,*,#1695,.T.);
#2308=ORIENTED_EDGE('',*,*,#1696,.T.);
#2309=ORIENTED_EDGE('',*,*,#1695,.F.);
#2310=ORIENTED_EDGE('',*,*,#1697,.T.);
#2311=ORIENTED_EDGE('',*,*,#1472,.T.);
#2312=ORIENTED_EDGE('',*,*,#1462,.T.);
#2313=ORIENTED_EDGE('',*,*,#1698,.T.);
#2314=ORIENTED_EDGE('',*,*,#1699,.T.);
#2315=ORIENTED_EDGE('',*,*,#1700,.F.);
#2316=ORIENTED_EDGE('',*,*,#1701,.F.);
#2317=ORIENTED_EDGE('',*,*,#1702,.F.);
#2318=ORIENTED_EDGE('',*,*,#1696,.F.);
#2319=ORIENTED_EDGE('',*,*,#1703,.F.);
#2320=ORIENTED_EDGE('',*,*,#1704,.T.);
#2321=ORIENTED_EDGE('',*,*,#1697,.F.);
#2322=ORIENTED_EDGE('',*,*,#1694,.F.);
#2323=ORIENTED_EDGE('',*,*,#1704,.F.);
#2324=ORIENTED_EDGE('',*,*,#1705,.T.);
#2325=ORIENTED_EDGE('',*,*,#1706,.T.);
#2326=ORIENTED_EDGE('',*,*,#1700,.T.);
#2327=ORIENTED_EDGE('',*,*,#1706,.F.);
#2328=ORIENTED_EDGE('',*,*,#1707,.T.);
#2329=ORIENTED_EDGE('',*,*,#1708,.F.);
#2330=ORIENTED_EDGE('',*,*,#1709,.T.);
#2331=ORIENTED_EDGE('',*,*,#1707,.F.);
#2332=ORIENTED_EDGE('',*,*,#1705,.F.);
#2333=ORIENTED_EDGE('',*,*,#1709,.F.);
#2334=ORIENTED_EDGE('',*,*,#1710,.T.);
#2335=ORIENTED_EDGE('',*,*,#1711,.T.);
#2336=ORIENTED_EDGE('',*,*,#1702,.T.);
#2337=ORIENTED_EDGE('',*,*,#1711,.F.);
#2338=ORIENTED_EDGE('',*,*,#1712,.T.);
#2339=ORIENTED_EDGE('',*,*,#1713,.F.);
#2340=ORIENTED_EDGE('',*,*,#1714,.T.);
#2341=ORIENTED_EDGE('',*,*,#1712,.F.);
#2342=ORIENTED_EDGE('',*,*,#1710,.F.);
#2343=ORIENTED_EDGE('',*,*,#1714,.F.);
#2344=ORIENTED_EDGE('',*,*,#1715,.T.);
#2345=ORIENTED_EDGE('',*,*,#1716,.T.);
#2346=ORIENTED_EDGE('',*,*,#1701,.T.);
#2347=ORIENTED_EDGE('',*,*,#1716,.F.);
#2348=ORIENTED_EDGE('',*,*,#1717,.T.);
#2349=ORIENTED_EDGE('',*,*,#1718,.F.);
#2350=ORIENTED_EDGE('',*,*,#1719,.T.);
#2351=ORIENTED_EDGE('',*,*,#1717,.F.);
#2352=ORIENTED_EDGE('',*,*,#1715,.F.);
#2353=ORIENTED_EDGE('',*,*,#1719,.F.);
#2354=ORIENTED_EDGE('',*,*,#1708,.T.);
#2355=ORIENTED_EDGE('',*,*,#1684,.T.);
#2356=ORIENTED_EDGE('',*,*,#1703,.T.);
#2357=ORIENTED_EDGE('',*,*,#1687,.T.);
#2358=ORIENTED_EDGE('',*,*,#1713,.T.);
#2359=ORIENTED_EDGE('',*,*,#1690,.T.);
#2360=ORIENTED_EDGE('',*,*,#1718,.T.);
#2361=ORIENTED_EDGE('',*,*,#1693,.T.);
#2362=ORIENTED_EDGE('',*,*,#1530,.F.);
#2363=ORIENTED_EDGE('',*,*,#1720,.F.);
#2364=ORIENTED_EDGE('',*,*,#1466,.F.);
#2365=ORIENTED_EDGE('',*,*,#1721,.T.);
#2366=ORIENTED_EDGE('',*,*,#1531,.F.);
#2367=ORIENTED_EDGE('',*,*,#1721,.F.);
#2368=ORIENTED_EDGE('',*,*,#1465,.F.);
#2369=ORIENTED_EDGE('',*,*,#1722,.T.);
#2370=ORIENTED_EDGE('',*,*,#1528,.F.);
#2371=ORIENTED_EDGE('',*,*,#1722,.F.);
#2372=ORIENTED_EDGE('',*,*,#1464,.F.);
#2373=ORIENTED_EDGE('',*,*,#1723,.T.);
#2374=ORIENTED_EDGE('',*,*,#1529,.F.);
#2375=ORIENTED_EDGE('',*,*,#1723,.F.);
#2376=ORIENTED_EDGE('',*,*,#1467,.F.);
#2377=ORIENTED_EDGE('',*,*,#1720,.T.);
#2378=ORIENTED_EDGE('',*,*,#1456,.T.);
#2379=ORIENTED_EDGE('',*,*,#1460,.T.);
#2380=ORIENTED_EDGE('',*,*,#1520,.F.);
#2381=ORIENTED_EDGE('',*,*,#1724,.F.);
#2382=ORIENTED_EDGE('',*,*,#1698,.F.);
#2383=ORIENTED_EDGE('',*,*,#1461,.T.);
#2384=ORIENTED_EDGE('',*,*,#1444,.F.);
#2385=ORIENTED_EDGE('',*,*,#1437,.F.);
#2386=ORIENTED_EDGE('',*,*,#1676,.T.);
#2387=ORIENTED_EDGE('',*,*,#1663,.F.);
#2388=ORIENTED_EDGE('',*,*,#1665,.T.);
#2389=ORIENTED_EDGE('',*,*,#1656,.F.);
#2390=ORIENTED_EDGE('',*,*,#1660,.T.);
#2391=ORIENTED_EDGE('',*,*,#1669,.F.);
#2392=ORIENTED_EDGE('',*,*,#1672,.T.);
#2393=ORIENTED_EDGE('',*,*,#1675,.F.);
#2394=ORIENTED_EDGE('',*,*,#1632,.T.);
#2395=ORIENTED_EDGE('',*,*,#1536,.F.);
#2396=ORIENTED_EDGE('',*,*,#1540,.T.);
#2397=ORIENTED_EDGE('',*,*,#1595,.F.);
#2398=ORIENTED_EDGE('',*,*,#1598,.T.);
#2399=ORIENTED_EDGE('',*,*,#1625,.F.);
#2400=ORIENTED_EDGE('',*,*,#1628,.T.);
#2401=ORIENTED_EDGE('',*,*,#1631,.F.);
#2402=ORIENTED_EDGE('',*,*,#1652,.T.);
#2403=ORIENTED_EDGE('',*,*,#1564,.F.);
#2404=ORIENTED_EDGE('',*,*,#1568,.T.);
#2405=ORIENTED_EDGE('',*,*,#1571,.F.);
#2406=ORIENTED_EDGE('',*,*,#1574,.T.);
#2407=ORIENTED_EDGE('',*,*,#1601,.F.);
#2408=ORIENTED_EDGE('',*,*,#1604,.T.);
#2409=ORIENTED_EDGE('',*,*,#1651,.F.);
#2410=ORIENTED_EDGE('',*,*,#1637,.T.);
#2411=ORIENTED_EDGE('',*,*,#1543,.F.);
#2412=ORIENTED_EDGE('',*,*,#1547,.T.);
#2413=ORIENTED_EDGE('',*,*,#1589,.F.);
#2414=ORIENTED_EDGE('',*,*,#1592,.T.);
#2415=ORIENTED_EDGE('',*,*,#1619,.F.);
#2416=ORIENTED_EDGE('',*,*,#1622,.T.);
#2417=ORIENTED_EDGE('',*,*,#1636,.F.);
#2418=ORIENTED_EDGE('',*,*,#1647,.T.);
#2419=ORIENTED_EDGE('',*,*,#1557,.F.);
#2420=ORIENTED_EDGE('',*,*,#1561,.T.);
#2421=ORIENTED_EDGE('',*,*,#1577,.F.);
#2422=ORIENTED_EDGE('',*,*,#1580,.T.);
#2423=ORIENTED_EDGE('',*,*,#1607,.F.);
#2424=ORIENTED_EDGE('',*,*,#1610,.T.);
#2425=ORIENTED_EDGE('',*,*,#1646,.F.);
#2426=ORIENTED_EDGE('',*,*,#1642,.T.);
#2427=ORIENTED_EDGE('',*,*,#1550,.F.);
#2428=ORIENTED_EDGE('',*,*,#1554,.T.);
#2429=ORIENTED_EDGE('',*,*,#1583,.F.);
#2430=ORIENTED_EDGE('',*,*,#1586,.T.);
#2431=ORIENTED_EDGE('',*,*,#1613,.F.);
#2432=ORIENTED_EDGE('',*,*,#1616,.T.);
#2433=ORIENTED_EDGE('',*,*,#1641,.F.);
#2434=ORIENTED_EDGE('',*,*,#1699,.F.);
#2435=ORIENTED_EDGE('',*,*,#1724,.T.);
#2436=ORIENTED_EDGE('',*,*,#1519,.F.);
#2437=ORIENTED_EDGE('',*,*,#1473,.F.);
#2438=ORIENTED_EDGE('',*,*,#1348,.F.);
#2439=ORIENTED_EDGE('',*,*,#1344,.F.);
#2440=ORIENTED_EDGE('',*,*,#1363,.T.);
#2441=ORIENTED_EDGE('',*,*,#1337,.F.);
#2442=ORIENTED_EDGE('',*,*,#1378,.T.);
#2443=ORIENTED_EDGE('',*,*,#1390,.F.);
#2444=ORIENTED_EDGE('',*,*,#1393,.F.);
#2445=ORIENTED_EDGE('',*,*,#1388,.F.);
#2446=ORIENTED_EDGE('',*,*,#1510,.F.);
#2447=ORIENTED_EDGE('',*,*,#1518,.F.);
#2448=ORIENTED_EDGE('',*,*,#1533,.F.);
#2449=ORIENTED_EDGE('',*,*,#1725,.F.);
#2450=ORIENTED_EDGE('',*,*,#1677,.T.);
#2451=ORIENTED_EDGE('',*,*,#1673,.F.);
#2452=ORIENTED_EDGE('',*,*,#1670,.T.);
#2453=ORIENTED_EDGE('',*,*,#1667,.F.);
#2454=ORIENTED_EDGE('',*,*,#1658,.T.);
#2455=ORIENTED_EDGE('',*,*,#1654,.F.);
#2456=ORIENTED_EDGE('',*,*,#1666,.T.);
#2457=ORIENTED_EDGE('',*,*,#1661,.F.);
#2458=ORIENTED_EDGE('',*,*,#1633,.T.);
#2459=ORIENTED_EDGE('',*,*,#1629,.F.);
#2460=ORIENTED_EDGE('',*,*,#1626,.T.);
#2461=ORIENTED_EDGE('',*,*,#1623,.F.);
#2462=ORIENTED_EDGE('',*,*,#1596,.T.);
#2463=ORIENTED_EDGE('',*,*,#1593,.F.);
#2464=ORIENTED_EDGE('',*,*,#1538,.T.);
#2465=ORIENTED_EDGE('',*,*,#1534,.F.);
#2466=ORIENTED_EDGE('',*,*,#1653,.T.);
#2467=ORIENTED_EDGE('',*,*,#1649,.F.);
#2468=ORIENTED_EDGE('',*,*,#1602,.T.);
#2469=ORIENTED_EDGE('',*,*,#1599,.F.);
#2470=ORIENTED_EDGE('',*,*,#1572,.T.);
#2471=ORIENTED_EDGE('',*,*,#1569,.F.);
#2472=ORIENTED_EDGE('',*,*,#1566,.T.);
#2473=ORIENTED_EDGE('',*,*,#1562,.F.);
#2474=ORIENTED_EDGE('',*,*,#1638,.T.);
#2475=ORIENTED_EDGE('',*,*,#1634,.F.);
#2476=ORIENTED_EDGE('',*,*,#1620,.T.);
#2477=ORIENTED_EDGE('',*,*,#1617,.F.);
#2478=ORIENTED_EDGE('',*,*,#1590,.T.);
#2479=ORIENTED_EDGE('',*,*,#1587,.F.);
#2480=ORIENTED_EDGE('',*,*,#1545,.T.);
#2481=ORIENTED_EDGE('',*,*,#1541,.F.);
#2482=ORIENTED_EDGE('',*,*,#1648,.T.);
#2483=ORIENTED_EDGE('',*,*,#1644,.F.);
#2484=ORIENTED_EDGE('',*,*,#1608,.T.);
#2485=ORIENTED_EDGE('',*,*,#1605,.F.);
#2486=ORIENTED_EDGE('',*,*,#1578,.T.);
#2487=ORIENTED_EDGE('',*,*,#1575,.F.);
#2488=ORIENTED_EDGE('',*,*,#1559,.T.);
#2489=ORIENTED_EDGE('',*,*,#1555,.F.);
#2490=ORIENTED_EDGE('',*,*,#1643,.T.);
#2491=ORIENTED_EDGE('',*,*,#1639,.F.);
#2492=ORIENTED_EDGE('',*,*,#1614,.T.);
#2493=ORIENTED_EDGE('',*,*,#1611,.F.);
#2494=ORIENTED_EDGE('',*,*,#1584,.T.);
#2495=ORIENTED_EDGE('',*,*,#1581,.F.);
#2496=ORIENTED_EDGE('',*,*,#1552,.T.);
#2497=ORIENTED_EDGE('',*,*,#1548,.F.);
#2498=ORIENTED_EDGE('',*,*,#1511,.F.);
#2499=ORIENTED_EDGE('',*,*,#1725,.T.);
#2500=ORIENTED_EDGE('',*,*,#1532,.F.);
#2501=ORIENTED_EDGE('',*,*,#1526,.T.);
#2502=ORIENTED_EDGE('',*,*,#1524,.F.);
#2503=ORIENTED_EDGE('',*,*,#1501,.T.);
#2504=ORIENTED_EDGE('',*,*,#1523,.F.);
#2505=ORIENTED_EDGE('',*,*,#1521,.T.);
#2506=ORIENTED_EDGE('',*,*,#1682,.T.);
#2507=ORIENTED_EDGE('',*,*,#1685,.T.);
#2508=ORIENTED_EDGE('',*,*,#1688,.T.);
#2509=ORIENTED_EDGE('',*,*,#1691,.T.);
#2510=CYLINDRICAL_SURFACE('',#2725,1.5);
#2511=CYLINDRICAL_SURFACE('',#2729,1.5);
#2512=CYLINDRICAL_SURFACE('',#2733,3.2);
#2513=CYLINDRICAL_SURFACE('',#2738,2.061);
#2514=CYLINDRICAL_SURFACE('',#2743,2.061);
#2515=CYLINDRICAL_SURFACE('',#2744,1.459);
#2516=CYLINDRICAL_SURFACE('',#2754,1.459);
#2517=CYLINDRICAL_SURFACE('',#2758,1.5);
#2518=CYLINDRICAL_SURFACE('',#2759,1.5);
#2519=CYLINDRICAL_SURFACE('',#2760,3.2);
#2520=CYLINDRICAL_SURFACE('',#2763,1.40000000000001);
#2521=CYLINDRICAL_SURFACE('',#2765,1.4);
#2522=CYLINDRICAL_SURFACE('',#2767,1.5);
#2523=CYLINDRICAL_SURFACE('',#2771,1.5);
#2524=CYLINDRICAL_SURFACE('',#2775,3.2);
#2525=CYLINDRICAL_SURFACE('',#2777,3.2);
#2526=CYLINDRICAL_SURFACE('',#2781,1.5);
#2527=CYLINDRICAL_SURFACE('',#2785,1.5);
#2528=CYLINDRICAL_SURFACE('',#2789,3.2);
#2529=CYLINDRICAL_SURFACE('',#2791,3.2);
#2530=CYLINDRICAL_SURFACE('',#2795,1.40000000000001);
#2531=CYLINDRICAL_SURFACE('',#2797,1.75000000000001);
#2532=CYLINDRICAL_SURFACE('',#2801,1.40000000000001);
#2533=CYLINDRICAL_SURFACE('',#2803,1.74999999999999);
#2534=CYLINDRICAL_SURFACE('',#2812,1.3);
#2535=CYLINDRICAL_SURFACE('',#2814,1.3);
#2536=CYLINDRICAL_SURFACE('',#2816,1.3);
#2537=CYLINDRICAL_SURFACE('',#2819,19.3674999999999);
#2538=CYLINDRICAL_SURFACE('',#2822,19.3674999999999);
#2539=CYLINDRICAL_SURFACE('',#2825,3.375);
#2540=CYLINDRICAL_SURFACE('',#2833,3.375);
#2541=CYLINDRICAL_SURFACE('',#2835,3.375);
#2542=CYLINDRICAL_SURFACE('',#2838,3.375);
#2543=CYLINDRICAL_SURFACE('',#2840,0.997);
#2544=CYLINDRICAL_SURFACE('',#2844,0.997);
#2545=CYLINDRICAL_SURFACE('',#2848,0.997);
#2546=CYLINDRICAL_SURFACE('',#2852,0.997);
#2547=CYLINDRICAL_SURFACE('',#2856,0.997);
#2548=CYLINDRICAL_SURFACE('',#2860,0.997);
#2549=CYLINDRICAL_SURFACE('',#2864,0.997);
#2550=CYLINDRICAL_SURFACE('',#2868,0.997);
#2551=CYLINDRICAL_SURFACE('',#2872,0.997);
#2552=CYLINDRICAL_SURFACE('',#2876,0.997);
#2553=CYLINDRICAL_SURFACE('',#2880,0.997);
#2554=CYLINDRICAL_SURFACE('',#2884,0.997);
#2555=CYLINDRICAL_SURFACE('',#2888,0.997);
#2556=CYLINDRICAL_SURFACE('',#2892,0.997);
#2557=CYLINDRICAL_SURFACE('',#2896,0.997);
#2558=CYLINDRICAL_SURFACE('',#2900,0.997);
#2559=CYLINDRICAL_SURFACE('',#2904,0.997);
#2560=CYLINDRICAL_SURFACE('',#2908,0.997);
#2561=CYLINDRICAL_SURFACE('',#2912,0.997);
#2562=CYLINDRICAL_SURFACE('',#2916,0.997);
#2563=CYLINDRICAL_SURFACE('',#2920,0.717);
#2564=CYLINDRICAL_SURFACE('',#2924,0.717);
#2565=CYLINDRICAL_SURFACE('',#2928,0.717);
#2566=CYLINDRICAL_SURFACE('',#2932,0.717);
#2567=CYLINDRICAL_SURFACE('',#2940,1.34999999999998);
#2568=CYLINDRICAL_SURFACE('',#2943,1.34999999999998);
#2569=CYLINDRICAL_SURFACE('',#2946,1.35);
#2570=CYLINDRICAL_SURFACE('',#2949,1.35);
#2571=CYLINDRICAL_SURFACE('',#2961,2.80000227859066);
#2572=CYLINDRICAL_SURFACE('',#2967,2.80000733620788);
#2573=CYLINDRICAL_SURFACE('',#2973,2.80000059272026);
#2574=CYLINDRICAL_SURFACE('',#2979,2.79999553509082);
#2575=ADVANCED_FACE('',(#130),#2510,.F.);
#2576=ADVANCED_FACE('',(#131),#63,.T.);
#2577=ADVANCED_FACE('',(#132),#2511,.F.);
#2578=ADVANCED_FACE('',(#133),#64,.T.);
#2579=ADVANCED_FACE('',(#134),#2512,.F.);
#2580=ADVANCED_FACE('',(#135),#65,.F.);
#2581=ADVANCED_FACE('',(#136),#2513,.T.);
#2582=ADVANCED_FACE('',(#137,#21),#66,.T.);
#2583=ADVANCED_FACE('',(#138),#2514,.T.);
#2584=ADVANCED_FACE('',(#139),#2515,.T.);
#2585=ADVANCED_FACE('',(#140),#67,.T.);
#2586=ADVANCED_FACE('',(#141,#22),#68,.T.);
#2587=ADVANCED_FACE('',(#142),#2516,.T.);
#2588=ADVANCED_FACE('',(#143),#69,.T.);
#2589=ADVANCED_FACE('',(#144),#2517,.F.);
#2590=ADVANCED_FACE('',(#145),#2518,.F.);
#2591=ADVANCED_FACE('',(#146),#2519,.F.);
#2592=ADVANCED_FACE('',(#147),#70,.F.);
#2593=ADVANCED_FACE('',(#148),#2520,.F.);
#2594=ADVANCED_FACE('',(#149),#71,.T.);
#2595=ADVANCED_FACE('',(#150),#2521,.F.);
#2596=ADVANCED_FACE('',(#151),#72,.T.);
#2597=ADVANCED_FACE('',(#152),#2522,.F.);
#2598=ADVANCED_FACE('',(#153),#73,.T.);
#2599=ADVANCED_FACE('',(#154),#2523,.F.);
#2600=ADVANCED_FACE('',(#155),#74,.T.);
#2601=ADVANCED_FACE('',(#156),#2524,.F.);
#2602=ADVANCED_FACE('',(#157),#2525,.F.);
#2603=ADVANCED_FACE('',(#158),#75,.F.);
#2604=ADVANCED_FACE('',(#159),#2526,.F.);
#2605=ADVANCED_FACE('',(#160),#76,.T.);
#2606=ADVANCED_FACE('',(#161),#2527,.F.);
#2607=ADVANCED_FACE('',(#162),#77,.T.);
#2608=ADVANCED_FACE('',(#163),#2528,.F.);
#2609=ADVANCED_FACE('',(#164),#2529,.F.);
#2610=ADVANCED_FACE('',(#165),#78,.F.);
#2611=ADVANCED_FACE('',(#166),#2530,.F.);
#2612=ADVANCED_FACE('',(#167),#2531,.T.);
#2613=ADVANCED_FACE('',(#168,#23),#79,.T.);
#2614=ADVANCED_FACE('',(#169,#24),#80,.T.);
#2615=ADVANCED_FACE('',(#170),#2532,.F.);
#2616=ADVANCED_FACE('',(#171),#2533,.T.);
#2617=ADVANCED_FACE('',(#172,#25),#81,.T.);
#2618=ADVANCED_FACE('',(#173,#26,#27,#28,#29,#30),#82,.T.);
#2619=ADVANCED_FACE('',(#174),#2534,.F.);
#2620=ADVANCED_FACE('',(#175),#2535,.F.);
#2621=ADVANCED_FACE('',(#176),#2536,.F.);
#2622=ADVANCED_FACE('',(#177),#83,.F.);
#2623=ADVANCED_FACE('',(#178),#2537,.F.);
#2624=ADVANCED_FACE('',(#179),#84,.F.);
#2625=ADVANCED_FACE('',(#180),#2538,.F.);
#2626=ADVANCED_FACE('',(#181,#31,#32,#33,#34),#85,.T.);
#2627=ADVANCED_FACE('',(#182),#2539,.T.);
#2628=ADVANCED_FACE('',(#183,#35),#86,.T.);
#2629=ADVANCED_FACE('',(#184),#87,.T.);
#2630=ADVANCED_FACE('',(#185),#2540,.T.);
#2631=ADVANCED_FACE('',(#186),#2541,.T.);
#2632=ADVANCED_FACE('',(#187,#36),#88,.T.);
#2633=ADVANCED_FACE('',(#188),#2542,.T.);
#2634=ADVANCED_FACE('',(#189),#2543,.F.);
#2635=ADVANCED_FACE('',(#190),#89,.F.);
#2636=ADVANCED_FACE('',(#191),#2544,.F.);
#2637=ADVANCED_FACE('',(#192),#90,.F.);
#2638=ADVANCED_FACE('',(#193),#2545,.F.);
#2639=ADVANCED_FACE('',(#194),#91,.F.);
#2640=ADVANCED_FACE('',(#195),#2546,.F.);
#2641=ADVANCED_FACE('',(#196),#92,.F.);
#2642=ADVANCED_FACE('',(#197),#2547,.F.);
#2643=ADVANCED_FACE('',(#198),#93,.F.);
#2644=ADVANCED_FACE('',(#199),#2548,.F.);
#2645=ADVANCED_FACE('',(#200),#94,.F.);
#2646=ADVANCED_FACE('',(#201),#2549,.F.);
#2647=ADVANCED_FACE('',(#202),#95,.F.);
#2648=ADVANCED_FACE('',(#203),#2550,.F.);
#2649=ADVANCED_FACE('',(#204),#96,.F.);
#2650=ADVANCED_FACE('',(#205),#2551,.F.);
#2651=ADVANCED_FACE('',(#206),#97,.F.);
#2652=ADVANCED_FACE('',(#207),#2552,.F.);
#2653=ADVANCED_FACE('',(#208),#98,.F.);
#2654=ADVANCED_FACE('',(#209),#2553,.F.);
#2655=ADVANCED_FACE('',(#210),#99,.F.);
#2656=ADVANCED_FACE('',(#211),#2554,.F.);
#2657=ADVANCED_FACE('',(#212),#100,.F.);
#2658=ADVANCED_FACE('',(#213),#2555,.F.);
#2659=ADVANCED_FACE('',(#214),#101,.F.);
#2660=ADVANCED_FACE('',(#215),#2556,.F.);
#2661=ADVANCED_FACE('',(#216),#102,.F.);
#2662=ADVANCED_FACE('',(#217),#2557,.F.);
#2663=ADVANCED_FACE('',(#218),#103,.F.);
#2664=ADVANCED_FACE('',(#219),#2558,.F.);
#2665=ADVANCED_FACE('',(#220),#104,.F.);
#2666=ADVANCED_FACE('',(#221),#2559,.F.);
#2667=ADVANCED_FACE('',(#222),#105,.F.);
#2668=ADVANCED_FACE('',(#223),#2560,.F.);
#2669=ADVANCED_FACE('',(#224),#106,.F.);
#2670=ADVANCED_FACE('',(#225),#2561,.F.);
#2671=ADVANCED_FACE('',(#226),#107,.F.);
#2672=ADVANCED_FACE('',(#227),#2562,.F.);
#2673=ADVANCED_FACE('',(#228),#108,.F.);
#2674=ADVANCED_FACE('',(#229),#2563,.F.);
#2675=ADVANCED_FACE('',(#230),#109,.F.);
#2676=ADVANCED_FACE('',(#231),#2564,.F.);
#2677=ADVANCED_FACE('',(#232),#110,.F.);
#2678=ADVANCED_FACE('',(#233),#2565,.F.);
#2679=ADVANCED_FACE('',(#234),#111,.F.);
#2680=ADVANCED_FACE('',(#235),#2566,.F.);
#2681=ADVANCED_FACE('',(#236),#112,.F.);
#2682=ADVANCED_FACE('',(#237),#113,.F.);
#2683=ADVANCED_FACE('',(#238),#114,.F.);
#2684=ADVANCED_FACE('',(#239),#115,.F.);
#2685=ADVANCED_FACE('',(#240),#116,.F.);
#2686=ADVANCED_FACE('',(#241),#2567,.F.);
#2687=ADVANCED_FACE('',(#242),#2568,.F.);
#2688=ADVANCED_FACE('',(#243),#2569,.F.);
#2689=ADVANCED_FACE('',(#244),#2570,.F.);
#2690=ADVANCED_FACE('',(#245),#15,.F.);
#2691=ADVANCED_FACE('',(#246,#37,#38,#39,#40),#117,.T.);
#2692=ADVANCED_FACE('',(#247),#2571,.T.);
#2693=ADVANCED_FACE('',(#248),#16,.F.);
#2694=ADVANCED_FACE('',(#249),#2572,.T.);
#2695=ADVANCED_FACE('',(#250),#17,.F.);
#2696=ADVANCED_FACE('',(#251),#2573,.T.);
#2697=ADVANCED_FACE('',(#252),#18,.F.);
#2698=ADVANCED_FACE('',(#253),#2574,.T.);
#2699=ADVANCED_FACE('',(#254,#41),#118,.T.);
#2700=ADVANCED_FACE('',(#255,#42),#119,.T.);
#2701=ADVANCED_FACE('',(#256,#43),#120,.T.);
#2702=ADVANCED_FACE('',(#257,#44),#121,.T.);
#2703=ADVANCED_FACE('',(#258),#122,.F.);
#2704=ADVANCED_FACE('',(#259),#123,.F.);
#2705=ADVANCED_FACE('',(#260),#124,.F.);
#2706=ADVANCED_FACE('',(#261),#125,.F.);
#2707=ADVANCED_FACE('',(#262,#45,#46,#47,#48,#49,#50),#126,.T.);
#2708=ADVANCED_FACE('',(#263,#51,#52),#127,.T.);
#2709=ADVANCED_FACE('',(#264,#53,#54,#55,#56,#57,#58),#128,.T.);
#2710=ADVANCED_FACE('',(#265,#59,#60,#61,#62),#129,.F.);
#2711=CLOSED_SHELL('',(#2575,#2576,#2577,#2578,#2579,#2580,#2581,#2582,
#2583,#2584,#2585,#2586,#2587,#2588,#2589,#2590,#2591,#2592,#2593,#2594,
#2595,#2596,#2597,#2598,#2599,#2600,#2601,#2602,#2603,#2604,#2605,#2606,
#2607,#2608,#2609,#2610,#2611,#2612,#2613,#2614,#2615,#2616,#2617,#2618,
#2619,#2620,#2621,#2622,#2623,#2624,#2625,#2626,#2627,#2628,#2629,#2630,
#2631,#2632,#2633,#2634,#2635,#2636,#2637,#2638,#2639,#2640,#2641,#2642,
#2643,#2644,#2645,#2646,#2647,#2648,#2649,#2650,#2651,#2652,#2653,#2654,
#2655,#2656,#2657,#2658,#2659,#2660,#2661,#2662,#2663,#2664,#2665,#2666,
#2667,#2668,#2669,#2670,#2671,#2672,#2673,#2674,#2675,#2676,#2677,#2678,
#2679,#2680,#2681,#2682,#2683,#2684,#2685,#2686,#2687,#2688,#2689,#2690,
#2691,#2692,#2693,#2694,#2695,#2696,#2697,#2698,#2699,#2700,#2701,#2702,
#2703,#2704,#2705,#2706,#2707,#2708,#2709,#2710));
#2712=DERIVED_UNIT_ELEMENT(#2714,1.);
#2713=DERIVED_UNIT_ELEMENT(#4773,-3.);
#2714=(
MASS_UNIT()
NAMED_UNIT(*)
SI_UNIT(.KILO.,.GRAM.)
);
#2715=DERIVED_UNIT((#2712,#2713));
#2716=MEASURE_REPRESENTATION_ITEM('density measure',
POSITIVE_RATIO_MEASURE(7850.),#2715);
#2717=PROPERTY_DEFINITION_REPRESENTATION(#2722,#2719);
#2718=PROPERTY_DEFINITION_REPRESENTATION(#2723,#2720);
#2719=REPRESENTATION('material name',(#2721),#4770);
#2720=REPRESENTATION('density',(#2716),#4770);
#2721=DESCRIPTIVE_REPRESENTATION_ITEM('Steel','Steel');
#2722=PROPERTY_DEFINITION('material property','material name',#4780);
#2723=PROPERTY_DEFINITION('material property','density of part',#4780);
#2724=AXIS2_PLACEMENT_3D('',#3771,#2993,#2994);
#2725=AXIS2_PLACEMENT_3D('',#3772,#2995,#2996);
#2726=AXIS2_PLACEMENT_3D('',#3775,#2997,#2998);
#2727=AXIS2_PLACEMENT_3D('',#3790,#3001,#3002);
#2728=AXIS2_PLACEMENT_3D('',#3795,#3005,#3006);
#2729=AXIS2_PLACEMENT_3D('',#3796,#3007,#3008);
#2730=AXIS2_PLACEMENT_3D('',#3812,#3010,#3011);
#2731=AXIS2_PLACEMENT_3D('',#3814,#3013,#3014);
#2732=AXIS2_PLACEMENT_3D('',#3816,#3015,#3016);
#2733=AXIS2_PLACEMENT_3D('',#3820,#3019,#3020);
#2734=AXIS2_PLACEMENT_3D('',#3865,#3024,#3025);
#2735=AXIS2_PLACEMENT_3D('',#3866,#3026,#3027);
#2736=AXIS2_PLACEMENT_3D('',#3868,#3028,#3029);
#2737=AXIS2_PLACEMENT_3D('',#3871,#3031,#3032);
#2738=AXIS2_PLACEMENT_3D('',#3872,#3033,#3034);
#2739=AXIS2_PLACEMENT_3D('',#3875,#3036,#3037);
#2740=AXIS2_PLACEMENT_3D('',#3876,#3038,#3039);
#2741=AXIS2_PLACEMENT_3D('',#3879,#3041,#3042);
#2742=AXIS2_PLACEMENT_3D('',#3882,#3044,#3045);
#2743=AXIS2_PLACEMENT_3D('',#3883,#3046,#3047);
#2744=AXIS2_PLACEMENT_3D('',#3885,#3049,#3050);
#2745=AXIS2_PLACEMENT_3D('',#3888,#3051,#3052);
#2746=AXIS2_PLACEMENT_3D('',#3892,#3054,#3055);
#2747=AXIS2_PLACEMENT_3D('',#3894,#3057,#3058);
#2748=AXIS2_PLACEMENT_3D('',#3900,#3061,#3062);
#2749=AXIS2_PLACEMENT_3D('',#3902,#3064,#3065);
#2750=AXIS2_PLACEMENT_3D('',#3906,#3067,#3068);
#2751=AXIS2_PLACEMENT_3D('',#3910,#3070,#3071);
#2752=AXIS2_PLACEMENT_3D('',#3913,#3073,#3074);
#2753=AXIS2_PLACEMENT_3D('',#3915,#3075,#3076);
#2754=AXIS2_PLACEMENT_3D('',#3916,#3077,#3078);
#2755=AXIS2_PLACEMENT_3D('',#3919,#3079,#3080);
#2756=AXIS2_PLACEMENT_3D('',#3922,#3083,#3084);
#2757=AXIS2_PLACEMENT_3D('',#3926,#3086,#3087);
#2758=AXIS2_PLACEMENT_3D('',#3928,#3089,#3090);
#2759=AXIS2_PLACEMENT_3D('',#3941,#3092,#3093);
#2760=AXIS2_PLACEMENT_3D('',#3954,#3095,#3096);
#2761=AXIS2_PLACEMENT_3D('',#3989,#3100,#3101);
#2762=AXIS2_PLACEMENT_3D('',#3990,#3102,#3103);
#2763=AXIS2_PLACEMENT_3D('',#3992,#3105,#3106);
#2764=AXIS2_PLACEMENT_3D('',#3994,#3108,#3109);
#2765=AXIS2_PLACEMENT_3D('',#3995,#3110,#3111);
#2766=AXIS2_PLACEMENT_3D('',#3997,#3113,#3114);
#2767=AXIS2_PLACEMENT_3D('',#3998,#3115,#3116);
#2768=AXIS2_PLACEMENT_3D('',#4001,#3117,#3118);
#2769=AXIS2_PLACEMENT_3D('',#4016,#3121,#3122);
#2770=AXIS2_PLACEMENT_3D('',#4023,#3126,#3127);
#2771=AXIS2_PLACEMENT_3D('',#4024,#3128,#3129);
#2772=AXIS2_PLACEMENT_3D('',#4040,#3131,#3132);
#2773=AXIS2_PLACEMENT_3D('',#4042,#3134,#3135);
#2774=AXIS2_PLACEMENT_3D('',#4044,#3136,#3137);
#2775=AXIS2_PLACEMENT_3D('',#4050,#3141,#3142);
#2776=AXIS2_PLACEMENT_3D('',#4063,#3145,#3146);
#2777=AXIS2_PLACEMENT_3D('',#4080,#3147,#3148);
#2778=AXIS2_PLACEMENT_3D('',#4104,#3151,#3152);
#2779=AXIS2_PLACEMENT_3D('',#4105,#3153,#3154);
#2780=AXIS2_PLACEMENT_3D('',#4106,#3155,#3156);
#2781=AXIS2_PLACEMENT_3D('',#4107,#3157,#3158);
#2782=AXIS2_PLACEMENT_3D('',#4110,#3159,#3160);
#2783=AXIS2_PLACEMENT_3D('',#4125,#3163,#3164);
#2784=AXIS2_PLACEMENT_3D('',#4132,#3168,#3169);
#2785=AXIS2_PLACEMENT_3D('',#4133,#3170,#3171);
#2786=AXIS2_PLACEMENT_3D('',#4149,#3173,#3174);
#2787=AXIS2_PLACEMENT_3D('',#4151,#3176,#3177);
#2788=AXIS2_PLACEMENT_3D('',#4153,#3178,#3179);
#2789=AXIS2_PLACEMENT_3D('',#4159,#3183,#3184);
#2790=AXIS2_PLACEMENT_3D('',#4180,#3187,#3188);
#2791=AXIS2_PLACEMENT_3D('',#4189,#3189,#3190);
#2792=AXIS2_PLACEMENT_3D('',#4213,#3193,#3194);
#2793=AXIS2_PLACEMENT_3D('',#4214,#3195,#3196);
#2794=AXIS2_PLACEMENT_3D('',#4215,#3197,#3198);
#2795=AXIS2_PLACEMENT_3D('',#4216,#3199,#3200);
#2796=AXIS2_PLACEMENT_3D('',#4219,#3202,#3203);
#2797=AXIS2_PLACEMENT_3D('',#4220,#3204,#3205);
#2798=AXIS2_PLACEMENT_3D('',#4221,#3206,#3207);
#2799=AXIS2_PLACEMENT_3D('',#4222,#3208,#3209);
#2800=AXIS2_PLACEMENT_3D('',#4226,#3212,#3213);
#2801=AXIS2_PLACEMENT_3D('',#4247,#3225,#3226);
#2802=AXIS2_PLACEMENT_3D('',#4250,#3228,#3229);
#2803=AXIS2_PLACEMENT_3D('',#4251,#3230,#3231);
#2804=AXIS2_PLACEMENT_3D('',#4252,#3232,#3233);
#2805=AXIS2_PLACEMENT_3D('',#4253,#3234,#3235);
#2806=AXIS2_PLACEMENT_3D('',#4255,#3237,#3238);
#2807=AXIS2_PLACEMENT_3D('',#4262,#3242,#3243);
#2808=AXIS2_PLACEMENT_3D('',#4264,#3244,#3245);
#2809=AXIS2_PLACEMENT_3D('',#4266,#3246,#3247);
#2810=AXIS2_PLACEMENT_3D('',#4271,#3249,#3250);
#2811=AXIS2_PLACEMENT_3D('',#4274,#3252,#3253);
#2812=AXIS2_PLACEMENT_3D('',#4283,#3258,#3259);
#2813=AXIS2_PLACEMENT_3D('',#4285,#3260,#3261);
#2814=AXIS2_PLACEMENT_3D('',#4287,#3263,#3264);
#2815=AXIS2_PLACEMENT_3D('',#4289,#3265,#3266);
#2816=AXIS2_PLACEMENT_3D('',#4291,#3268,#3269);
#2817=AXIS2_PLACEMENT_3D('',#4293,#3270,#3271);
#2818=AXIS2_PLACEMENT_3D('',#4295,#3273,#3274);
#2819=AXIS2_PLACEMENT_3D('',#4301,#3278,#3279);
#2820=AXIS2_PLACEMENT_3D('',#4303,#3280,#3281);
#2821=AXIS2_PLACEMENT_3D('',#4305,#3283,#3284);
#2822=AXIS2_PLACEMENT_3D('',#4309,#3287,#3288);
#2823=AXIS2_PLACEMENT_3D('',#4310,#3289,#3290);
#2824=AXIS2_PLACEMENT_3D('',#4311,#3291,#3292);
#2825=AXIS2_PLACEMENT_3D('',#4329,#3302,#3303);
#2826=AXIS2_PLACEMENT_3D('',#4332,#3304,#3305);
#2827=AXIS2_PLACEMENT_3D('',#4336,#3307,#3308);
#2828=AXIS2_PLACEMENT_3D('',#4338,#3310,#3311);
#2829=AXIS2_PLACEMENT_3D('',#4341,#3313,#3314);
#2830=AXIS2_PLACEMENT_3D('',#4343,#3315,#3316);
#2831=AXIS2_PLACEMENT_3D('',#4347,#3318,#3319);
#2832=AXIS2_PLACEMENT_3D('',#4352,#3323,#3324);
#2833=AXIS2_PLACEMENT_3D('',#4356,#3327,#3328);
#2834=AXIS2_PLACEMENT_3D('',#4357,#3329,#3330);
#2835=AXIS2_PLACEMENT_3D('',#4358,#3331,#3332);
#2836=AXIS2_PLACEMENT_3D('',#4360,#3333,#3334);
#2837=AXIS2_PLACEMENT_3D('',#4362,#3336,#3337);
#2838=AXIS2_PLACEMENT_3D('',#4374,#3344,#3345);
#2839=AXIS2_PLACEMENT_3D('',#4376,#3346,#3347);
#2840=AXIS2_PLACEMENT_3D('',#4378,#3349,#3350);
#2841=AXIS2_PLACEMENT_3D('',#4381,#3351,#3352);
#2842=AXIS2_PLACEMENT_3D('',#4385,#3354,#3355);
#2843=AXIS2_PLACEMENT_3D('',#4387,#3357,#3358);
#2844=AXIS2_PLACEMENT_3D('',#4393,#3362,#3363);
#2845=AXIS2_PLACEMENT_3D('',#4396,#3364,#3365);
#2846=AXIS2_PLACEMENT_3D('',#4400,#3367,#3368);
#2847=AXIS2_PLACEMENT_3D('',#4402,#3370,#3371);
#2848=AXIS2_PLACEMENT_3D('',#4408,#3375,#3376);
#2849=AXIS2_PLACEMENT_3D('',#4411,#3377,#3378);
#2850=AXIS2_PLACEMENT_3D('',#4415,#3380,#3381);
#2851=AXIS2_PLACEMENT_3D('',#4417,#3383,#3384);
#2852=AXIS2_PLACEMENT_3D('',#4423,#3388,#3389);
#2853=AXIS2_PLACEMENT_3D('',#4426,#3390,#3391);
#2854=AXIS2_PLACEMENT_3D('',#4430,#3393,#3394);
#2855=AXIS2_PLACEMENT_3D('',#4432,#3396,#3397);
#2856=AXIS2_PLACEMENT_3D('',#4438,#3401,#3402);
#2857=AXIS2_PLACEMENT_3D('',#4441,#3403,#3404);
#2858=AXIS2_PLACEMENT_3D('',#4445,#3406,#3407);
#2859=AXIS2_PLACEMENT_3D('',#4447,#3409,#3410);
#2860=AXIS2_PLACEMENT_3D('',#4453,#3414,#3415);
#2861=AXIS2_PLACEMENT_3D('',#4455,#3416,#3417);
#2862=AXIS2_PLACEMENT_3D('',#4458,#3419,#3420);
#2863=AXIS2_PLACEMENT_3D('',#4459,#3421,#3422);
#2864=AXIS2_PLACEMENT_3D('',#4465,#3426,#3427);
#2865=AXIS2_PLACEMENT_3D('',#4467,#3428,#3429);
#2866=AXIS2_PLACEMENT_3D('',#4470,#3431,#3432);
#2867=AXIS2_PLACEMENT_3D('',#4471,#3433,#3434);
#2868=AXIS2_PLACEMENT_3D('',#4477,#3438,#3439);
#2869=AXIS2_PLACEMENT_3D('',#4479,#3440,#3441);
#2870=AXIS2_PLACEMENT_3D('',#4482,#3443,#3444);
#2871=AXIS2_PLACEMENT_3D('',#4483,#3445,#3446);
#2872=AXIS2_PLACEMENT_3D('',#4489,#3450,#3451);
#2873=AXIS2_PLACEMENT_3D('',#4491,#3452,#3453);
#2874=AXIS2_PLACEMENT_3D('',#4494,#3455,#3456);
#2875=AXIS2_PLACEMENT_3D('',#4495,#3457,#3458);
#2876=AXIS2_PLACEMENT_3D('',#4501,#3462,#3463);
#2877=AXIS2_PLACEMENT_3D('',#4503,#3464,#3465);
#2878=AXIS2_PLACEMENT_3D('',#4506,#3467,#3468);
#2879=AXIS2_PLACEMENT_3D('',#4507,#3469,#3470);
#2880=AXIS2_PLACEMENT_3D('',#4513,#3474,#3475);
#2881=AXIS2_PLACEMENT_3D('',#4515,#3476,#3477);
#2882=AXIS2_PLACEMENT_3D('',#4518,#3479,#3480);
#2883=AXIS2_PLACEMENT_3D('',#4519,#3481,#3482);
#2884=AXIS2_PLACEMENT_3D('',#4525,#3486,#3487);
#2885=AXIS2_PLACEMENT_3D('',#4527,#3488,#3489);
#2886=AXIS2_PLACEMENT_3D('',#4530,#3491,#3492);
#2887=AXIS2_PLACEMENT_3D('',#4531,#3493,#3494);
#2888=AXIS2_PLACEMENT_3D('',#4537,#3498,#3499);
#2889=AXIS2_PLACEMENT_3D('',#4539,#3500,#3501);
#2890=AXIS2_PLACEMENT_3D('',#4542,#3503,#3504);
#2891=AXIS2_PLACEMENT_3D('',#4543,#3505,#3506);
#2892=AXIS2_PLACEMENT_3D('',#4549,#3510,#3511);
#2893=AXIS2_PLACEMENT_3D('',#4551,#3512,#3513);
#2894=AXIS2_PLACEMENT_3D('',#4554,#3515,#3516);
#2895=AXIS2_PLACEMENT_3D('',#4555,#3517,#3518);
#2896=AXIS2_PLACEMENT_3D('',#4561,#3522,#3523);
#2897=AXIS2_PLACEMENT_3D('',#4563,#3524,#3525);
#2898=AXIS2_PLACEMENT_3D('',#4566,#3527,#3528);
#2899=AXIS2_PLACEMENT_3D('',#4567,#3529,#3530);
#2900=AXIS2_PLACEMENT_3D('',#4573,#3534,#3535);
#2901=AXIS2_PLACEMENT_3D('',#4575,#3536,#3537);
#2902=AXIS2_PLACEMENT_3D('',#4578,#3539,#3540);
#2903=AXIS2_PLACEMENT_3D('',#4579,#3541,#3542);
#2904=AXIS2_PLACEMENT_3D('',#4582,#3545,#3546);
#2905=AXIS2_PLACEMENT_3D('',#4584,#3547,#3548);
#2906=AXIS2_PLACEMENT_3D('',#4587,#3550,#3551);
#2907=AXIS2_PLACEMENT_3D('',#4588,#3552,#3553);
#2908=AXIS2_PLACEMENT_3D('',#4591,#3556,#3557);
#2909=AXIS2_PLACEMENT_3D('',#4593,#3558,#3559);
#2910=AXIS2_PLACEMENT_3D('',#4596,#3561,#3562);
#2911=AXIS2_PLACEMENT_3D('',#4597,#3563,#3564);
#2912=AXIS2_PLACEMENT_3D('',#4600,#3567,#3568);
#2913=AXIS2_PLACEMENT_3D('',#4602,#3569,#3570);
#2914=AXIS2_PLACEMENT_3D('',#4605,#3572,#3573);
#2915=AXIS2_PLACEMENT_3D('',#4606,#3574,#3575);
#2916=AXIS2_PLACEMENT_3D('',#4609,#3578,#3579);
#2917=AXIS2_PLACEMENT_3D('',#4611,#3580,#3581);
#2918=AXIS2_PLACEMENT_3D('',#4614,#3583,#3584);
#2919=AXIS2_PLACEMENT_3D('',#4615,#3585,#3586);
#2920=AXIS2_PLACEMENT_3D('',#4618,#3589,#3590);
#2921=AXIS2_PLACEMENT_3D('',#4621,#3591,#3592);
#2922=AXIS2_PLACEMENT_3D('',#4625,#3594,#3595);
#2923=AXIS2_PLACEMENT_3D('',#4627,#3597,#3598);
#2924=AXIS2_PLACEMENT_3D('',#4633,#3602,#3603);
#2925=AXIS2_PLACEMENT_3D('',#4636,#3604,#3605);
#2926=AXIS2_PLACEMENT_3D('',#4640,#3607,#3608);
#2927=AXIS2_PLACEMENT_3D('',#4642,#3610,#3611);
#2928=AXIS2_PLACEMENT_3D('',#4645,#3614,#3615);
#2929=AXIS2_PLACEMENT_3D('',#4647,#3616,#3617);
#2930=AXIS2_PLACEMENT_3D('',#4650,#3619,#3620);
#2931=AXIS2_PLACEMENT_3D('',#4651,#3621,#3622);
#2932=AXIS2_PLACEMENT_3D('',#4657,#3626,#3627);
#2933=AXIS2_PLACEMENT_3D('',#4659,#3628,#3629);
#2934=AXIS2_PLACEMENT_3D('',#4662,#3631,#3632);
#2935=AXIS2_PLACEMENT_3D('',#4663,#3633,#3634);
#2936=AXIS2_PLACEMENT_3D('',#4666,#3637,#3638);
#2937=AXIS2_PLACEMENT_3D('',#4669,#3641,#3642);
#2938=AXIS2_PLACEMENT_3D('',#4671,#3644,#3645);
#2939=AXIS2_PLACEMENT_3D('',#4673,#3647,#3648);
#2940=AXIS2_PLACEMENT_3D('',#4674,#3649,#3650);
#2941=AXIS2_PLACEMENT_3D('',#4676,#3651,#3652);
#2942=AXIS2_PLACEMENT_3D('',#4679,#3654,#3655);
#2943=AXIS2_PLACEMENT_3D('',#4680,#3656,#3657);
#2944=AXIS2_PLACEMENT_3D('',#4682,#3658,#3659);
#2945=AXIS2_PLACEMENT_3D('',#4685,#3661,#3662);
#2946=AXIS2_PLACEMENT_3D('',#4686,#3663,#3664);
#2947=AXIS2_PLACEMENT_3D('',#4688,#3665,#3666);
#2948=AXIS2_PLACEMENT_3D('',#4691,#3668,#3669);
#2949=AXIS2_PLACEMENT_3D('',#4692,#3670,#3671);
#2950=AXIS2_PLACEMENT_3D('',#4694,#3672,#3673);
#2951=AXIS2_PLACEMENT_3D('',#4697,#3675,#3676);
#2952=AXIS2_PLACEMENT_3D('',#4698,#3677,#3678);
#2953=AXIS2_PLACEMENT_3D('',#4701,#3679,#3680);
#2954=AXIS2_PLACEMENT_3D('',#4703,#3681,#3682);
#2955=AXIS2_PLACEMENT_3D('',#4704,#3683,#3684);
#2956=AXIS2_PLACEMENT_3D('',#4705,#3685,#3686);
#2957=AXIS2_PLACEMENT_3D('',#4706,#3687,#3688);
#2958=AXIS2_PLACEMENT_3D('',#4711,#3691,#3692);
#2959=AXIS2_PLACEMENT_3D('',#4713,#3693,#3694);
#2960=AXIS2_PLACEMENT_3D('',#4715,#3695,#3696);
#2961=AXIS2_PLACEMENT_3D('',#4716,#3697,#3698);
#2962=AXIS2_PLACEMENT_3D('',#4718,#3699,#3700);
#2963=AXIS2_PLACEMENT_3D('',#4720,#3702,#3703);
#2964=AXIS2_PLACEMENT_3D('',#4723,#3704,#3705);
#2965=AXIS2_PLACEMENT_3D('',#4724,#3706,#3707);
#2966=AXIS2_PLACEMENT_3D('',#4725,#3708,#3709);
#2967=AXIS2_PLACEMENT_3D('',#4726,#3710,#3711);
#2968=AXIS2_PLACEMENT_3D('',#4728,#3712,#3713);
#2969=AXIS2_PLACEMENT_3D('',#4730,#3715,#3716);
#2970=AXIS2_PLACEMENT_3D('',#4733,#3717,#3718);
#2971=AXIS2_PLACEMENT_3D('',#4734,#3719,#3720);
#2972=AXIS2_PLACEMENT_3D('',#4735,#3721,#3722);
#2973=AXIS2_PLACEMENT_3D('',#4736,#3723,#3724);
#2974=AXIS2_PLACEMENT_3D('',#4738,#3725,#3726);
#2975=AXIS2_PLACEMENT_3D('',#4740,#3728,#3729);
#2976=AXIS2_PLACEMENT_3D('',#4743,#3730,#3731);
#2977=AXIS2_PLACEMENT_3D('',#4744,#3732,#3733);
#2978=AXIS2_PLACEMENT_3D('',#4745,#3734,#3735);
#2979=AXIS2_PLACEMENT_3D('',#4746,#3736,#3737);
#2980=AXIS2_PLACEMENT_3D('',#4748,#3738,#3739);
#2981=AXIS2_PLACEMENT_3D('',#4750,#3741,#3742);
#2982=AXIS2_PLACEMENT_3D('',#4751,#3743,#3744);
#2983=AXIS2_PLACEMENT_3D('',#4752,#3745,#3746);
#2984=AXIS2_PLACEMENT_3D('',#4753,#3747,#3748);
#2985=AXIS2_PLACEMENT_3D('',#4754,#3749,#3750);
#2986=AXIS2_PLACEMENT_3D('',#4757,#3753,#3754);
#2987=AXIS2_PLACEMENT_3D('',#4759,#3756,#3757);
#2988=AXIS2_PLACEMENT_3D('',#4761,#3759,#3760);
#2989=AXIS2_PLACEMENT_3D('',#4762,#3761,#3762);
#2990=AXIS2_PLACEMENT_3D('',#4764,#3764,#3765);
#2991=AXIS2_PLACEMENT_3D('',#4765,#3766,#3767);
#2992=AXIS2_PLACEMENT_3D('',#4767,#3769,#3770);
#2993=DIRECTION('axis',(0.,0.,1.));
#2994=DIRECTION('refdir',(1.,0.,0.));
#2995=DIRECTION('center_axis',(0.,0.,-1.));
#2996=DIRECTION('ref_axis',(-0.707106781186543,0.707106781186552,0.));
#2997=DIRECTION('center_axis',(0.,0.,1.));
#2998=DIRECTION('ref_axis',(-0.707106781186543,0.707106781186552,0.));
#2999=DIRECTION('',(0.,0.,-1.));
#3000=DIRECTION('',(0.,0.,1.));
#3001=DIRECTION('center_axis',(1.,0.,0.));
#3002=DIRECTION('ref_axis',(0.,-1.,0.));
#3003=DIRECTION('',(0.,-1.,0.));
#3004=DIRECTION('',(0.,0.,1.));
#3005=DIRECTION('center_axis',(1.,0.,0.));
#3006=DIRECTION('ref_axis',(0.,0.707106781186548,0.707106781186548));
#3007=DIRECTION('center_axis',(0.,0.,1.));
#3008=DIRECTION('ref_axis',(0.707106781186543,0.707106781186552,0.));
#3009=DIRECTION('',(0.,0.,1.));
#3010=DIRECTION('center_axis',(0.,0.,1.));
#3011=DIRECTION('ref_axis',(0.707106781186543,0.707106781186552,0.));
#3012=DIRECTION('',(0.,0.,-1.));
#3013=DIRECTION('center_axis',(-1.,0.,0.));
#3014=DIRECTION('ref_axis',(0.,1.,0.));
#3015=DIRECTION('center_axis',(-1.,0.,0.));
#3016=DIRECTION('ref_axis',(0.,0.707106781186548,0.707106781186548));
#3017=DIRECTION('',(0.,0.,-1.));
#3018=DIRECTION('',(0.,1.,0.));
#3019=DIRECTION('center_axis',(-1.,0.,0.));
#3020=DIRECTION('ref_axis',(0.,0.707106781186548,0.707106781186548));
#3021=DIRECTION('',(1.,0.,0.));
#3022=DIRECTION('',(-1.,0.,0.));
#3023=DIRECTION('',(-1.,0.,0.));
#3024=DIRECTION('center_axis',(0.,0.,1.));
#3025=DIRECTION('ref_axis',(-1.,0.,0.));
#3026=DIRECTION('center_axis',(0.,0.,1.));
#3027=DIRECTION('ref_axis',(-1.,0.,0.));
#3028=DIRECTION('center_axis',(0.,0.,1.));
#3029=DIRECTION('ref_axis',(0.707106781186544,-0.707106781186551,0.));
#3030=DIRECTION('',(-1.,0.,0.));
#3031=DIRECTION('center_axis',(0.,0.,1.));
#3032=DIRECTION('ref_axis',(-0.707106781186548,-0.707106781186548,0.));
#3033=DIRECTION('center_axis',(0.,0.,-1.));
#3034=DIRECTION('ref_axis',(-0.707106781186548,-0.707106781186548,0.));
#3035=DIRECTION('',(0.,0.,1.));
#3036=DIRECTION('center_axis',(0.,0.,-1.));
#3037=DIRECTION('ref_axis',(-0.707106781186548,-0.707106781186548,0.));
#3038=DIRECTION('center_axis',(0.,0.,1.));
#3039=DIRECTION('ref_axis',(-1.,0.,0.));
#3040=DIRECTION('',(-1.,0.,0.));
#3041=DIRECTION('center_axis',(0.,0.,-1.));
#3042=DIRECTION('ref_axis',(0.707106781186544,-0.707106781186551,0.));
#3043=DIRECTION('',(1.,0.,0.));
#3044=DIRECTION('center_axis',(0.,0.,-1.));
#3045=DIRECTION('ref_axis',(-1.,0.,0.));
#3046=DIRECTION('center_axis',(0.,0.,-1.));
#3047=DIRECTION('ref_axis',(0.707106781186544,-0.707106781186551,0.));
#3048=DIRECTION('',(0.,0.,-1.));
#3049=DIRECTION('center_axis',(0.,0.,-1.));
#3050=DIRECTION('ref_axis',(-0.707106781186548,-0.707106781186548,0.));
#3051=DIRECTION('center_axis',(0.,0.,1.));
#3052=DIRECTION('ref_axis',(-0.707106781186548,-0.707106781186548,0.));
#3053=DIRECTION('',(0.,0.,1.));
#3054=DIRECTION('center_axis',(0.,0.,-1.));
#3055=DIRECTION('ref_axis',(-0.707106781186548,-0.707106781186548,0.));
#3056=DIRECTION('',(0.,0.,-1.));
#3057=DIRECTION('center_axis',(-1.,0.,0.));
#3058=DIRECTION('ref_axis',(0.,1.,0.));
#3059=DIRECTION('',(0.,1.,0.));
#3060=DIRECTION('',(0.,0.,1.));
#3061=DIRECTION('center_axis',(-1.,0.,0.));
#3062=DIRECTION('ref_axis',(0.,0.707106781186548,0.707106781186548));
#3063=DIRECTION('',(0.,1.,0.));
#3064=DIRECTION('center_axis',(0.,0.,1.));
#3065=DIRECTION('ref_axis',(-1.,0.,0.));
#3066=DIRECTION('',(-1.,0.,0.));
#3067=DIRECTION('center_axis',(0.,0.,-1.));
#3068=DIRECTION('ref_axis',(0.707106781186552,-0.707106781186543,0.));
#3069=DIRECTION('',(0.,-1.,0.));
#3070=DIRECTION('center_axis',(0.,0.,1.));
#3071=DIRECTION('ref_axis',(-0.707106781186548,0.707106781186548,0.));
#3072=DIRECTION('',(1.,0.,0.));
#3073=DIRECTION('center_axis',(0.,0.,1.));
#3074=DIRECTION('ref_axis',(0.707106781186548,0.707106781186548,0.));
#3075=DIRECTION('center_axis',(0.,0.,-1.));
#3076=DIRECTION('ref_axis',(-1.,0.,0.));
#3077=DIRECTION('center_axis',(0.,0.,-1.));
#3078=DIRECTION('ref_axis',(0.707106781186552,-0.707106781186543,0.));
#3079=DIRECTION('center_axis',(0.,0.,1.));
#3080=DIRECTION('ref_axis',(0.707106781186552,-0.707106781186543,0.));
#3081=DIRECTION('',(0.,0.,1.));
#3082=DIRECTION('',(0.,0.,-1.));
#3083=DIRECTION('center_axis',(1.,0.,0.));
#3084=DIRECTION('ref_axis',(0.,-1.,0.));
#3085=DIRECTION('',(0.,-1.,0.));
#3086=DIRECTION('center_axis',(1.,0.,0.));
#3087=DIRECTION('ref_axis',(0.,0.707106781186548,0.707106781186548));
#3088=DIRECTION('',(0.,0.,-1.));
#3089=DIRECTION('center_axis',(0.,0.,1.));
#3090=DIRECTION('ref_axis',(0.707106781186548,0.707106781186548,0.));
#3091=DIRECTION('',(0.,0.,-1.));
#3092=DIRECTION('center_axis',(0.,0.,-1.));
#3093=DIRECTION('ref_axis',(-0.707106781186548,0.707106781186548,0.));
#3094=DIRECTION('',(0.,0.,1.));
#3095=DIRECTION('center_axis',(-1.,0.,0.));
#3096=DIRECTION('ref_axis',(0.,0.707106781186548,0.707106781186548));
#3097=DIRECTION('',(-1.,0.,0.));
#3098=DIRECTION('',(1.,0.,0.));
#3099=DIRECTION('',(-1.,0.,0.));
#3100=DIRECTION('center_axis',(0.,0.,1.));
#3101=DIRECTION('ref_axis',(-1.,0.,0.));
#3102=DIRECTION('center_axis',(0.,0.,1.));
#3103=DIRECTION('ref_axis',(-1.,0.,0.));
#3104=DIRECTION('',(-1.,0.,0.));
#3105=DIRECTION('center_axis',(0.,0.,-1.));
#3106=DIRECTION('ref_axis',(-1.,0.,0.));
#3107=DIRECTION('',(0.,0.,1.));
#3108=DIRECTION('center_axis',(0.,-1.,0.));
#3109=DIRECTION('ref_axis',(-1.,0.,0.));
#3110=DIRECTION('center_axis',(0.,0.,-1.));
#3111=DIRECTION('ref_axis',(-1.,0.,0.));
#3112=DIRECTION('',(0.,0.,1.));
#3113=DIRECTION('center_axis',(0.,-1.,0.));
#3114=DIRECTION('ref_axis',(-1.,0.,0.));
#3115=DIRECTION('center_axis',(0.,0.,-1.));
#3116=DIRECTION('ref_axis',(-0.70710678118655,-0.707106781186545,0.));
#3117=DIRECTION('center_axis',(0.,0.,1.));
#3118=DIRECTION('ref_axis',(-0.70710678118655,-0.707106781186545,0.));
#3119=DIRECTION('',(0.,0.,-1.));
#3120=DIRECTION('',(0.,0.,1.));
#3121=DIRECTION('center_axis',(0.,1.,0.));
#3122=DIRECTION('ref_axis',(1.,0.,0.));
#3123=DIRECTION('',(-1.,0.,0.));
#3124=DIRECTION('',(0.,0.,-1.));
#3125=DIRECTION('',(1.,0.,0.));
#3126=DIRECTION('center_axis',(0.,1.,0.));
#3127=DIRECTION('ref_axis',(-0.707106781186548,0.,0.707106781186548));
#3128=DIRECTION('center_axis',(0.,0.,1.));
#3129=DIRECTION('ref_axis',(-0.707106781186548,-0.707106781186548,0.));
#3130=DIRECTION('',(0.,0.,1.));
#3131=DIRECTION('center_axis',(0.,0.,1.));
#3132=DIRECTION('ref_axis',(-0.707106781186548,-0.707106781186548,0.));
#3133=DIRECTION('',(0.,0.,-1.));
#3134=DIRECTION('center_axis',(1.,0.,0.));
#3135=DIRECTION('ref_axis',(0.,-1.,0.));
#3136=DIRECTION('center_axis',(1.,0.,0.));
#3137=DIRECTION('ref_axis',(0.,-0.707106781186548,0.707106781186548));
#3138=DIRECTION('',(0.,-1.,0.));
#3139=DIRECTION('',(0.,0.,-1.));
#3140=DIRECTION('',(0.,1.,0.));
#3141=DIRECTION('center_axis',(1.,0.,0.));
#3142=DIRECTION('ref_axis',(0.,-0.707106781186548,0.707106781186548));
#3143=DIRECTION('',(1.,0.,0.));
#3144=DIRECTION('',(-1.,0.,0.));
#3145=DIRECTION('center_axis',(-0.707106781186548,0.707106781186548,0.));
#3146=DIRECTION('ref_axis',(-0.707106781186547,-0.707106781186547,0.));
#3147=DIRECTION('center_axis',(0.,-1.,0.));
#3148=DIRECTION('ref_axis',(-0.707106781186548,0.,0.707106781186548));
#3149=DIRECTION('',(0.,1.,0.));
#3150=DIRECTION('',(0.,-1.,0.));
#3151=DIRECTION('center_axis',(0.,0.,1.));
#3152=DIRECTION('ref_axis',(-1.,0.,0.));
#3153=DIRECTION('center_axis',(0.,0.,1.));
#3154=DIRECTION('ref_axis',(-1.,0.,0.));
#3155=DIRECTION('center_axis',(0.,0.,-1.));
#3156=DIRECTION('ref_axis',(1.,-5.07530525542932E-15,0.));
#3157=DIRECTION('center_axis',(0.,0.,-1.));
#3158=DIRECTION('ref_axis',(0.707106781186545,-0.70710678118655,0.));
#3159=DIRECTION('center_axis',(0.,0.,1.));
#3160=DIRECTION('ref_axis',(0.707106781186545,-0.70710678118655,0.));
#3161=DIRECTION('',(0.,0.,-1.));
#3162=DIRECTION('',(0.,0.,1.));
#3163=DIRECTION('center_axis',(-1.,0.,0.));
#3164=DIRECTION('ref_axis',(0.,1.,0.));
#3165=DIRECTION('',(0.,1.,0.));
#3166=DIRECTION('',(0.,0.,-1.));
#3167=DIRECTION('',(0.,1.,0.));
#3168=DIRECTION('center_axis',(-1.,0.,0.));
#3169=DIRECTION('ref_axis',(0.,-0.707106781186548,0.707106781186548));
#3170=DIRECTION('center_axis',(0.,0.,1.));
#3171=DIRECTION('ref_axis',(0.707106781186543,-0.707106781186552,0.));
#3172=DIRECTION('',(0.,0.,1.));
#3173=DIRECTION('center_axis',(0.,0.,1.));
#3174=DIRECTION('ref_axis',(0.707106781186543,-0.707106781186552,0.));
#3175=DIRECTION('',(0.,0.,-1.));
#3176=DIRECTION('center_axis',(-5.46571335200078E-15,1.,0.));
#3177=DIRECTION('ref_axis',(1.,5.46571335200078E-15,0.));
#3178=DIRECTION('center_axis',(-5.46571335200078E-15,1.,0.));
#3179=DIRECTION('ref_axis',(0.707106781186548,0.,0.707106781186548));
#3180=DIRECTION('',(1.,5.46571335200078E-15,0.));
#3181=DIRECTION('',(0.,0.,-1.));
#3182=DIRECTION('',(1.,5.46571335200078E-15,0.));
#3183=DIRECTION('center_axis',(0.,1.,0.));
#3184=DIRECTION('ref_axis',(0.707106781186548,0.,0.707106781186548));
#3185=DIRECTION('',(0.,1.,0.));
#3186=DIRECTION('',(0.,-1.,0.));
#3187=DIRECTION('center_axis',(-0.707106781186547,-0.707106781186548,0.));
#3188=DIRECTION('ref_axis',(0.707106781186548,-0.707106781186547,0.));
#3189=DIRECTION('center_axis',(1.,0.,0.));
#3190=DIRECTION('ref_axis',(0.,-0.707106781186548,0.707106781186548));
#3191=DIRECTION('',(-1.,0.,0.));
#3192=DIRECTION('',(1.,0.,0.));
#3193=DIRECTION('center_axis',(0.,0.,1.));
#3194=DIRECTION('ref_axis',(-1.,0.,0.));
#3195=DIRECTION('center_axis',(0.,0.,1.));
#3196=DIRECTION('ref_axis',(-1.,0.,0.));
#3197=DIRECTION('center_axis',(0.,0.,-1.));
#3198=DIRECTION('ref_axis',(0.,1.,0.));
#3199=DIRECTION('center_axis',(0.,0.,-1.));
#3200=DIRECTION('ref_axis',(-1.,0.,0.));
#3201=DIRECTION('',(0.,0.,1.));
#3202=DIRECTION('center_axis',(0.,0.,-1.));
#3203=DIRECTION('ref_axis',(-1.,0.,0.));
#3204=DIRECTION('center_axis',(0.,0.,-1.));
#3205=DIRECTION('ref_axis',(0.,1.,0.));
#3206=DIRECTION('center_axis',(0.,0.,1.));
#3207=DIRECTION('ref_axis',(0.,1.,0.));
#3208=DIRECTION('center_axis',(0.,0.,1.));
#3209=DIRECTION('ref_axis',(-1.,0.,0.));
#3210=DIRECTION('',(-1.,0.,0.));
#3211=DIRECTION('',(0.,-1.,0.));
#3212=DIRECTION('center_axis',(0.,1.,0.));
#3213=DIRECTION('ref_axis',(-1.,0.,0.));
#3214=DIRECTION('',(-1.,0.,0.));
#3215=DIRECTION('',(0.,0.,1.));
#3216=DIRECTION('',(-1.,0.,0.));
#3217=DIRECTION('',(0.,0.,1.));
#3218=DIRECTION('',(0.,0.,1.));
#3219=DIRECTION('',(1.,0.,0.));
#3220=DIRECTION('',(0.,0.,1.));
#3221=DIRECTION('',(0.,0.,1.));
#3222=DIRECTION('',(-0.999999999999999,0.,-4.01185103087005E-8));
#3223=DIRECTION('',(0.,0.,-1.));
#3224=DIRECTION('',(1.,0.,0.));
#3225=DIRECTION('center_axis',(0.,0.,-1.));
#3226=DIRECTION('ref_axis',(-1.,0.,0.));
#3227=DIRECTION('',(0.,0.,1.));
#3228=DIRECTION('center_axis',(0.,0.,-1.));
#3229=DIRECTION('ref_axis',(-1.,0.,0.));
#3230=DIRECTION('center_axis',(0.,0.,-1.));
#3231=DIRECTION('ref_axis',(1.,-5.07530525542932E-15,0.));
#3232=DIRECTION('center_axis',(0.,0.,1.));
#3233=DIRECTION('ref_axis',(1.,-5.07530525542932E-15,0.));
#3234=DIRECTION('center_axis',(0.,0.,1.));
#3235=DIRECTION('ref_axis',(-1.,0.,0.));
#3236=DIRECTION('',(0.,1.,0.));
#3237=DIRECTION('center_axis',(1.,0.,0.));
#3238=DIRECTION('ref_axis',(0.,1.,0.));
#3239=DIRECTION('',(0.,-1.,0.));
#3240=DIRECTION('',(0.,0.,1.));
#3241=DIRECTION('',(0.,1.,0.));
#3242=DIRECTION('center_axis',(-1.,0.,0.));
#3243=DIRECTION('ref_axis',(0.,-1.,0.));
#3244=DIRECTION('center_axis',(-1.,0.,0.));
#3245=DIRECTION('ref_axis',(0.,-1.,0.));
#3246=DIRECTION('center_axis',(-1.,0.,0.));
#3247=DIRECTION('ref_axis',(0.,-1.,0.));
#3248=DIRECTION('',(0.,0.,-1.));
#3249=DIRECTION('center_axis',(-1.,0.,0.));
#3250=DIRECTION('ref_axis',(0.,-1.,0.));
#3251=DIRECTION('',(0.,-0.000316791126105717,0.99999994982169));
#3252=DIRECTION('center_axis',(-1.,0.,0.));
#3253=DIRECTION('ref_axis',(0.,0.186444627881728,0.982465470504711));
#3254=DIRECTION('',(0.,0.,-1.));
#3255=DIRECTION('',(0.,-1.,0.));
#3256=DIRECTION('',(0.,0.,1.));
#3257=DIRECTION('',(0.,1.,0.));
#3258=DIRECTION('center_axis',(1.,0.,0.));
#3259=DIRECTION('ref_axis',(0.,-1.,0.));
#3260=DIRECTION('center_axis',(1.,0.,0.));
#3261=DIRECTION('ref_axis',(0.,-1.,0.));
#3262=DIRECTION('',(1.,0.,0.));
#3263=DIRECTION('center_axis',(1.,0.,0.));
#3264=DIRECTION('ref_axis',(0.,-1.,0.));
#3265=DIRECTION('center_axis',(1.,0.,0.));
#3266=DIRECTION('ref_axis',(0.,-1.,0.));
#3267=DIRECTION('',(1.,0.,0.));
#3268=DIRECTION('center_axis',(1.,0.,0.));
#3269=DIRECTION('ref_axis',(0.,-1.,0.));
#3270=DIRECTION('center_axis',(1.,0.,0.));
#3271=DIRECTION('ref_axis',(0.,-1.,0.));
#3272=DIRECTION('',(1.,0.,0.));
#3273=DIRECTION('center_axis',(0.,1.,0.));
#3274=DIRECTION('ref_axis',(0.,0.,1.));
#3275=DIRECTION('',(0.,0.,1.));
#3276=DIRECTION('',(1.,0.,0.));
#3277=DIRECTION('',(1.,0.,0.));
#3278=DIRECTION('center_axis',(1.,0.,0.));
#3279=DIRECTION('ref_axis',(0.,-1.,0.));
#3280=DIRECTION('center_axis',(1.,0.,0.));
#3281=DIRECTION('ref_axis',(0.,-1.,0.));
#3282=DIRECTION('',(1.,0.,0.));
#3283=DIRECTION('center_axis',(0.,-0.99999994982169,-0.000316791126105717));
#3284=DIRECTION('ref_axis',(0.,0.000316791126105717,-0.99999994982169));
#3285=DIRECTION('',(0.,0.000316791126105717,-0.99999994982169));
#3286=DIRECTION('',(1.,0.,0.));
#3287=DIRECTION('center_axis',(1.,0.,0.));
#3288=DIRECTION('ref_axis',(0.,0.186444627881728,0.982465470504711));
#3289=DIRECTION('center_axis',(1.,0.,0.));
#3290=DIRECTION('ref_axis',(0.,0.186444627881728,0.982465470504711));
#3291=DIRECTION('center_axis',(-1.,0.,0.));
#3292=DIRECTION('ref_axis',(0.,-1.,0.));
#3293=DIRECTION('',(0.,0.,1.));
#3294=DIRECTION('',(0.,1.,0.));
#3295=DIRECTION('',(0.,0.,-1.));
#3296=DIRECTION('',(0.,-1.,0.));
#3297=DIRECTION('',(0.,0.,1.));
#3298=DIRECTION('',(0.,0.,1.));
#3299=DIRECTION('',(0.,-1.,0.));
#3300=DIRECTION('',(0.,0.,-1.));
#3301=DIRECTION('',(0.,1.,0.));
#3302=DIRECTION('center_axis',(0.,0.,1.));
#3303=DIRECTION('ref_axis',(0.707106781186546,0.707106781186549,0.));
#3304=DIRECTION('center_axis',(0.,0.,-1.));
#3305=DIRECTION('ref_axis',(0.707106781186546,0.707106781186549,0.));
#3306=DIRECTION('',(0.,0.,-1.));
#3307=DIRECTION('center_axis',(0.,0.,1.));
#3308=DIRECTION('ref_axis',(0.707106781186546,0.707106781186549,0.));
#3309=DIRECTION('',(0.,0.,1.));
#3310=DIRECTION('center_axis',(0.,0.,1.));
#3311=DIRECTION('ref_axis',(1.,0.,0.));
#3312=DIRECTION('',(-1.,0.,0.));
#3313=DIRECTION('center_axis',(0.,0.,-1.));
#3314=DIRECTION('ref_axis',(-0.707106781186547,0.707106781186547,0.));
#3315=DIRECTION('center_axis',(0.,0.,-1.));
#3316=DIRECTION('ref_axis',(-0.707106781186547,-0.707106781186547,0.));
#3317=DIRECTION('',(1.,0.,0.));
#3318=DIRECTION('center_axis',(0.,0.,-1.));
#3319=DIRECTION('ref_axis',(0.707106781186547,-0.707106781186548,0.));
#3320=DIRECTION('',(0.,1.,0.));
#3321=DIRECTION('',(1.,0.,0.));
#3322=DIRECTION('',(0.,-1.,0.));
#3323=DIRECTION('center_axis',(0.,1.,0.));
#3324=DIRECTION('ref_axis',(-1.,0.,0.));
#3325=DIRECTION('',(1.,0.,0.));
#3326=DIRECTION('',(0.,0.,-1.));
#3327=DIRECTION('center_axis',(0.,0.,1.));
#3328=DIRECTION('ref_axis',(-0.707106781186547,0.707106781186547,0.));
#3329=DIRECTION('center_axis',(0.,0.,1.));
#3330=DIRECTION('ref_axis',(-0.707106781186547,0.707106781186547,0.));
#3331=DIRECTION('center_axis',(0.,0.,1.));
#3332=DIRECTION('ref_axis',(-0.707106781186547,-0.707106781186547,0.));
#3333=DIRECTION('center_axis',(0.,0.,1.));
#3334=DIRECTION('ref_axis',(-0.707106781186547,-0.707106781186547,0.));
#3335=DIRECTION('',(0.,0.,1.));
#3336=DIRECTION('center_axis',(0.,-1.,0.));
#3337=DIRECTION('ref_axis',(1.,0.,0.));
#3338=DIRECTION('',(-1.,0.,0.));
#3339=DIRECTION('',(0.,0.,-1.));
#3340=DIRECTION('',(0.,0.,-1.));
#3341=DIRECTION('',(-1.,0.,0.));
#3342=DIRECTION('',(0.,0.,1.));
#3343=DIRECTION('',(0.999999999999999,0.,4.01185103087005E-8));
#3344=DIRECTION('center_axis',(0.,0.,1.));
#3345=DIRECTION('ref_axis',(0.707106781186547,-0.707106781186548,0.));
#3346=DIRECTION('center_axis',(0.,0.,1.));
#3347=DIRECTION('ref_axis',(0.707106781186547,-0.707106781186548,0.));
#3348=DIRECTION('',(0.,0.,1.));
#3349=DIRECTION('center_axis',(-1.,0.,0.));
#3350=DIRECTION('ref_axis',(0.,0.707106781186551,0.707106781186544));
#3351=DIRECTION('center_axis',(1.,0.,0.));
#3352=DIRECTION('ref_axis',(0.,0.707106781186551,0.707106781186544));
#3353=DIRECTION('',(-1.,0.,0.));
#3354=DIRECTION('center_axis',(-1.,0.,0.));
#3355=DIRECTION('ref_axis',(0.,0.707106781186551,0.707106781186544));
#3356=DIRECTION('',(1.,0.,0.));
#3357=DIRECTION('center_axis',(0.,0.,1.));
#3358=DIRECTION('ref_axis',(0.,1.,0.));
#3359=DIRECTION('',(0.,1.,0.));
#3360=DIRECTION('',(1.,0.,0.));
#3361=DIRECTION('',(0.,-1.,0.));
#3362=DIRECTION('center_axis',(-1.,0.,0.));
#3363=DIRECTION('ref_axis',(0.,0.707106781186551,0.707106781186544));
#3364=DIRECTION('center_axis',(1.,0.,0.));
#3365=DIRECTION('ref_axis',(0.,0.707106781186551,0.707106781186544));
#3366=DIRECTION('',(-1.,0.,0.));
#3367=DIRECTION('center_axis',(-1.,0.,0.));
#3368=DIRECTION('ref_axis',(0.,0.707106781186551,0.707106781186544));
#3369=DIRECTION('',(1.,0.,0.));
#3370=DIRECTION('center_axis',(0.,0.,1.));
#3371=DIRECTION('ref_axis',(0.,1.,0.));
#3372=DIRECTION('',(0.,1.,0.));
#3373=DIRECTION('',(1.,0.,0.));
#3374=DIRECTION('',(0.,-1.,0.));
#3375=DIRECTION('center_axis',(-1.,0.,0.));
#3376=DIRECTION('ref_axis',(0.,0.707106781186551,0.707106781186544));
#3377=DIRECTION('center_axis',(1.,0.,0.));
#3378=DIRECTION('ref_axis',(0.,0.707106781186551,0.707106781186544));
#3379=DIRECTION('',(-1.,0.,0.));
#3380=DIRECTION('center_axis',(-1.,0.,0.));
#3381=DIRECTION('ref_axis',(0.,0.707106781186551,0.707106781186544));
#3382=DIRECTION('',(1.,0.,0.));
#3383=DIRECTION('center_axis',(0.,0.,1.));
#3384=DIRECTION('ref_axis',(0.,1.,0.));
#3385=DIRECTION('',(0.,1.,0.));
#3386=DIRECTION('',(1.,0.,0.));
#3387=DIRECTION('',(0.,-1.,0.));
#3388=DIRECTION('center_axis',(-1.,0.,0.));
#3389=DIRECTION('ref_axis',(0.,0.707106781186551,0.707106781186544));
#3390=DIRECTION('center_axis',(1.,0.,0.));
#3391=DIRECTION('ref_axis',(0.,0.707106781186551,0.707106781186544));
#3392=DIRECTION('',(-1.,0.,0.));
#3393=DIRECTION('center_axis',(-1.,0.,0.));
#3394=DIRECTION('ref_axis',(0.,0.707106781186551,0.707106781186544));
#3395=DIRECTION('',(1.,0.,0.));
#3396=DIRECTION('center_axis',(0.,0.,1.));
#3397=DIRECTION('ref_axis',(0.,1.,0.));
#3398=DIRECTION('',(0.,1.,0.));
#3399=DIRECTION('',(1.,0.,0.));
#3400=DIRECTION('',(0.,-1.,0.));
#3401=DIRECTION('center_axis',(-1.,0.,0.));
#3402=DIRECTION('ref_axis',(0.,0.707106781186551,0.707106781186544));
#3403=DIRECTION('center_axis',(1.,0.,0.));
#3404=DIRECTION('ref_axis',(0.,0.707106781186551,0.707106781186544));
#3405=DIRECTION('',(-1.,0.,0.));
#3406=DIRECTION('center_axis',(-1.,0.,0.));
#3407=DIRECTION('ref_axis',(0.,0.707106781186551,0.707106781186544));
#3408=DIRECTION('',(1.,0.,0.));
#3409=DIRECTION('center_axis',(0.,0.,1.));
#3410=DIRECTION('ref_axis',(0.,1.,0.));
#3411=DIRECTION('',(0.,1.,0.));
#3412=DIRECTION('',(1.,0.,0.));
#3413=DIRECTION('',(0.,-1.,0.));
#3414=DIRECTION('center_axis',(-1.,0.,0.));
#3415=DIRECTION('ref_axis',(0.,-0.707106781186547,0.707106781186547));
#3416=DIRECTION('center_axis',(1.,0.,0.));
#3417=DIRECTION('ref_axis',(0.,-0.707106781186547,0.707106781186547));
#3418=DIRECTION('',(-1.,0.,0.));
#3419=DIRECTION('center_axis',(-1.,0.,0.));
#3420=DIRECTION('ref_axis',(0.,-0.707106781186547,0.707106781186547));
#3421=DIRECTION('center_axis',(0.,-1.,0.));
#3422=DIRECTION('ref_axis',(0.,0.,1.));
#3423=DIRECTION('',(0.,0.,1.));
#3424=DIRECTION('',(1.,0.,0.));
#3425=DIRECTION('',(0.,0.,-1.));
#3426=DIRECTION('center_axis',(-1.,0.,0.));
#3427=DIRECTION('ref_axis',(0.,-0.707106781186547,0.707106781186547));
#3428=DIRECTION('center_axis',(1.,0.,0.));
#3429=DIRECTION('ref_axis',(0.,-0.707106781186547,0.707106781186547));
#3430=DIRECTION('',(-1.,0.,0.));
#3431=DIRECTION('center_axis',(-1.,0.,0.));
#3432=DIRECTION('ref_axis',(0.,-0.707106781186547,0.707106781186547));
#3433=DIRECTION('center_axis',(0.,-1.,0.));
#3434=DIRECTION('ref_axis',(0.,0.,1.));
#3435=DIRECTION('',(0.,0.,1.));
#3436=DIRECTION('',(1.,0.,0.));
#3437=DIRECTION('',(0.,0.,-1.));
#3438=DIRECTION('center_axis',(-1.,0.,0.));
#3439=DIRECTION('ref_axis',(0.,-0.707106781186547,0.707106781186547));
#3440=DIRECTION('center_axis',(1.,0.,0.));
#3441=DIRECTION('ref_axis',(0.,-0.707106781186547,0.707106781186547));
#3442=DIRECTION('',(-1.,0.,0.));
#3443=DIRECTION('center_axis',(-1.,0.,0.));
#3444=DIRECTION('ref_axis',(0.,-0.707106781186547,0.707106781186547));
#3445=DIRECTION('center_axis',(0.,-1.,0.));
#3446=DIRECTION('ref_axis',(0.,0.,1.));
#3447=DIRECTION('',(0.,0.,1.));
#3448=DIRECTION('',(1.,0.,0.));
#3449=DIRECTION('',(0.,0.,-1.));
#3450=DIRECTION('center_axis',(-1.,0.,0.));
#3451=DIRECTION('ref_axis',(0.,-0.707106781186547,0.707106781186547));
#3452=DIRECTION('center_axis',(1.,0.,0.));
#3453=DIRECTION('ref_axis',(0.,-0.707106781186547,0.707106781186547));
#3454=DIRECTION('',(-1.,0.,0.));
#3455=DIRECTION('center_axis',(-1.,0.,0.));
#3456=DIRECTION('ref_axis',(0.,-0.707106781186547,0.707106781186547));
#3457=DIRECTION('center_axis',(0.,-1.,0.));
#3458=DIRECTION('ref_axis',(0.,0.,1.));
#3459=DIRECTION('',(0.,0.,1.));
#3460=DIRECTION('',(1.,0.,0.));
#3461=DIRECTION('',(0.,0.,-1.));
#3462=DIRECTION('center_axis',(-1.,0.,0.));
#3463=DIRECTION('ref_axis',(0.,-0.707106781186547,0.707106781186547));
#3464=DIRECTION('center_axis',(1.,0.,0.));
#3465=DIRECTION('ref_axis',(0.,-0.707106781186547,0.707106781186547));
#3466=DIRECTION('',(-1.,0.,0.));
#3467=DIRECTION('center_axis',(-1.,0.,0.));
#3468=DIRECTION('ref_axis',(0.,-0.707106781186547,0.707106781186547));
#3469=DIRECTION('center_axis',(0.,-1.,0.));
#3470=DIRECTION('ref_axis',(0.,0.,1.));
#3471=DIRECTION('',(0.,0.,1.));
#3472=DIRECTION('',(1.,0.,0.));
#3473=DIRECTION('',(0.,0.,-1.));
#3474=DIRECTION('center_axis',(-1.,0.,0.));
#3475=DIRECTION('ref_axis',(0.,-0.707106781186551,-0.707106781186544));
#3476=DIRECTION('center_axis',(1.,0.,0.));
#3477=DIRECTION('ref_axis',(0.,-0.707106781186551,-0.707106781186544));
#3478=DIRECTION('',(-1.,0.,0.));
#3479=DIRECTION('center_axis',(-1.,0.,0.));
#3480=DIRECTION('ref_axis',(0.,-0.707106781186551,-0.707106781186544));
#3481=DIRECTION('center_axis',(0.,0.,-1.));
#3482=DIRECTION('ref_axis',(0.,-1.,0.));
#3483=DIRECTION('',(0.,-1.,0.));
#3484=DIRECTION('',(1.,0.,0.));
#3485=DIRECTION('',(0.,1.,0.));
#3486=DIRECTION('center_axis',(-1.,0.,0.));
#3487=DIRECTION('ref_axis',(0.,-0.707106781186551,-0.707106781186544));
#3488=DIRECTION('center_axis',(1.,0.,0.));
#3489=DIRECTION('ref_axis',(0.,-0.707106781186551,-0.707106781186544));
#3490=DIRECTION('',(-1.,0.,0.));
#3491=DIRECTION('center_axis',(-1.,0.,0.));
#3492=DIRECTION('ref_axis',(0.,-0.707106781186551,-0.707106781186544));
#3493=DIRECTION('center_axis',(0.,0.,-1.));
#3494=DIRECTION('ref_axis',(0.,-1.,0.));
#3495=DIRECTION('',(0.,-1.,0.));
#3496=DIRECTION('',(1.,0.,0.));
#3497=DIRECTION('',(0.,1.,0.));
#3498=DIRECTION('center_axis',(-1.,0.,0.));
#3499=DIRECTION('ref_axis',(0.,-0.707106781186551,-0.707106781186544));
#3500=DIRECTION('center_axis',(1.,0.,0.));
#3501=DIRECTION('ref_axis',(0.,-0.707106781186551,-0.707106781186544));
#3502=DIRECTION('',(-1.,0.,0.));
#3503=DIRECTION('center_axis',(-1.,0.,0.));
#3504=DIRECTION('ref_axis',(0.,-0.707106781186551,-0.707106781186544));
#3505=DIRECTION('center_axis',(0.,0.,-1.));
#3506=DIRECTION('ref_axis',(0.,-1.,0.));
#3507=DIRECTION('',(0.,-1.,0.));
#3508=DIRECTION('',(1.,0.,0.));
#3509=DIRECTION('',(0.,1.,0.));
#3510=DIRECTION('center_axis',(-1.,0.,0.));
#3511=DIRECTION('ref_axis',(0.,-0.707106781186551,-0.707106781186544));
#3512=DIRECTION('center_axis',(1.,0.,0.));
#3513=DIRECTION('ref_axis',(0.,-0.707106781186551,-0.707106781186544));
#3514=DIRECTION('',(-1.,0.,0.));
#3515=DIRECTION('center_axis',(-1.,0.,0.));
#3516=DIRECTION('ref_axis',(0.,-0.707106781186551,-0.707106781186544));
#3517=DIRECTION('center_axis',(0.,0.,-1.));
#3518=DIRECTION('ref_axis',(0.,-1.,0.));
#3519=DIRECTION('',(0.,-1.,0.));
#3520=DIRECTION('',(1.,0.,0.));
#3521=DIRECTION('',(0.,1.,0.));
#3522=DIRECTION('center_axis',(-1.,0.,0.));
#3523=DIRECTION('ref_axis',(0.,-0.707106781186551,-0.707106781186544));
#3524=DIRECTION('center_axis',(1.,0.,0.));
#3525=DIRECTION('ref_axis',(0.,-0.707106781186551,-0.707106781186544));
#3526=DIRECTION('',(-1.,0.,0.));
#3527=DIRECTION('center_axis',(-1.,0.,0.));
#3528=DIRECTION('ref_axis',(0.,-0.707106781186551,-0.707106781186544));
#3529=DIRECTION('center_axis',(0.,0.,-1.));
#3530=DIRECTION('ref_axis',(0.,-1.,0.));
#3531=DIRECTION('',(0.,-1.,0.));
#3532=DIRECTION('',(1.,0.,0.));
#3533=DIRECTION('',(0.,1.,0.));
#3534=DIRECTION('center_axis',(-1.,0.,0.));
#3535=DIRECTION('ref_axis',(0.,0.707106781186547,-0.707106781186547));
#3536=DIRECTION('center_axis',(1.,0.,0.));
#3537=DIRECTION('ref_axis',(0.,0.707106781186547,-0.707106781186547));
#3538=DIRECTION('',(-1.,0.,0.));
#3539=DIRECTION('center_axis',(-1.,0.,0.));
#3540=DIRECTION('ref_axis',(0.,0.707106781186547,-0.707106781186547));
#3541=DIRECTION('center_axis',(0.,1.,0.));
#3542=DIRECTION('ref_axis',(0.,0.,-1.));
#3543=DIRECTION('',(0.,0.,1.));
#3544=DIRECTION('',(0.,0.,-1.));
#3545=DIRECTION('center_axis',(-1.,0.,0.));
#3546=DIRECTION('ref_axis',(0.,0.707106781186547,-0.707106781186547));
#3547=DIRECTION('center_axis',(1.,0.,0.));
#3548=DIRECTION('ref_axis',(0.,0.707106781186547,-0.707106781186547));
#3549=DIRECTION('',(-1.,0.,0.));
#3550=DIRECTION('center_axis',(-1.,0.,0.));
#3551=DIRECTION('ref_axis',(0.,0.707106781186547,-0.707106781186547));
#3552=DIRECTION('center_axis',(0.,1.,0.));
#3553=DIRECTION('ref_axis',(0.,0.,-1.));
#3554=DIRECTION('',(0.,0.,1.));
#3555=DIRECTION('',(0.,0.,-1.));
#3556=DIRECTION('center_axis',(-1.,0.,0.));
#3557=DIRECTION('ref_axis',(0.,0.707106781186547,-0.707106781186547));
#3558=DIRECTION('center_axis',(1.,0.,0.));
#3559=DIRECTION('ref_axis',(0.,0.707106781186547,-0.707106781186547));
#3560=DIRECTION('',(-1.,0.,0.));
#3561=DIRECTION('center_axis',(-1.,0.,0.));
#3562=DIRECTION('ref_axis',(0.,0.707106781186547,-0.707106781186547));
#3563=DIRECTION('center_axis',(0.,1.,0.));
#3564=DIRECTION('ref_axis',(0.,0.,-1.));
#3565=DIRECTION('',(0.,0.,1.));
#3566=DIRECTION('',(0.,0.,-1.));
#3567=DIRECTION('center_axis',(-1.,0.,0.));
#3568=DIRECTION('ref_axis',(0.,0.707106781186547,-0.707106781186547));
#3569=DIRECTION('center_axis',(1.,0.,0.));
#3570=DIRECTION('ref_axis',(0.,0.707106781186547,-0.707106781186547));
#3571=DIRECTION('',(-1.,0.,0.));
#3572=DIRECTION('center_axis',(-1.,0.,0.));
#3573=DIRECTION('ref_axis',(0.,0.707106781186547,-0.707106781186547));
#3574=DIRECTION('center_axis',(0.,1.,0.));
#3575=DIRECTION('ref_axis',(0.,0.,-1.));
#3576=DIRECTION('',(0.,0.,1.));
#3577=DIRECTION('',(0.,0.,-1.));
#3578=DIRECTION('center_axis',(-1.,0.,0.));
#3579=DIRECTION('ref_axis',(0.,0.707106781186547,-0.707106781186547));
#3580=DIRECTION('center_axis',(1.,0.,0.));
#3581=DIRECTION('ref_axis',(0.,0.707106781186547,-0.707106781186547));
#3582=DIRECTION('',(-1.,0.,0.));
#3583=DIRECTION('center_axis',(-1.,0.,0.));
#3584=DIRECTION('ref_axis',(0.,0.707106781186547,-0.707106781186547));
#3585=DIRECTION('center_axis',(0.,1.,0.));
#3586=DIRECTION('ref_axis',(0.,0.,-1.));
#3587=DIRECTION('',(0.,0.,1.));
#3588=DIRECTION('',(0.,0.,-1.));
#3589=DIRECTION('center_axis',(-1.,0.,0.));
#3590=DIRECTION('ref_axis',(0.,0.707106781186548,-0.707106781186548));
#3591=DIRECTION('center_axis',(1.,0.,0.));
#3592=DIRECTION('ref_axis',(0.,0.707106781186548,-0.707106781186548));
#3593=DIRECTION('',(-1.,0.,0.));
#3594=DIRECTION('center_axis',(-1.,0.,0.));
#3595=DIRECTION('ref_axis',(0.,0.707106781186548,-0.707106781186548));
#3596=DIRECTION('',(1.,0.,0.));
#3597=DIRECTION('center_axis',(0.,1.,0.));
#3598=DIRECTION('ref_axis',(0.,0.,-1.));
#3599=DIRECTION('',(0.,0.,-1.));
#3600=DIRECTION('',(1.,0.,0.));
#3601=DIRECTION('',(0.,0.,1.));
#3602=DIRECTION('center_axis',(-1.,0.,0.));
#3603=DIRECTION('ref_axis',(0.,-0.707106781186546,-0.707106781186549));
#3604=DIRECTION('center_axis',(1.,0.,0.));
#3605=DIRECTION('ref_axis',(0.,-0.707106781186546,-0.707106781186549));
#3606=DIRECTION('',(-1.,0.,0.));
#3607=DIRECTION('center_axis',(-1.,0.,0.));
#3608=DIRECTION('ref_axis',(0.,-0.707106781186546,-0.707106781186549));
#3609=DIRECTION('',(1.,0.,0.));
#3610=DIRECTION('center_axis',(0.,0.,-1.));
#3611=DIRECTION('ref_axis',(0.,-1.,0.));
#3612=DIRECTION('',(0.,1.,0.));
#3613=DIRECTION('',(0.,-1.,0.));
#3614=DIRECTION('center_axis',(-1.,0.,0.));
#3615=DIRECTION('ref_axis',(0.,0.707106781186548,0.707106781186548));
#3616=DIRECTION('center_axis',(1.,0.,0.));
#3617=DIRECTION('ref_axis',(0.,0.707106781186548,0.707106781186548));
#3618=DIRECTION('',(-1.,0.,0.));
#3619=DIRECTION('center_axis',(-1.,0.,0.));
#3620=DIRECTION('ref_axis',(0.,0.707106781186548,0.707106781186548));
#3621=DIRECTION('center_axis',(0.,0.,1.));
#3622=DIRECTION('ref_axis',(0.,1.,0.));
#3623=DIRECTION('',(0.,1.,0.));
#3624=DIRECTION('',(1.,0.,0.));
#3625=DIRECTION('',(0.,-1.,0.));
#3626=DIRECTION('center_axis',(-1.,0.,0.));
#3627=DIRECTION('ref_axis',(0.,-0.707106781186548,0.707106781186548));
#3628=DIRECTION('center_axis',(1.,0.,0.));
#3629=DIRECTION('ref_axis',(0.,-0.707106781186548,0.707106781186548));
#3630=DIRECTION('',(-1.,0.,0.));
#3631=DIRECTION('center_axis',(-1.,0.,0.));
#3632=DIRECTION('ref_axis',(0.,-0.707106781186548,0.707106781186548));
#3633=DIRECTION('center_axis',(0.,-1.,0.));
#3634=DIRECTION('ref_axis',(0.,0.,1.));
#3635=DIRECTION('',(0.,0.,-1.));
#3636=DIRECTION('',(0.,0.,1.));
#3637=DIRECTION('center_axis',(0.,-1.,0.));
#3638=DIRECTION('ref_axis',(0.,0.,-1.));
#3639=DIRECTION('',(1.,0.,0.));
#3640=DIRECTION('',(1.,0.,0.));
#3641=DIRECTION('center_axis',(0.,0.,1.));
#3642=DIRECTION('ref_axis',(0.,-1.,0.));
#3643=DIRECTION('',(1.,0.,0.));
#3644=DIRECTION('center_axis',(0.,1.,0.));
#3645=DIRECTION('ref_axis',(0.,0.,1.));
#3646=DIRECTION('',(1.,0.,0.));
#3647=DIRECTION('center_axis',(0.,0.,-1.));
#3648=DIRECTION('ref_axis',(0.,1.,0.));
#3649=DIRECTION('center_axis',(0.,0.,1.));
#3650=DIRECTION('ref_axis',(-1.,0.,0.));
#3651=DIRECTION('center_axis',(0.,0.,1.));
#3652=DIRECTION('ref_axis',(-1.,0.,0.));
#3653=DIRECTION('',(0.,0.,1.));
#3654=DIRECTION('center_axis',(0.,0.,-1.));
#3655=DIRECTION('ref_axis',(-1.,0.,0.));
#3656=DIRECTION('center_axis',(0.,0.,1.));
#3657=DIRECTION('ref_axis',(-1.,0.,0.));
#3658=DIRECTION('center_axis',(0.,0.,1.));
#3659=DIRECTION('ref_axis',(-1.,0.,0.));
#3660=DIRECTION('',(0.,0.,1.));
#3661=DIRECTION('center_axis',(0.,0.,-1.));
#3662=DIRECTION('ref_axis',(-1.,0.,0.));
#3663=DIRECTION('center_axis',(0.,0.,1.));
#3664=DIRECTION('ref_axis',(-1.,0.,0.));
#3665=DIRECTION('center_axis',(0.,0.,1.));
#3666=DIRECTION('ref_axis',(-1.,0.,0.));
#3667=DIRECTION('',(0.,0.,1.));
#3668=DIRECTION('center_axis',(0.,0.,-1.));
#3669=DIRECTION('ref_axis',(-1.,0.,0.));
#3670=DIRECTION('center_axis',(0.,0.,1.));
#3671=DIRECTION('ref_axis',(-1.,0.,0.));
#3672=DIRECTION('center_axis',(0.,0.,1.));
#3673=DIRECTION('ref_axis',(-1.,0.,0.));
#3674=DIRECTION('',(0.,0.,1.));
#3675=DIRECTION('center_axis',(0.,0.,-1.));
#3676=DIRECTION('ref_axis',(-1.,0.,0.));
#3677=DIRECTION('center_axis',(0.,0.,-1.));
#3678=DIRECTION('ref_axis',(-1.,0.,0.));
#3679=DIRECTION('center_axis',(0.,0.,-1.));
#3680=DIRECTION('ref_axis',(1.,0.,0.));
#3681=DIRECTION('center_axis',(0.,-1.,0.));
#3682=DIRECTION('ref_axis',(1.,0.,0.));
#3683=DIRECTION('center_axis',(0.,0.,1.));
#3684=DIRECTION('ref_axis',(1.,0.,0.));
#3685=DIRECTION('center_axis',(0.,0.,-1.));
#3686=DIRECTION('ref_axis',(1.,0.,0.));
#3687=DIRECTION('center_axis',(0.,0.,1.));
#3688=DIRECTION('ref_axis',(1.,0.,0.));
#3689=DIRECTION('',(0.,1.,0.));
#3690=DIRECTION('',(-1.,0.,0.));
#3691=DIRECTION('center_axis',(0.,0.,1.));
#3692=DIRECTION('ref_axis',(1.,0.,0.));
#3693=DIRECTION('center_axis',(0.,0.,1.));
#3694=DIRECTION('ref_axis',(1.,0.,0.));
#3695=DIRECTION('center_axis',(0.,0.,1.));
#3696=DIRECTION('ref_axis',(1.,0.,0.));
#3697=DIRECTION('center_axis',(0.,0.,1.));
#3698=DIRECTION('ref_axis',(1.,0.,0.));
#3699=DIRECTION('center_axis',(0.,0.,1.));
#3700=DIRECTION('ref_axis',(1.,0.,0.));
#3701=DIRECTION('',(0.,0.,-1.));
#3702=DIRECTION('center_axis',(0.,0.,-1.));
#3703=DIRECTION('ref_axis',(-1.,0.,0.));
#3704=DIRECTION('center_axis',(0.,0.,-1.));
#3705=DIRECTION('ref_axis',(1.,0.,0.));
#3706=DIRECTION('center_axis',(0.,-1.,0.));
#3707=DIRECTION('ref_axis',(1.,0.,0.));
#3708=DIRECTION('center_axis',(0.,0.,-1.));
#3709=DIRECTION('ref_axis',(1.,0.,0.));
#3710=DIRECTION('center_axis',(0.,0.,1.));
#3711=DIRECTION('ref_axis',(1.,0.,0.));
#3712=DIRECTION('center_axis',(0.,0.,1.));
#3713=DIRECTION('ref_axis',(1.,0.,0.));
#3714=DIRECTION('',(0.,0.,-1.));
#3715=DIRECTION('center_axis',(0.,0.,-1.));
#3716=DIRECTION('ref_axis',(-1.,0.,0.));
#3717=DIRECTION('center_axis',(0.,0.,-1.));
#3718=DIRECTION('ref_axis',(1.,0.,0.));
#3719=DIRECTION('center_axis',(0.,-1.,0.));
#3720=DIRECTION('ref_axis',(1.,0.,0.));
#3721=DIRECTION('center_axis',(0.,0.,-1.));
#3722=DIRECTION('ref_axis',(1.,0.,0.));
#3723=DIRECTION('center_axis',(0.,0.,1.));
#3724=DIRECTION('ref_axis',(1.,0.,0.));
#3725=DIRECTION('center_axis',(0.,0.,1.));
#3726=DIRECTION('ref_axis',(1.,0.,0.));
#3727=DIRECTION('',(0.,0.,-1.));
#3728=DIRECTION('center_axis',(0.,0.,-1.));
#3729=DIRECTION('ref_axis',(-1.,0.,0.));
#3730=DIRECTION('center_axis',(0.,0.,-1.));
#3731=DIRECTION('ref_axis',(1.,0.,0.));
#3732=DIRECTION('center_axis',(0.,-1.,0.));
#3733=DIRECTION('ref_axis',(1.,0.,0.));
#3734=DIRECTION('center_axis',(0.,0.,-1.));
#3735=DIRECTION('ref_axis',(1.,0.,0.));
#3736=DIRECTION('center_axis',(0.,0.,1.));
#3737=DIRECTION('ref_axis',(1.,0.,0.));
#3738=DIRECTION('center_axis',(0.,0.,1.));
#3739=DIRECTION('ref_axis',(1.,0.,0.));
#3740=DIRECTION('',(0.,0.,-1.));
#3741=DIRECTION('center_axis',(0.,0.,1.));
#3742=DIRECTION('ref_axis',(1.,0.,0.));
#3743=DIRECTION('center_axis',(0.,0.,1.));
#3744=DIRECTION('ref_axis',(1.,0.,0.));
#3745=DIRECTION('center_axis',(0.,0.,1.));
#3746=DIRECTION('ref_axis',(1.,0.,0.));
#3747=DIRECTION('center_axis',(0.,0.,1.));
#3748=DIRECTION('ref_axis',(1.,0.,0.));
#3749=DIRECTION('center_axis',(-1.,0.,0.));
#3750=DIRECTION('ref_axis',(0.,0.,-1.));
#3751=DIRECTION('',(0.,-1.,0.));
#3752=DIRECTION('',(0.,-1.,0.));
#3753=DIRECTION('center_axis',(-4.01185103087005E-8,0.,0.999999999999999));
#3754=DIRECTION('ref_axis',(-0.999999999999999,0.,-4.01185103087005E-8));
#3755=DIRECTION('',(0.,-1.,0.));
#3756=DIRECTION('center_axis',(1.,0.,0.));
#3757=DIRECTION('ref_axis',(0.,0.,1.));
#3758=DIRECTION('',(0.,-1.,0.));
#3759=DIRECTION('center_axis',(0.,0.,-1.));
#3760=DIRECTION('ref_axis',(1.,0.,0.));
#3761=DIRECTION('center_axis',(-1.,0.,0.));
#3762=DIRECTION('ref_axis',(0.,-1.,0.));
#3763=DIRECTION('',(0.,0.,1.));
#3764=DIRECTION('center_axis',(0.,-1.,0.));
#3765=DIRECTION('ref_axis',(1.,0.,0.));
#3766=DIRECTION('center_axis',(1.,0.,0.));
#3767=DIRECTION('ref_axis',(0.,1.,0.));
#3768=DIRECTION('',(0.,-1.,0.));
#3769=DIRECTION('center_axis',(0.,0.,1.));
#3770=DIRECTION('ref_axis',(1.,0.,0.));
#3771=CARTESIAN_POINT('',(0.,0.,0.));
#3772=CARTESIAN_POINT('Origin',(179.992750817033,61.,19.75));
#3773=CARTESIAN_POINT('',(179.992750817033,62.5,39.5));
#3774=CARTESIAN_POINT('',(178.492750817033,61.,39.5));
#3775=CARTESIAN_POINT('Origin',(179.992750817033,61.,39.5));
#3776=CARTESIAN_POINT('',(178.492750817033,61.,35.5110883423452));
#3777=CARTESIAN_POINT('',(178.492750817033,61.,19.75));
#3778=CARTESIAN_POINT('',(179.992750817033,62.5,32.8));
#3779=CARTESIAN_POINT('Ctrl Pts',(178.492750817033,61.,35.5110883423452));
#3780=CARTESIAN_POINT('Ctrl Pts',(178.492750817033,61.1966551895659,35.3877748312949));
#3781=CARTESIAN_POINT('Ctrl Pts',(178.533129633682,61.3912225028427,35.2340120131287));
#3782=CARTESIAN_POINT('Ctrl Pts',(178.670158397893,61.7309572822706,34.8947725910576));
#3783=CARTESIAN_POINT('Ctrl Pts',(178.766120351214,61.8764770407962,34.7093713373352));
#3784=CARTESIAN_POINT('Ctrl Pts',(179.011890124139,62.1562317133732,34.2751737764477));
#3785=CARTESIAN_POINT('Ctrl Pts',(179.196714950721,62.2894307315347,33.9831589155667));
#3786=CARTESIAN_POINT('Ctrl Pts',(179.591316177191,62.4612172624656,33.3858886400131));
#3787=CARTESIAN_POINT('Ctrl Pts',(179.80073680819,62.5,33.0804544106666));
#3788=CARTESIAN_POINT('Ctrl Pts',(179.992750817033,62.5,32.8));
#3789=CARTESIAN_POINT('',(179.992750817033,62.5,19.75));
#3790=CARTESIAN_POINT('Origin',(178.492750817033,62.5,39.5));
#3791=CARTESIAN_POINT('',(178.492750817033,59.561,39.5));
#3792=CARTESIAN_POINT('',(178.492750817033,62.5,39.5));
#3793=CARTESIAN_POINT('',(178.492750817033,59.561,35.9893383326327));
#3794=CARTESIAN_POINT('',(178.492750817033,59.561,39.5));
#3795=CARTESIAN_POINT('Origin',(178.492750817033,59.3,32.8));
#3796=CARTESIAN_POINT('Origin',(171.992750817033,61.,19.75));
#3797=CARTESIAN_POINT('',(171.992750817033,62.5,32.8));
#3798=CARTESIAN_POINT('',(173.492750817033,61.,35.5110883423452));
#3799=CARTESIAN_POINT('Ctrl Pts',(171.992750817033,62.5,32.8));
#3800=CARTESIAN_POINT('Ctrl Pts',(172.184764825875,62.5,33.0804544106666));
#3801=CARTESIAN_POINT('Ctrl Pts',(172.394185456874,62.4612172624656,33.3858886400131));
#3802=CARTESIAN_POINT('Ctrl Pts',(172.788786683344,62.2894307315347,33.9831589155667));
#3803=CARTESIAN_POINT('Ctrl Pts',(172.973611509926,62.1562317133732,34.2751737764477));
#3804=CARTESIAN_POINT('Ctrl Pts',(173.219381282852,61.8764770407962,34.7093713373352));
#3805=CARTESIAN_POINT('Ctrl Pts',(173.315343236172,61.7309572822706,34.8947725910576));
#3806=CARTESIAN_POINT('Ctrl Pts',(173.452372000384,61.3912225028427,35.2340120131286));
#3807=CARTESIAN_POINT('Ctrl Pts',(173.492750817033,61.1966551895659,35.3877748312949));
#3808=CARTESIAN_POINT('Ctrl Pts',(173.492750817033,61.,35.5110883423452));
#3809=CARTESIAN_POINT('',(173.492750817033,61.,39.5));
#3810=CARTESIAN_POINT('',(173.492750817033,61.,19.75));
#3811=CARTESIAN_POINT('',(171.992750817033,62.5,39.5));
#3812=CARTESIAN_POINT('Origin',(171.992750817033,61.,39.5));
#3813=CARTESIAN_POINT('',(171.992750817033,62.5,19.75));
#3814=CARTESIAN_POINT('Origin',(173.492750817033,57.5,39.5));
#3815=CARTESIAN_POINT('',(173.492750817033,59.561,35.9893383326327));
#3816=CARTESIAN_POINT('Origin',(173.492750817033,59.3,32.8));
#3817=CARTESIAN_POINT('',(173.492750817033,59.561,39.5));
#3818=CARTESIAN_POINT('',(173.492750817033,59.561,39.5));
#3819=CARTESIAN_POINT('',(173.492750817033,57.5,39.5));
#3820=CARTESIAN_POINT('Origin',(116.307257266821,59.3,32.8));
#3821=CARTESIAN_POINT('',(116.307257266821,62.5,32.8));
#3822=CARTESIAN_POINT('',(178.476157821521,59.3,36.));
#3823=CARTESIAN_POINT('Ctrl Pts',(178.492750817033,59.561,35.9893383326327));
#3824=CARTESIAN_POINT('Ctrl Pts',(178.492750817033,59.475237406378,35.996356727861));
#3825=CARTESIAN_POINT('Ctrl Pts',(178.487359233875,59.3877404056626,36.));
#3826=CARTESIAN_POINT('Ctrl Pts',(178.476157821521,59.3,36.));
#3827=CARTESIAN_POINT('',(177.205186382331,59.3,36.));
#3828=CARTESIAN_POINT('',(116.307257266821,59.3,36.));
#3829=CARTESIAN_POINT('',(177.392750817033,60.,35.9224989991992));
#3830=CARTESIAN_POINT('Ctrl Pts',(177.205186382331,59.2999999999999,36.));
#3831=CARTESIAN_POINT('Ctrl Pts',(177.236680265444,59.3545490056788,36.));
#3832=CARTESIAN_POINT('Ctrl Pts',(177.264633617665,59.4115232159383,35.9985920446923));
#3833=CARTESIAN_POINT('Ctrl Pts',(177.358961512035,59.6421431062973,35.986323479236));
#3834=CARTESIAN_POINT('Ctrl Pts',(177.392750817033,59.8281689874447,35.9610199751289));
#3835=CARTESIAN_POINT('Ctrl Pts',(177.392750817033,60.,35.9224989991992));
#3836=CARTESIAN_POINT('',(174.780315251734,59.3,36.));
#3837=CARTESIAN_POINT('Ctrl Pts',(177.392750817033,60.,35.9224989991992));
#3838=CARTESIAN_POINT('Ctrl Pts',(177.392750817033,60.1870328587844,35.88057008227));
#3839=CARTESIAN_POINT('Ctrl Pts',(177.353371281268,60.3803043656502,35.8180670960505));
#3840=CARTESIAN_POINT('Ctrl Pts',(177.203284727908,60.7283728548917,35.6697626062366));
#3841=CARTESIAN_POINT('Ctrl Pts',(177.09285485527,60.8835103440601,35.584480571769));
#3842=CARTESIAN_POINT('Ctrl Pts',(176.847712986762,61.1209379338515,35.4349102937881));
#3843=CARTESIAN_POINT('Ctrl Pts',(176.697217464993,61.2234936445544,35.3589313106642));
#3844=CARTESIAN_POINT('Ctrl Pts',(176.360531248041,61.3630651121049,35.247799087482));
#3845=CARTESIAN_POINT('Ctrl Pts',(176.17368503292,61.4,35.2145392935299));
#3846=CARTESIAN_POINT('Ctrl Pts',(175.811816601146,61.4,35.2145392935299));
#3847=CARTESIAN_POINT('Ctrl Pts',(175.624970386025,61.3630651121049,35.247799087482));
#3848=CARTESIAN_POINT('Ctrl Pts',(175.288284169072,61.2234936445544,35.3589313106642));
#3849=CARTESIAN_POINT('Ctrl Pts',(175.137788647303,61.1209379338515,35.4349102937881));
#3850=CARTESIAN_POINT('Ctrl Pts',(174.892646778795,60.8835103440601,35.584480571769));
#3851=CARTESIAN_POINT('Ctrl Pts',(174.782216906158,60.7283728548917,35.6697626062367));
#3852=CARTESIAN_POINT('Ctrl Pts',(174.632130352797,60.3803043656502,35.8180670960505));
#3853=CARTESIAN_POINT('Ctrl Pts',(174.592750817033,60.1870328587844,35.88057008227));
#3854=CARTESIAN_POINT('Ctrl Pts',(174.592750817033,59.8281689874447,35.9610199751289));
#3855=CARTESIAN_POINT('Ctrl Pts',(174.626540122031,59.6421431062973,35.986323479236));
#3856=CARTESIAN_POINT('Ctrl Pts',(174.720868016401,59.4115232159383,35.9985920446923));
#3857=CARTESIAN_POINT('Ctrl Pts',(174.748821368622,59.3545490056788,36.));
#3858=CARTESIAN_POINT('Ctrl Pts',(174.780315251734,59.2999999999999,36.));
#3859=CARTESIAN_POINT('',(173.509343812545,59.3,36.));
#3860=CARTESIAN_POINT('',(116.307257266821,59.3,36.));
#3861=CARTESIAN_POINT('Ctrl Pts',(173.509343812545,59.3,36.));
#3862=CARTESIAN_POINT('Ctrl Pts',(173.49814240019,59.3877404056626,36.));
#3863=CARTESIAN_POINT('Ctrl Pts',(173.492750817033,59.475237406378,35.996356727861));
#3864=CARTESIAN_POINT('Ctrl Pts',(173.492750817033,59.561,35.9893383326327));
#3865=CARTESIAN_POINT('Origin',(175.992750817033,60.,36.));
#3866=CARTESIAN_POINT('Origin',(175.992750817033,60.,36.));
#3867=CARTESIAN_POINT('',(176.431750817033,57.5,36.));
#3868=CARTESIAN_POINT('Origin',(176.431750817033,59.561,36.));
#3869=CARTESIAN_POINT('',(175.553750817033,57.5,36.));
#3870=CARTESIAN_POINT('',(178.492750817033,57.5,36.));
#3871=CARTESIAN_POINT('Origin',(175.553750817033,59.561,36.));
#3872=CARTESIAN_POINT('Origin',(175.553750817033,59.561,39.5));
#3873=CARTESIAN_POINT('',(175.553750817033,57.5,39.5));
#3874=CARTESIAN_POINT('',(175.553750817033,57.5,39.5));
#3875=CARTESIAN_POINT('Origin',(175.553750817033,59.561,39.5));
#3876=CARTESIAN_POINT('Origin',(175.992750817033,60.,39.5));
#3877=CARTESIAN_POINT('',(176.431750817033,57.5,39.5));
#3878=CARTESIAN_POINT('',(178.492750817033,57.5,39.5));
#3879=CARTESIAN_POINT('Origin',(176.431750817033,59.561,39.5));
#3880=CARTESIAN_POINT('',(116.307257266821,62.5,39.5));
#3881=CARTESIAN_POINT('',(177.392750817033,60.,39.5));
#3882=CARTESIAN_POINT('Origin',(175.992750817033,60.,39.5));
#3883=CARTESIAN_POINT('Origin',(176.431750817033,59.561,39.5));
#3884=CARTESIAN_POINT('',(176.431750817033,57.5,39.5));
#3885=CARTESIAN_POINT('Origin',(61.4244161822705,58.959,39.5));
#3886=CARTESIAN_POINT('',(59.9654161822705,58.959,36.));
#3887=CARTESIAN_POINT('',(61.4244161822705,57.5,36.));
#3888=CARTESIAN_POINT('Origin',(61.4244161822705,58.959,36.));
#3889=CARTESIAN_POINT('',(61.4244161822705,57.5,39.5));
#3890=CARTESIAN_POINT('',(61.4244161822705,57.5,39.5));
#3891=CARTESIAN_POINT('',(59.9654161822705,58.959,39.5));
#3892=CARTESIAN_POINT('Origin',(61.4244161822705,58.959,39.5));
#3893=CARTESIAN_POINT('',(59.9654161822705,58.959,39.5));
#3894=CARTESIAN_POINT('Origin',(59.9654161822705,57.5,39.5));
#3895=CARTESIAN_POINT('',(59.9654161822705,61.,39.5));
#3896=CARTESIAN_POINT('',(59.9654161822705,57.5,39.5));
#3897=CARTESIAN_POINT('',(59.9654161822705,61.,35.5110883423452));
#3898=CARTESIAN_POINT('',(59.9654161822705,61.,19.75));
#3899=CARTESIAN_POINT('',(59.9654161822705,59.3,36.));
#3900=CARTESIAN_POINT('Origin',(59.9654161822705,59.3,32.8));
#3901=CARTESIAN_POINT('',(59.9654161822705,57.5,36.));
#3902=CARTESIAN_POINT('Origin',(62.4654161822705,60.,39.5));
#3903=CARTESIAN_POINT('',(63.5064161822705,57.5,39.5));
#3904=CARTESIAN_POINT('',(64.9654161822705,57.5,39.5));
#3905=CARTESIAN_POINT('',(64.9654161822705,58.959,39.5));
#3906=CARTESIAN_POINT('Origin',(63.5064161822705,58.959,39.5));
#3907=CARTESIAN_POINT('',(64.9654161822705,61.,39.5));
#3908=CARTESIAN_POINT('',(64.9654161822705,62.5,39.5));
#3909=CARTESIAN_POINT('',(66.4654161822705,62.5,39.5));
#3910=CARTESIAN_POINT('Origin',(66.4654161822705,61.,39.5));
#3911=CARTESIAN_POINT('',(58.4654161822705,62.5,39.5));
#3912=CARTESIAN_POINT('',(59.5435899494402,62.5,39.5));
#3913=CARTESIAN_POINT('Origin',(58.4654161822705,61.,39.5));
#3914=CARTESIAN_POINT('',(63.8654161822705,60.,39.5));
#3915=CARTESIAN_POINT('Origin',(62.4654161822705,60.,39.5));
#3916=CARTESIAN_POINT('Origin',(63.5064161822705,58.959,39.5));
#3917=CARTESIAN_POINT('',(63.5064161822705,57.5,36.));
#3918=CARTESIAN_POINT('',(64.9654161822705,58.959,36.));
#3919=CARTESIAN_POINT('Origin',(63.5064161822705,58.959,36.));
#3920=CARTESIAN_POINT('',(64.9654161822705,58.959,39.5));
#3921=CARTESIAN_POINT('',(63.5064161822705,57.5,39.5));
#3922=CARTESIAN_POINT('Origin',(64.9654161822705,62.5,39.5));
#3923=CARTESIAN_POINT('',(64.9654161822705,59.3,36.));
#3924=CARTESIAN_POINT('',(64.9654161822705,62.5,36.));
#3925=CARTESIAN_POINT('',(64.9654161822705,61.,35.5110883423452));
#3926=CARTESIAN_POINT('Origin',(64.9654161822705,59.3,32.8));
#3927=CARTESIAN_POINT('',(64.9654161822705,61.,19.75));
#3928=CARTESIAN_POINT('Origin',(58.4654161822705,61.,19.75));
#3929=CARTESIAN_POINT('',(58.4654161822705,62.5,32.8));
#3930=CARTESIAN_POINT('Ctrl Pts',(58.4654161822705,62.5,32.8));
#3931=CARTESIAN_POINT('Ctrl Pts',(58.6574301911129,62.5,33.0804544106666));
#3932=CARTESIAN_POINT('Ctrl Pts',(58.8668508221124,62.4612172624656,33.3858886400131));
#3933=CARTESIAN_POINT('Ctrl Pts',(59.2614520485819,62.2894307315347,33.9831589155667));
#3934=CARTESIAN_POINT('Ctrl Pts',(59.4462768751643,62.1562317133732,34.2751737764477));
#3935=CARTESIAN_POINT('Ctrl Pts',(59.6920466480894,61.8764770407962,34.7093713373352));
#3936=CARTESIAN_POINT('Ctrl Pts',(59.7880086014101,61.7309572822706,34.8947725910576));
#3937=CARTESIAN_POINT('Ctrl Pts',(59.9250373656214,61.3912225028427,35.2340120131287));
#3938=CARTESIAN_POINT('Ctrl Pts',(59.9654161822705,61.1966551895659,35.3877748312949));
#3939=CARTESIAN_POINT('Ctrl Pts',(59.9654161822705,61.,35.5110883423452));
#3940=CARTESIAN_POINT('',(58.4654161822705,62.5,19.75));
#3941=CARTESIAN_POINT('Origin',(66.4654161822705,61.,19.75));
#3942=CARTESIAN_POINT('',(66.4654161822705,62.5,32.8));
#3943=CARTESIAN_POINT('Ctrl Pts',(64.9654161822705,61.,35.5110883423452));
#3944=CARTESIAN_POINT('Ctrl Pts',(64.9654161822705,61.1966551895659,35.3877748312949));
#3945=CARTESIAN_POINT('Ctrl Pts',(65.0057949989196,61.3912225028427,35.2340120131287));
#3946=CARTESIAN_POINT('Ctrl Pts',(65.1428237631309,61.7309572822706,34.8947725910576));
#3947=CARTESIAN_POINT('Ctrl Pts',(65.2387857164516,61.8764770407962,34.7093713373352));
#3948=CARTESIAN_POINT('Ctrl Pts',(65.4845554893767,62.1562317133732,34.2751737764477));
#3949=CARTESIAN_POINT('Ctrl Pts',(65.6693803159591,62.2894307315347,33.9831589155667));
#3950=CARTESIAN_POINT('Ctrl Pts',(66.0639815424286,62.4612172624656,33.3858886400131));
#3951=CARTESIAN_POINT('Ctrl Pts',(66.2734021734281,62.5,33.0804544106666));
#3952=CARTESIAN_POINT('Ctrl Pts',(66.4654161822705,62.5,32.8));
#3953=CARTESIAN_POINT('',(66.4654161822705,62.5,19.75));
#3954=CARTESIAN_POINT('Origin',(59.5435899494402,59.3,32.8));
#3955=CARTESIAN_POINT('',(61.2529806169723,59.3,36.));
#3956=CARTESIAN_POINT('',(63.8654161822705,60.,35.9224989991992));
#3957=CARTESIAN_POINT('Ctrl Pts',(63.8654161822705,60.,35.9224989991992));
#3958=CARTESIAN_POINT('Ctrl Pts',(63.8654161822705,60.1870328587844,35.88057008227));
#3959=CARTESIAN_POINT('Ctrl Pts',(63.8260366465063,60.3803043656502,35.8180670960505));
#3960=CARTESIAN_POINT('Ctrl Pts',(63.6759500931455,60.7283728548917,35.6697626062367));
#3961=CARTESIAN_POINT('Ctrl Pts',(63.5655202205079,60.8835103440601,35.584480571769));
#3962=CARTESIAN_POINT('Ctrl Pts',(63.3203783519996,61.1209379338514,35.4349102937881));
#3963=CARTESIAN_POINT('Ctrl Pts',(63.1698828302312,61.2234936445544,35.3589313106642));
#3964=CARTESIAN_POINT('Ctrl Pts',(62.8331966132784,61.3630651121049,35.2477990874821));
#3965=CARTESIAN_POINT('Ctrl Pts',(62.6463503981576,61.4,35.2145392935299));
#3966=CARTESIAN_POINT('Ctrl Pts',(62.2844819663834,61.4,35.2145392935299));
#3967=CARTESIAN_POINT('Ctrl Pts',(62.0976357512626,61.3630651121049,35.2477990874821));
#3968=CARTESIAN_POINT('Ctrl Pts',(61.7609495343098,61.2234936445544,35.3589313106642));
#3969=CARTESIAN_POINT('Ctrl Pts',(61.6104540125414,61.1209379338514,35.4349102937881));
#3970=CARTESIAN_POINT('Ctrl Pts',(61.3653121440331,60.8835103440601,35.584480571769));
#3971=CARTESIAN_POINT('Ctrl Pts',(61.2548822713955,60.7283728548917,35.6697626062367));
#3972=CARTESIAN_POINT('Ctrl Pts',(61.1047957180347,60.3803043656502,35.8180670960505));
#3973=CARTESIAN_POINT('Ctrl Pts',(61.0654161822705,60.1870328587844,35.88057008227));
#3974=CARTESIAN_POINT('Ctrl Pts',(61.0654161822705,59.8281689874447,35.9610199751289));
#3975=CARTESIAN_POINT('Ctrl Pts',(61.0992054872686,59.6421431062973,35.986323479236));
#3976=CARTESIAN_POINT('Ctrl Pts',(61.1935333816385,59.4115232159383,35.9985920446923));
#3977=CARTESIAN_POINT('Ctrl Pts',(61.2214867338596,59.3545490056788,36.));
#3978=CARTESIAN_POINT('Ctrl Pts',(61.2529806169724,59.2999999999999,36.));
#3979=CARTESIAN_POINT('',(59.5435899494402,59.3,36.));
#3980=CARTESIAN_POINT('',(59.5435899494402,62.5,32.8));
#3981=CARTESIAN_POINT('',(63.6778517475687,59.3,36.));
#3982=CARTESIAN_POINT('',(59.5435899494402,59.3,36.));
#3983=CARTESIAN_POINT('Ctrl Pts',(63.6778517475687,59.2999999999999,36.));
#3984=CARTESIAN_POINT('Ctrl Pts',(63.7093456306814,59.3545490056788,36.));
#3985=CARTESIAN_POINT('Ctrl Pts',(63.7372989829025,59.4115232159383,35.9985920446923));
#3986=CARTESIAN_POINT('Ctrl Pts',(63.8316268772724,59.6421431062973,35.986323479236));
#3987=CARTESIAN_POINT('Ctrl Pts',(63.8654161822705,59.8281689874447,35.9610199751289));
#3988=CARTESIAN_POINT('Ctrl Pts',(63.8654161822705,60.,35.9224989991992));
#3989=CARTESIAN_POINT('Origin',(62.4654161822705,60.,36.));
#3990=CARTESIAN_POINT('Origin',(62.4654161822705,60.,36.));
#3991=CARTESIAN_POINT('',(64.9654161822705,57.5,36.));
#3992=CARTESIAN_POINT('Origin',(175.992750817033,60.,39.5));
#3993=CARTESIAN_POINT('',(177.392750817033,60.,39.5));
#3994=CARTESIAN_POINT('Origin',(178.492750817033,57.5,39.5));
#3995=CARTESIAN_POINT('Origin',(62.4654161822705,60.,39.5));
#3996=CARTESIAN_POINT('',(63.8654161822705,60.,39.5));
#3997=CARTESIAN_POINT('Origin',(64.9654161822705,57.5,39.5));
#3998=CARTESIAN_POINT('Origin',(58.1217637166098,-28.,20.));
#3999=CARTESIAN_POINT('',(56.6217637166098,-28.,40.));
#4000=CARTESIAN_POINT('',(58.1217637166098,-29.5,40.));
#4001=CARTESIAN_POINT('Origin',(58.1217637166098,-28.,40.));
#4002=CARTESIAN_POINT('',(58.1217637166098,-29.5,36.0110883423452));
#4003=CARTESIAN_POINT('',(58.1217637166098,-29.5,20.));
#4004=CARTESIAN_POINT('',(56.6217637166098,-28.,33.3));
#4005=CARTESIAN_POINT('Ctrl Pts',(58.1217637166098,-29.5,36.0110883423452));
#4006=CARTESIAN_POINT('Ctrl Pts',(57.9251085270439,-29.5,35.8877748312949));
#4007=CARTESIAN_POINT('Ctrl Pts',(57.7305412137672,-29.4596211833509,35.7340120131287));
#4008=CARTESIAN_POINT('Ctrl Pts',(57.3908064343392,-29.3225924191396,35.3947725910576));
#4009=CARTESIAN_POINT('Ctrl Pts',(57.2452866758137,-29.2266304658189,35.2093713373352));
#4010=CARTESIAN_POINT('Ctrl Pts',(56.9655320032366,-28.9808606928938,34.7751737764477));
#4011=CARTESIAN_POINT('Ctrl Pts',(56.8323329850751,-28.7960358663114,34.4831589155667));
#4012=CARTESIAN_POINT('Ctrl Pts',(56.6605464541442,-28.4014346398418,33.8858886400131));
#4013=CARTESIAN_POINT('Ctrl Pts',(56.6217637166098,-28.1920140088424,33.5804544106666));
#4014=CARTESIAN_POINT('Ctrl Pts',(56.6217637166098,-28.,33.3));
#4015=CARTESIAN_POINT('',(56.6217637166098,-28.,20.));
#4016=CARTESIAN_POINT('Origin',(56.6217637166098,-29.5,40.));
#4017=CARTESIAN_POINT('',(59.8717637166098,-29.5,40.));
#4018=CARTESIAN_POINT('',(59.8717637166098,-29.5,40.));
#4019=CARTESIAN_POINT('',(59.8717637166098,-29.5,36.5));
#4020=CARTESIAN_POINT('',(59.8717637166098,-29.5,40.));
#4021=CARTESIAN_POINT('',(59.8217637166098,-29.5,36.5));
#4022=CARTESIAN_POINT('',(59.8717637166098,-29.5,36.5));
#4023=CARTESIAN_POINT('Origin',(59.8217637166098,-29.5,33.3));
#4024=CARTESIAN_POINT('Origin',(63.1217637166098,-33.,20.));
#4025=CARTESIAN_POINT('',(63.1217637166098,-34.5,33.3));
#4026=CARTESIAN_POINT('',(61.6217637166098,-33.,36.0110883423452));
#4027=CARTESIAN_POINT('Ctrl Pts',(63.1217637166098,-34.5,33.3));
#4028=CARTESIAN_POINT('Ctrl Pts',(62.9297497077674,-34.5,33.5804544106666));
#4029=CARTESIAN_POINT('Ctrl Pts',(62.720329076768,-34.4612172624656,33.8858886400131));
#4030=CARTESIAN_POINT('Ctrl Pts',(62.3257278502984,-34.2894307315347,34.4831589155667));
#4031=CARTESIAN_POINT('Ctrl Pts',(62.140903023716,-34.1562317133732,34.7751737764477));
#4032=CARTESIAN_POINT('Ctrl Pts',(61.8951332507909,-33.8764770407962,35.2093713373352));
#4033=CARTESIAN_POINT('Ctrl Pts',(61.7991712974702,-33.7309572822706,35.3947725910576));
#4034=CARTESIAN_POINT('Ctrl Pts',(61.6621425332589,-33.3912225028427,35.7340120131287));
#4035=CARTESIAN_POINT('Ctrl Pts',(61.6217637166098,-33.1966551895659,35.8877748312949));
#4036=CARTESIAN_POINT('Ctrl Pts',(61.6217637166098,-33.,36.0110883423452));
#4037=CARTESIAN_POINT('',(61.6217637166098,-33.,40.));
#4038=CARTESIAN_POINT('',(61.6217637166098,-33.,20.));
#4039=CARTESIAN_POINT('',(63.1217637166098,-34.5,40.));
#4040=CARTESIAN_POINT('Origin',(63.1217637166098,-33.,40.));
#4041=CARTESIAN_POINT('',(63.1217637166098,-34.5,20.));
#4042=CARTESIAN_POINT('Origin',(61.6217637166098,-31.25,40.));
#4043=CARTESIAN_POINT('',(61.6217637166098,-31.3,36.5));
#4044=CARTESIAN_POINT('Origin',(61.6217637166098,-31.3,33.3));
#4045=CARTESIAN_POINT('',(61.6217637166098,-31.25,36.5));
#4046=CARTESIAN_POINT('',(61.6217637166098,-34.5,36.5));
#4047=CARTESIAN_POINT('',(61.6217637166098,-31.25,40.));
#4048=CARTESIAN_POINT('',(61.6217637166098,-31.25,40.));
#4049=CARTESIAN_POINT('',(61.6217637166098,-34.5,40.));
#4050=CARTESIAN_POINT('Origin',(120.810881858305,-31.3,33.3));
#4051=CARTESIAN_POINT('',(60.334199281908,-31.3,36.5));
#4052=CARTESIAN_POINT('',(60.5217637166098,-32.,36.4224989991992));
#4053=CARTESIAN_POINT('Ctrl Pts',(60.5217637166098,-32.,36.4224989991992));
#4054=CARTESIAN_POINT('Ctrl Pts',(60.5217637166098,-31.8281689874447,36.4610199751289));
#4055=CARTESIAN_POINT('Ctrl Pts',(60.4879744116117,-31.6421431062973,36.486323479236));
#4056=CARTESIAN_POINT('Ctrl Pts',(60.3936465172418,-31.4115232159382,36.4985920446923));
#4057=CARTESIAN_POINT('Ctrl Pts',(60.3656931650207,-31.3545490056788,36.5));
#4058=CARTESIAN_POINT('Ctrl Pts',(60.334199281908,-31.2999999999999,36.5));
#4059=CARTESIAN_POINT('',(120.810881858305,-31.3,36.5));
#4060=CARTESIAN_POINT('',(56.6217637166098,-34.5,33.3));
#4061=CARTESIAN_POINT('',(120.810881858305,-34.5,33.3));
#4062=CARTESIAN_POINT('',(58.1318142229486,-32.9899494936612,36.0173646624762));
#4063=CARTESIAN_POINT('Origin',(59.8217637166098,-31.3,33.3));
#4064=CARTESIAN_POINT('Ctrl Pts',(58.1318142229487,-32.9899494936612,36.0173646624762));
#4065=CARTESIAN_POINT('Ctrl Pts',(58.1371032177563,-32.9952384884688,36.0140753968798));
#4066=CARTESIAN_POINT('Ctrl Pts',(58.1424204198917,-33.000470910506,36.0107998994786));
#4067=CARTESIAN_POINT('Ctrl Pts',(58.2668015468807,-33.1209379338514,35.9349102937881));
#4068=CARTESIAN_POINT('Ctrl Pts',(58.4172970686491,-33.2234936445544,35.8589313106642));
#4069=CARTESIAN_POINT('Ctrl Pts',(58.7539832856019,-33.3630651121049,35.747799087482));
#4070=CARTESIAN_POINT('Ctrl Pts',(58.9408295007227,-33.4,35.7145392935299));
#4071=CARTESIAN_POINT('Ctrl Pts',(59.3026979324969,-33.4,35.7145392935299));
#4072=CARTESIAN_POINT('Ctrl Pts',(59.4895441476177,-33.3630651121049,35.747799087482));
#4073=CARTESIAN_POINT('Ctrl Pts',(59.8262303645706,-33.2234936445544,35.8589313106642));
#4074=CARTESIAN_POINT('Ctrl Pts',(59.976725886339,-33.1209379338514,35.9349102937881));
#4075=CARTESIAN_POINT('Ctrl Pts',(60.2218677548472,-32.8835103440601,36.084480571769));
#4076=CARTESIAN_POINT('Ctrl Pts',(60.3322976274848,-32.7283728548917,36.1697626062367));
#4077=CARTESIAN_POINT('Ctrl Pts',(60.4823841808457,-32.3803043656502,36.3180670960505));
#4078=CARTESIAN_POINT('Ctrl Pts',(60.5217637166098,-32.1870328587844,36.38057008227));
#4079=CARTESIAN_POINT('Ctrl Pts',(60.5217637166098,-32.,36.4224989991992));
#4080=CARTESIAN_POINT('Origin',(59.8217637166098,-33.25,33.3));
#4081=CARTESIAN_POINT('',(59.8217637166098,-30.7875644347018,36.5));
#4082=CARTESIAN_POINT('Ctrl Pts',(59.8217637166099,-30.7875644347018,36.5));
#4083=CARTESIAN_POINT('Ctrl Pts',(59.767214710931,-30.7560705515891,36.5));
#4084=CARTESIAN_POINT('Ctrl Pts',(59.7102405006716,-30.728117199368,36.4985920446923));
#4085=CARTESIAN_POINT('Ctrl Pts',(59.4796206103125,-30.6337893049981,36.486323479236));
#4086=CARTESIAN_POINT('Ctrl Pts',(59.2935947291651,-30.6,36.4610199751289));
#4087=CARTESIAN_POINT('Ctrl Pts',(58.9347308578254,-30.6,36.38057008227));
#4088=CARTESIAN_POINT('Ctrl Pts',(58.7414593509596,-30.6393795357641,36.3180670960505));
#4089=CARTESIAN_POINT('Ctrl Pts',(58.3933908617181,-30.789466089125,36.1697626062366));
#4090=CARTESIAN_POINT('Ctrl Pts',(58.2382533725497,-30.8998959617626,36.084480571769));
#4091=CARTESIAN_POINT('Ctrl Pts',(58.0008257827584,-31.1450378302708,35.9349102937881));
#4092=CARTESIAN_POINT('Ctrl Pts',(57.8982700720554,-31.2955333520393,35.8589313106642));
#4093=CARTESIAN_POINT('Ctrl Pts',(57.7586986045049,-31.6322195689921,35.747799087482));
#4094=CARTESIAN_POINT('Ctrl Pts',(57.7217637166098,-31.8190657841129,35.7145392935299));
#4095=CARTESIAN_POINT('Ctrl Pts',(57.7217637166098,-32.1809342158871,35.7145392935299));
#4096=CARTESIAN_POINT('Ctrl Pts',(57.7586986045049,-32.3677804310079,35.747799087482));
#4097=CARTESIAN_POINT('Ctrl Pts',(57.8982700720554,-32.7044666479607,35.8589313106642));
#4098=CARTESIAN_POINT('Ctrl Pts',(58.0008257827584,-32.8549621697291,35.9349102937881));
#4099=CARTESIAN_POINT('Ctrl Pts',(58.1212928061038,-32.9793432967181,36.0107998994786));
#4100=CARTESIAN_POINT('Ctrl Pts',(58.126525228141,-32.9846604988535,36.0140753968798));
#4101=CARTESIAN_POINT('Ctrl Pts',(58.1318142229486,-32.9899494936612,36.0173646624762));
#4102=CARTESIAN_POINT('',(56.6217637166098,-33.25,33.3));
#4103=CARTESIAN_POINT('',(59.8217637166098,-33.25,36.5));
#4104=CARTESIAN_POINT('Origin',(59.1217637166098,-32.,36.5));
#4105=CARTESIAN_POINT('Origin',(59.1217637166098,-32.,36.5));
#4106=CARTESIAN_POINT('Origin',(59.8717637166098,-31.25,36.5));
#4107=CARTESIAN_POINT('Origin',(176.,-33.,20.));
#4108=CARTESIAN_POINT('',(176.,-34.5,40.));
#4109=CARTESIAN_POINT('',(177.5,-33.,40.));
#4110=CARTESIAN_POINT('Origin',(176.,-33.,40.));
#4111=CARTESIAN_POINT('',(177.5,-33.,36.0110883423452));
#4112=CARTESIAN_POINT('',(177.5,-33.,20.));
#4113=CARTESIAN_POINT('',(176.,-34.5,33.3));
#4114=CARTESIAN_POINT('Ctrl Pts',(177.5,-33.,36.0110883423452));
#4115=CARTESIAN_POINT('Ctrl Pts',(177.5,-33.1966551895659,35.8877748312949));
#4116=CARTESIAN_POINT('Ctrl Pts',(177.459621183351,-33.3912225028427,35.7340120131286));
#4117=CARTESIAN_POINT('Ctrl Pts',(177.32259241914,-33.7309572822706,35.3947725910576));
#4118=CARTESIAN_POINT('Ctrl Pts',(177.226630465819,-33.8764770407962,35.2093713373351));
#4119=CARTESIAN_POINT('Ctrl Pts',(176.980860692894,-34.1562317133732,34.7751737764477));
#4120=CARTESIAN_POINT('Ctrl Pts',(176.796035866311,-34.2894307315347,34.4831589155667));
#4121=CARTESIAN_POINT('Ctrl Pts',(176.401434639842,-34.4612172624656,33.8858886400131));
#4122=CARTESIAN_POINT('Ctrl Pts',(176.192014008842,-34.5,33.5804544106666));
#4123=CARTESIAN_POINT('Ctrl Pts',(176.,-34.5,33.3));
#4124=CARTESIAN_POINT('',(176.,-34.5,20.));
#4125=CARTESIAN_POINT('Origin',(177.5,-34.5,40.));
#4126=CARTESIAN_POINT('',(177.5,-31.25,40.));
#4127=CARTESIAN_POINT('',(177.5,-34.5,40.));
#4128=CARTESIAN_POINT('',(177.5,-31.25,36.5));
#4129=CARTESIAN_POINT('',(177.5,-31.25,40.));
#4130=CARTESIAN_POINT('',(177.5,-31.3,36.5));
#4131=CARTESIAN_POINT('',(177.5,-34.5,36.5));
#4132=CARTESIAN_POINT('Origin',(177.5,-31.3,33.3));
#4133=CARTESIAN_POINT('Origin',(181.,-28.,20.));
#4134=CARTESIAN_POINT('',(182.5,-28.,33.3));
#4135=CARTESIAN_POINT('',(181.,-29.5,36.0110883423452));
#4136=CARTESIAN_POINT('Ctrl Pts',(182.5,-28.,33.3));
#4137=CARTESIAN_POINT('Ctrl Pts',(182.5,-28.1920140088424,33.5804544106666));
#4138=CARTESIAN_POINT('Ctrl Pts',(182.461217262466,-28.4014346398419,33.8858886400131));
#4139=CARTESIAN_POINT('Ctrl Pts',(182.289430731535,-28.7960358663114,34.4831589155666));
#4140=CARTESIAN_POINT('Ctrl Pts',(182.156231713373,-28.9808606928938,34.7751737764477));
#4141=CARTESIAN_POINT('Ctrl Pts',(181.876477040796,-29.2266304658189,35.2093713373351));
#4142=CARTESIAN_POINT('Ctrl Pts',(181.730957282271,-29.3225924191396,35.3947725910575));
#4143=CARTESIAN_POINT('Ctrl Pts',(181.391222502843,-29.4596211833509,35.7340120131286));
#4144=CARTESIAN_POINT('Ctrl Pts',(181.196655189566,-29.5,35.8877748312949));
#4145=CARTESIAN_POINT('Ctrl Pts',(181.,-29.5,36.0110883423452));
#4146=CARTESIAN_POINT('',(181.,-29.5,40.));
#4147=CARTESIAN_POINT('',(181.,-29.5,20.));
#4148=CARTESIAN_POINT('',(182.5,-28.,40.));
#4149=CARTESIAN_POINT('Origin',(181.,-28.,40.));
#4150=CARTESIAN_POINT('',(182.5,-28.,20.));
#4151=CARTESIAN_POINT('Origin',(179.25,-29.5,40.));
#4152=CARTESIAN_POINT('',(179.3,-29.5,36.5));
#4153=CARTESIAN_POINT('Origin',(179.3,-29.5,33.3));
#4154=CARTESIAN_POINT('',(179.25,-29.5,36.5));
#4155=CARTESIAN_POINT('',(179.25,-29.5,36.5));
#4156=CARTESIAN_POINT('',(179.25,-29.5,40.));
#4157=CARTESIAN_POINT('',(179.25,-29.5,40.));
#4158=CARTESIAN_POINT('',(179.25,-29.5,40.));
#4159=CARTESIAN_POINT('Origin',(179.3,15.25,33.3));
#4160=CARTESIAN_POINT('',(179.3,-30.7875644347018,36.5));
#4161=CARTESIAN_POINT('',(181.4,-32.,35.7145392935299));
#4162=CARTESIAN_POINT('Ctrl Pts',(181.4,-32.,35.7145392935299));
#4163=CARTESIAN_POINT('Ctrl Pts',(181.4,-31.8190657841129,35.7145392935299));
#4164=CARTESIAN_POINT('Ctrl Pts',(181.363065112105,-31.6322195689921,35.747799087482));
#4165=CARTESIAN_POINT('Ctrl Pts',(181.223493644554,-31.2955333520393,35.8589313106642));
#4166=CARTESIAN_POINT('Ctrl Pts',(181.120937933851,-31.1450378302708,35.9349102937881));
#4167=CARTESIAN_POINT('Ctrl Pts',(180.88351034406,-30.8998959617626,36.084480571769));
#4168=CARTESIAN_POINT('Ctrl Pts',(180.728372854892,-30.789466089125,36.1697626062367));
#4169=CARTESIAN_POINT('Ctrl Pts',(180.38030436565,-30.6393795357641,36.3180670960505));
#4170=CARTESIAN_POINT('Ctrl Pts',(180.187032858784,-30.6,36.38057008227));
#4171=CARTESIAN_POINT('Ctrl Pts',(179.828168987445,-30.6,36.4610199751289));
#4172=CARTESIAN_POINT('Ctrl Pts',(179.642143106297,-30.6337893049981,36.486323479236));
#4173=CARTESIAN_POINT('Ctrl Pts',(179.411523215938,-30.728117199368,36.4985920446923));
#4174=CARTESIAN_POINT('Ctrl Pts',(179.354549005679,-30.7560705515891,36.5));
#4175=CARTESIAN_POINT('Ctrl Pts',(179.3,-30.7875644347018,36.5));
#4176=CARTESIAN_POINT('',(179.3,15.25,36.5));
#4177=CARTESIAN_POINT('',(182.5,-34.5,33.3));
#4178=CARTESIAN_POINT('',(182.5,15.25,33.3));
#4179=CARTESIAN_POINT('',(180.989949493661,-32.9899494936612,36.0173646624762));
#4180=CARTESIAN_POINT('Origin',(179.3,-31.3,33.3));
#4181=CARTESIAN_POINT('Ctrl Pts',(180.989949493661,-32.9899494936611,36.0173646624762));
#4182=CARTESIAN_POINT('Ctrl Pts',(180.995238488469,-32.9846604988535,36.0140753968798));
#4183=CARTESIAN_POINT('Ctrl Pts',(181.000470910506,-32.9793432967181,36.0107998994786));
#4184=CARTESIAN_POINT('Ctrl Pts',(181.120937933851,-32.8549621697291,35.9349102937881));
#4185=CARTESIAN_POINT('Ctrl Pts',(181.223493644554,-32.7044666479607,35.8589313106642));
#4186=CARTESIAN_POINT('Ctrl Pts',(181.363065112105,-32.3677804310079,35.747799087482));
#4187=CARTESIAN_POINT('Ctrl Pts',(181.4,-32.1809342158871,35.7145392935299));
#4188=CARTESIAN_POINT('Ctrl Pts',(181.4,-32.,35.7145392935299));
#4189=CARTESIAN_POINT('Origin',(181.25,-31.3,33.3));
#4190=CARTESIAN_POINT('',(178.787564434702,-31.3,36.5));
#4191=CARTESIAN_POINT('Ctrl Pts',(178.787564434702,-31.2999999999999,36.5));
#4192=CARTESIAN_POINT('Ctrl Pts',(178.756070551589,-31.3545490056788,36.5));
#4193=CARTESIAN_POINT('Ctrl Pts',(178.728117199368,-31.4115232159382,36.4985920446923));
#4194=CARTESIAN_POINT('Ctrl Pts',(178.633789304998,-31.6421431062973,36.486323479236));
#4195=CARTESIAN_POINT('Ctrl Pts',(178.6,-31.8281689874447,36.4610199751289));
#4196=CARTESIAN_POINT('Ctrl Pts',(178.6,-32.1870328587844,36.38057008227));
#4197=CARTESIAN_POINT('Ctrl Pts',(178.639379535764,-32.3803043656502,36.3180670960505));
#4198=CARTESIAN_POINT('Ctrl Pts',(178.789466089125,-32.7283728548917,36.1697626062366));
#4199=CARTESIAN_POINT('Ctrl Pts',(178.899895961763,-32.8835103440601,36.084480571769));
#4200=CARTESIAN_POINT('Ctrl Pts',(179.145037830271,-33.1209379338514,35.9349102937881));
#4201=CARTESIAN_POINT('Ctrl Pts',(179.295533352039,-33.2234936445544,35.8589313106642));
#4202=CARTESIAN_POINT('Ctrl Pts',(179.632219568992,-33.3630651121049,35.7477990874821));
#4203=CARTESIAN_POINT('Ctrl Pts',(179.819065784113,-33.4,35.7145392935299));
#4204=CARTESIAN_POINT('Ctrl Pts',(180.180934215887,-33.4,35.7145392935299));
#4205=CARTESIAN_POINT('Ctrl Pts',(180.367780431008,-33.3630651121049,35.7477990874821));
#4206=CARTESIAN_POINT('Ctrl Pts',(180.704466647961,-33.2234936445544,35.8589313106642));
#4207=CARTESIAN_POINT('Ctrl Pts',(180.854962169729,-33.1209379338514,35.9349102937881));
#4208=CARTESIAN_POINT('Ctrl Pts',(180.979343296718,-33.000470910506,36.0107998994786));
#4209=CARTESIAN_POINT('Ctrl Pts',(180.984660498854,-32.9952384884688,36.0140753968798));
#4210=CARTESIAN_POINT('Ctrl Pts',(180.989949493661,-32.9899494936612,36.0173646624762));
#4211=CARTESIAN_POINT('',(181.25,-34.5,33.3));
#4212=CARTESIAN_POINT('',(181.25,-31.3,36.5));
#4213=CARTESIAN_POINT('Origin',(180.,-32.,36.5));
#4214=CARTESIAN_POINT('Origin',(180.,-32.,36.5));
#4215=CARTESIAN_POINT('Origin',(179.25,-31.25,36.5));
#4216=CARTESIAN_POINT('Origin',(180.,-32.,40.));
#4217=CARTESIAN_POINT('',(181.4,-32.,40.));
#4218=CARTESIAN_POINT('',(181.4,-32.,40.));
#4219=CARTESIAN_POINT('Origin',(180.,-32.,40.));
#4220=CARTESIAN_POINT('Origin',(179.25,-31.25,40.));
#4221=CARTESIAN_POINT('Origin',(179.25,-31.25,40.));
#4222=CARTESIAN_POINT('Origin',(180.,-32.,40.));
#4223=CARTESIAN_POINT('',(182.5,-34.5,40.));
#4224=CARTESIAN_POINT('',(181.25,-34.5,40.));
#4225=CARTESIAN_POINT('',(182.5,15.25,40.));
#4226=CARTESIAN_POINT('Origin',(182.5,-34.5,0.));
#4227=CARTESIAN_POINT('',(56.6217637166098,-34.5,40.));
#4228=CARTESIAN_POINT('',(120.810881858305,-34.5,40.));
#4229=CARTESIAN_POINT('',(56.6217637166098,-34.5,42.));
#4230=CARTESIAN_POINT('',(56.6217637166098,-34.5,0.));
#4231=CARTESIAN_POINT('',(182.5,-34.5,42.));
#4232=CARTESIAN_POINT('',(182.5,-34.5,42.));
#4233=CARTESIAN_POINT('',(182.5,-34.5,0.));
#4234=CARTESIAN_POINT('',(182.5,-34.5,2.));
#4235=CARTESIAN_POINT('',(182.5,-34.5,0.));
#4236=CARTESIAN_POINT('',(56.6217637166098,-34.5,2.));
#4237=CARTESIAN_POINT('',(151.030440929152,-34.5,2.));
#4238=CARTESIAN_POINT('',(56.6217637166098,-34.5,0.));
#4239=CARTESIAN_POINT('',(98.0000014603138,-34.5,7.00000010430813));
#4240=CARTESIAN_POINT('',(98.0000014603138,-34.5,19.0000002831221));
#4241=CARTESIAN_POINT('',(98.0000014603138,-34.5,3.50000005215406));
#4242=CARTESIAN_POINT('',(85.0000012665987,-34.5,18.9999997615814));
#4243=CARTESIAN_POINT('',(140.250000349031,-34.5,19.0000019781291));
#4244=CARTESIAN_POINT('',(85.0000012665987,-34.5,7.00000010430813));
#4245=CARTESIAN_POINT('',(85.0000012665987,-34.5,9.49999988079071));
#4246=CARTESIAN_POINT('',(133.750000633299,-34.5,7.00000010430813));
#4247=CARTESIAN_POINT('Origin',(59.1217637166098,-32.,40.));
#4248=CARTESIAN_POINT('',(60.5217637166098,-32.,40.));
#4249=CARTESIAN_POINT('',(60.5217637166098,-32.,40.));
#4250=CARTESIAN_POINT('Origin',(59.1217637166098,-32.,40.));
#4251=CARTESIAN_POINT('Origin',(59.8717637166098,-31.25,40.));
#4252=CARTESIAN_POINT('Origin',(59.8717637166098,-31.25,40.));
#4253=CARTESIAN_POINT('Origin',(59.1217637166098,-32.,40.));
#4254=CARTESIAN_POINT('',(56.6217637166098,-33.25,40.));
#4255=CARTESIAN_POINT('Origin',(56.6217637166098,-34.5,0.));
#4256=CARTESIAN_POINT('',(56.6217637166098,62.5,2.));
#4257=CARTESIAN_POINT('',(56.6217637166098,-10.25,2.));
#4258=CARTESIAN_POINT('',(56.6217637166098,62.5,42.));
#4259=CARTESIAN_POINT('',(56.6217637166098,62.5,0.));
#4260=CARTESIAN_POINT('',(56.6217637166098,-34.5,42.));
#4261=CARTESIAN_POINT('',(56.6217637166098,59.6873455202939,5.616885907268));
#4262=CARTESIAN_POINT('Origin',(56.6217637166098,58.3873455202939,5.616885907268));
#4263=CARTESIAN_POINT('',(56.6217637166098,59.6873455202939,37.7478859072678));
#4264=CARTESIAN_POINT('Origin',(56.6217637166098,58.3873455202939,37.7478859072678));
#4265=CARTESIAN_POINT('',(56.6217637166098,27.5563455202939,5.616885907268));
#4266=CARTESIAN_POINT('Origin',(56.6217637166098,26.2563455202939,5.616885907268));
#4267=CARTESIAN_POINT('',(56.6217637166098,61.625,23.2598152662562));
#4268=CARTESIAN_POINT('',(56.6217637166098,61.625,20.1049565482797));
#4269=CARTESIAN_POINT('',(56.6217637166098,61.625,10.0524782741398));
#4270=CARTESIAN_POINT('',(56.6217637166098,25.8823442389421,11.4431059584419));
#4271=CARTESIAN_POINT('Origin',(56.6217637166098,42.3218455202939,21.6823859072679));
#4272=CARTESIAN_POINT('',(56.6217637166098,25.8758601128421,31.9112480252106));
#4273=CARTESIAN_POINT('',(56.6217637166098,25.8809116831286,15.9651888817352));
#4274=CARTESIAN_POINT('Origin',(56.6217637166098,42.3218455202939,21.6823859072679));
#4275=CARTESIAN_POINT('',(56.6217637166098,0.720085459828453,17.));
#4276=CARTESIAN_POINT('',(56.6217637166098,0.720085459828453,7.));
#4277=CARTESIAN_POINT('',(56.6217637166098,0.720085459828455,3.5));
#4278=CARTESIAN_POINT('',(56.6217637166098,-13.2799145401715,7.));
#4279=CARTESIAN_POINT('',(56.6217637166098,-23.8899572700858,7.));
#4280=CARTESIAN_POINT('',(56.6217637166098,-13.2799145401715,17.));
#4281=CARTESIAN_POINT('',(56.6217637166098,-13.2799145401715,8.5));
#4282=CARTESIAN_POINT('',(56.6217637166098,-16.8899572700858,17.));
#4283=CARTESIAN_POINT('Origin',(54.1217637166098,58.3873455202939,5.616885907268));
#4284=CARTESIAN_POINT('',(54.1217637166098,59.6873455202939,5.616885907268));
#4285=CARTESIAN_POINT('Origin',(54.1217637166098,58.3873455202939,5.616885907268));
#4286=CARTESIAN_POINT('',(54.1217637166098,59.6873455202939,5.616885907268));
#4287=CARTESIAN_POINT('Origin',(54.1217637166098,58.3873455202939,37.7478859072678));
#4288=CARTESIAN_POINT('',(54.1217637166098,59.6873455202939,37.7478859072678));
#4289=CARTESIAN_POINT('Origin',(54.1217637166098,58.3873455202939,37.7478859072678));
#4290=CARTESIAN_POINT('',(54.1217637166098,59.6873455202939,37.7478859072678));
#4291=CARTESIAN_POINT('Origin',(54.1217637166098,26.2563455202939,5.616885907268));
#4292=CARTESIAN_POINT('',(54.1217637166098,27.5563455202939,5.616885907268));
#4293=CARTESIAN_POINT('Origin',(54.1217637166098,26.2563455202939,5.616885907268));
#4294=CARTESIAN_POINT('',(54.1217637166098,27.5563455202939,5.616885907268));
#4295=CARTESIAN_POINT('Origin',(54.1217637166098,61.625,20.1049565482797));
#4296=CARTESIAN_POINT('',(54.1217637166098,61.625,20.1049565482797));
#4297=CARTESIAN_POINT('',(54.1217637166098,61.625,23.2598152662562));
#4298=CARTESIAN_POINT('',(54.1217637166098,61.625,0.));
#4299=CARTESIAN_POINT('',(54.1217637166098,61.625,20.1049565482797));
#4300=CARTESIAN_POINT('',(54.1217637166098,61.625,23.2598152662562));
#4301=CARTESIAN_POINT('Origin',(54.1217637166098,42.3218455202939,21.6823859072679));
#4302=CARTESIAN_POINT('',(54.1217637166098,25.8823442389421,11.4431059584419));
#4303=CARTESIAN_POINT('Origin',(54.1217637166098,42.3218455202939,21.6823859072679));
#4304=CARTESIAN_POINT('',(54.1217637166098,25.8823442389421,11.4431059584419));
#4305=CARTESIAN_POINT('Origin',(54.1217637166098,25.8758601128421,31.9112480252106));
#4306=CARTESIAN_POINT('',(54.1217637166098,25.8758601128421,31.9112480252106));
#4307=CARTESIAN_POINT('',(54.1217637166098,25.8809166758703,15.9494285240023));
#4308=CARTESIAN_POINT('',(54.1217637166098,25.8758601128421,31.9112480252106));
#4309=CARTESIAN_POINT('Origin',(54.1217637166098,42.3218455202939,21.6823859072679));
#4310=CARTESIAN_POINT('Origin',(54.1217637166098,42.3218455202939,21.6823859072679));
#4311=CARTESIAN_POINT('Origin',(54.1217637166098,65.,0.));
#4312=CARTESIAN_POINT('',(54.1217637166098,61.625,0.));
#4313=CARTESIAN_POINT('',(54.1217637166098,61.625,0.));
#4314=CARTESIAN_POINT('',(54.1217637166098,-33.625,0.));
#4315=CARTESIAN_POINT('',(54.1217637166098,-37.,0.));
#4316=CARTESIAN_POINT('',(54.1217637166098,-33.625,42.));
#4317=CARTESIAN_POINT('',(54.1217637166098,-33.625,0.));
#4318=CARTESIAN_POINT('',(54.1217637166098,61.625,42.));
#4319=CARTESIAN_POINT('',(54.1217637166098,-37.,42.));
#4320=CARTESIAN_POINT('',(54.1217637166098,61.625,0.));
#4321=CARTESIAN_POINT('',(54.1217637166098,0.720085459828453,7.));
#4322=CARTESIAN_POINT('',(54.1217637166098,0.720085459828453,17.));
#4323=CARTESIAN_POINT('',(54.1217637166098,0.72008545982845,3.5));
#4324=CARTESIAN_POINT('',(54.1217637166098,-13.2799145401715,17.));
#4325=CARTESIAN_POINT('',(54.1217637166098,32.8600427299142,17.));
#4326=CARTESIAN_POINT('',(54.1217637166098,-13.2799145401715,7.));
#4327=CARTESIAN_POINT('',(54.1217637166098,-13.2799145401715,8.5));
#4328=CARTESIAN_POINT('',(54.1217637166098,25.8600427299142,7.));
#4329=CARTESIAN_POINT('Origin',(181.625,61.625,0.));
#4330=CARTESIAN_POINT('',(181.625,65.,42.));
#4331=CARTESIAN_POINT('',(185.,61.625,42.));
#4332=CARTESIAN_POINT('Origin',(181.625,61.625,42.));
#4333=CARTESIAN_POINT('',(185.,61.625,0.));
#4334=CARTESIAN_POINT('',(185.,61.625,0.));
#4335=CARTESIAN_POINT('',(181.625,65.,0.));
#4336=CARTESIAN_POINT('Origin',(181.625,61.625,0.));
#4337=CARTESIAN_POINT('',(181.625,65.,0.));
#4338=CARTESIAN_POINT('Origin',(119.560881858305,14.,42.));
#4339=CARTESIAN_POINT('',(57.4967637166098,65.,42.));
#4340=CARTESIAN_POINT('',(54.1217637166098,65.,42.));
#4341=CARTESIAN_POINT('Origin',(57.4967637166098,61.625,42.));
#4342=CARTESIAN_POINT('',(57.4967637166098,-37.,42.));
#4343=CARTESIAN_POINT('Origin',(57.4967637166098,-33.625,42.));
#4344=CARTESIAN_POINT('',(181.625,-37.,42.));
#4345=CARTESIAN_POINT('',(185.,-37.,42.));
#4346=CARTESIAN_POINT('',(185.,-33.625,42.));
#4347=CARTESIAN_POINT('Origin',(181.625,-33.625,42.));
#4348=CARTESIAN_POINT('',(185.,65.,42.));
#4349=CARTESIAN_POINT('',(182.5,62.5,42.));
#4350=CARTESIAN_POINT('',(56.6217637166098,62.5,42.));
#4351=CARTESIAN_POINT('',(182.5,62.5,42.));
#4352=CARTESIAN_POINT('Origin',(185.,65.,0.));
#4353=CARTESIAN_POINT('',(57.4967637166098,65.,0.));
#4354=CARTESIAN_POINT('',(54.1217637166098,65.,0.));
#4355=CARTESIAN_POINT('',(57.4967637166098,65.,0.));
#4356=CARTESIAN_POINT('Origin',(57.4967637166098,61.625,0.));
#4357=CARTESIAN_POINT('Origin',(57.4967637166098,61.625,0.));
#4358=CARTESIAN_POINT('Origin',(57.4967637166098,-33.625,0.));
#4359=CARTESIAN_POINT('',(57.4967637166098,-37.,0.));
#4360=CARTESIAN_POINT('Origin',(57.4967637166098,-33.625,0.));
#4361=CARTESIAN_POINT('',(57.4967637166098,-37.,0.));
#4362=CARTESIAN_POINT('Origin',(54.1217637166098,-37.,0.));
#4363=CARTESIAN_POINT('',(181.625,-37.,0.));
#4364=CARTESIAN_POINT('',(185.,-37.,0.));
#4365=CARTESIAN_POINT('',(181.625,-37.,0.));
#4366=CARTESIAN_POINT('',(98.0000014603138,-37.,19.0000002831221));
#4367=CARTESIAN_POINT('',(98.0000014603138,-37.,7.00000010430813));
#4368=CARTESIAN_POINT('',(98.0000014603138,-37.,3.50000005215406));
#4369=CARTESIAN_POINT('',(85.0000012665987,-37.,7.00000010430813));
#4370=CARTESIAN_POINT('',(69.5608824916043,-37.,7.00000010430813));
#4371=CARTESIAN_POINT('',(85.0000012665987,-37.,18.9999997615814));
#4372=CARTESIAN_POINT('',(85.0000012665987,-37.,9.49999988079071));
#4373=CARTESIAN_POINT('',(76.060882207336,-37.,18.9999994029573));
#4374=CARTESIAN_POINT('Origin',(181.625,-33.625,0.));
#4375=CARTESIAN_POINT('',(185.,-33.625,0.));
#4376=CARTESIAN_POINT('Origin',(181.625,-33.625,0.));
#4377=CARTESIAN_POINT('',(185.,-33.625,0.));
#4378=CARTESIAN_POINT('Origin',(185.,42.6352140189273,34.0030005215406));
#4379=CARTESIAN_POINT('',(185.,43.6322140189273,34.0030005215406));
#4380=CARTESIAN_POINT('',(185.,42.6352140189273,35.0000005215406));
#4381=CARTESIAN_POINT('Origin',(185.,42.6352140189273,34.0030005215406));
#4382=CARTESIAN_POINT('',(182.5,42.6352140189273,35.0000005215406));
#4383=CARTESIAN_POINT('',(185.,42.6352140189273,35.0000005215406));
#4384=CARTESIAN_POINT('',(182.5,43.6322140189273,34.0030005215406));
#4385=CARTESIAN_POINT('Origin',(182.5,42.6352140189273,34.0030005215406));
#4386=CARTESIAN_POINT('',(185.,43.6322140189273,34.0030005215406));
#4387=CARTESIAN_POINT('Origin',(185.,41.632213989125,35.0000005215406));
#4388=CARTESIAN_POINT('',(185.,42.629213989125,35.0000005215406));
#4389=CARTESIAN_POINT('',(185.,2.31610699456251,35.0000005215406));
#4390=CARTESIAN_POINT('',(182.5,42.629213989125,35.0000005215406));
#4391=CARTESIAN_POINT('',(185.,42.629213989125,35.0000005215406));
#4392=CARTESIAN_POINT('',(182.5,52.0661069945625,35.0000005215406));
#4393=CARTESIAN_POINT('Origin',(185.,46.7403166601256,34.0030005215406));
#4394=CARTESIAN_POINT('',(185.,47.7373166601256,34.0030005215406));
#4395=CARTESIAN_POINT('',(185.,46.7403166601256,35.0000005215406));
#4396=CARTESIAN_POINT('Origin',(185.,46.7403166601256,34.0030005215406));
#4397=CARTESIAN_POINT('',(182.5,46.7403166601256,35.0000005215406));
#4398=CARTESIAN_POINT('',(185.,46.7403166601256,35.0000005215406));
#4399=CARTESIAN_POINT('',(182.5,47.7373166601256,34.0030005215406));
#4400=CARTESIAN_POINT('Origin',(182.5,46.7403166601256,34.0030005215406));
#4401=CARTESIAN_POINT('',(185.,47.7373166601256,34.0030005215406));
#4402=CARTESIAN_POINT('Origin',(185.,45.7373166303233,35.0000005215406));
#4403=CARTESIAN_POINT('',(185.,46.7343166303233,35.0000005215406));
#4404=CARTESIAN_POINT('',(185.,4.36865831516164,35.0000005215406));
#4405=CARTESIAN_POINT('',(182.5,46.7343166303233,35.0000005215406));
#4406=CARTESIAN_POINT('',(185.,46.7343166303233,35.0000005215406));
#4407=CARTESIAN_POINT('',(182.5,54.1186583151616,35.0000005215406));
#4408=CARTESIAN_POINT('Origin',(185.,50.9505150644768,34.0030005215406));
#4409=CARTESIAN_POINT('',(185.,51.9475150644768,34.0030005215406));
#4410=CARTESIAN_POINT('',(185.,50.9505150644768,35.0000005215406));
#4411=CARTESIAN_POINT('Origin',(185.,50.9505150644768,34.0030005215406));
#4412=CARTESIAN_POINT('',(182.5,50.9505150644768,35.0000005215406));
#4413=CARTESIAN_POINT('',(185.,50.9505150644768,35.0000005215406));
#4414=CARTESIAN_POINT('',(182.5,51.9475150644768,34.0030005215406));
#4415=CARTESIAN_POINT('Origin',(182.5,50.9505150644768,34.0030005215406));
#4416=CARTESIAN_POINT('',(185.,51.9475150644768,34.0030005215406));
#4417=CARTESIAN_POINT('Origin',(185.,49.9475150346744,35.0000005215406));
#4418=CARTESIAN_POINT('',(185.,50.9445150346745,35.0000005215406));
#4419=CARTESIAN_POINT('',(185.,6.47375751733722,35.0000005215406));
#4420=CARTESIAN_POINT('',(182.5,50.9445150346744,35.0000005215406));
#4421=CARTESIAN_POINT('',(185.,50.9445150346744,35.0000005215406));
#4422=CARTESIAN_POINT('',(182.5,56.2237575173372,35.0000005215406));
#4423=CARTESIAN_POINT('Origin',(185.,55.0034488644697,34.0030005215406));
#4424=CARTESIAN_POINT('',(185.,56.0004488644697,34.0030005215406));
#4425=CARTESIAN_POINT('',(185.,55.0034488644697,35.0000005215406));
#4426=CARTESIAN_POINT('Origin',(185.,55.0034488644697,34.0030005215406));
#4427=CARTESIAN_POINT('',(182.5,55.0034488644697,35.0000005215406));
#4428=CARTESIAN_POINT('',(185.,55.0034488644697,35.0000005215406));
#4429=CARTESIAN_POINT('',(182.5,56.0004488644697,34.0030005215406));
#4430=CARTESIAN_POINT('Origin',(182.5,55.0034488644697,34.0030005215406));
#4431=CARTESIAN_POINT('',(185.,56.0004488644697,34.0030005215406));
#4432=CARTESIAN_POINT('Origin',(185.,54.0004488346673,35.0000005215406));
#4433=CARTESIAN_POINT('',(185.,54.9974488346673,35.0000005215406));
#4434=CARTESIAN_POINT('',(185.,8.50022441733368,35.0000005215406));
#4435=CARTESIAN_POINT('',(182.5,54.9974488346674,35.0000005215406));
#4436=CARTESIAN_POINT('',(185.,54.9974488346674,35.0000005215406));
#4437=CARTESIAN_POINT('',(182.5,58.2502244173337,35.0000005215406));
#4438=CARTESIAN_POINT('Origin',(185.,59.0030008940697,34.0030005215406));
#4439=CARTESIAN_POINT('',(185.,60.0000008940697,34.0030005215406));
#4440=CARTESIAN_POINT('',(185.,59.0030008940697,35.0000005215406));
#4441=CARTESIAN_POINT('Origin',(185.,59.0030008940697,34.0030005215406));
#4442=CARTESIAN_POINT('',(182.5,59.0030008940697,35.0000005215406));
#4443=CARTESIAN_POINT('',(185.,59.0030008940697,35.0000005215406));
#4444=CARTESIAN_POINT('',(182.5,60.0000008940697,34.0030005215406));
#4445=CARTESIAN_POINT('Origin',(182.5,59.0030008940697,34.0030005215406));
#4446=CARTESIAN_POINT('',(185.,60.0000008940697,34.0030005215406));
#4447=CARTESIAN_POINT('Origin',(185.,58.0000008642673,35.0000005215406));
#4448=CARTESIAN_POINT('',(185.,58.9970008642673,35.0000005215406));
#4449=CARTESIAN_POINT('',(185.,10.5000004321337,35.0000005215406));
#4450=CARTESIAN_POINT('',(182.5,58.9970008642673,35.0000005215406));
#4451=CARTESIAN_POINT('',(185.,58.9970008642673,35.0000005215406));
#4452=CARTESIAN_POINT('',(182.5,60.2500004321337,35.0000005215406));
#4453=CARTESIAN_POINT('Origin',(185.,58.9970008642673,34.0030005215406));
#4454=CARTESIAN_POINT('',(185.,58.0000008642673,34.0030005215406));
#4455=CARTESIAN_POINT('Origin',(185.,58.9970008642673,34.0030005215406));
#4456=CARTESIAN_POINT('',(182.5,58.0000008642673,34.0030005215406));
#4457=CARTESIAN_POINT('',(185.,58.0000008642673,34.0030005215406));
#4458=CARTESIAN_POINT('Origin',(182.5,58.9970008642673,34.0030005215406));
#4459=CARTESIAN_POINT('Origin',(185.,58.0000008642673,20.0000002980232));
#4460=CARTESIAN_POINT('',(185.,58.0000008642673,20.9970002980232));
#4461=CARTESIAN_POINT('',(185.,58.0000008642673,10.0000001490116));
#4462=CARTESIAN_POINT('',(182.5,58.0000008642673,20.9970002980232));
#4463=CARTESIAN_POINT('',(185.,58.0000008642673,20.9970002980232));
#4464=CARTESIAN_POINT('',(182.5,58.0000008642673,10.0000001490116));
#4465=CARTESIAN_POINT('Origin',(185.,54.9974488346674,34.0030005215406));
#4466=CARTESIAN_POINT('',(185.,54.0004488346673,34.0030005215406));
#4467=CARTESIAN_POINT('Origin',(185.,54.9974488346674,34.0030005215406));
#4468=CARTESIAN_POINT('',(182.5,54.0004488346673,34.0030005215406));
#4469=CARTESIAN_POINT('',(185.,54.0004488346673,34.0030005215406));
#4470=CARTESIAN_POINT('Origin',(182.5,54.9974488346674,34.0030005215406));
#4471=CARTESIAN_POINT('Origin',(185.,54.0004488346673,20.0000002980232));
#4472=CARTESIAN_POINT('',(185.,54.0004488346673,20.9970002980232));
#4473=CARTESIAN_POINT('',(185.,54.0004488346673,10.0000001490116));
#4474=CARTESIAN_POINT('',(182.5,54.0004488346673,20.9970002980232));
#4475=CARTESIAN_POINT('',(185.,54.0004488346673,20.9970002980232));
#4476=CARTESIAN_POINT('',(182.5,54.0004488346673,10.0000001490116));
#4477=CARTESIAN_POINT('Origin',(185.,50.9445150346744,34.0030005215406));
#4478=CARTESIAN_POINT('',(185.,49.9475150346744,34.0030005215406));
#4479=CARTESIAN_POINT('Origin',(185.,50.9445150346744,34.0030005215406));
#4480=CARTESIAN_POINT('',(182.5,49.9475150346744,34.0030005215406));
#4481=CARTESIAN_POINT('',(185.,49.9475150346744,34.0030005215406));
#4482=CARTESIAN_POINT('Origin',(182.5,50.9445150346744,34.0030005215406));
#4483=CARTESIAN_POINT('Origin',(185.,49.9475150346744,20.0000002980232));
#4484=CARTESIAN_POINT('',(185.,49.9475150346744,20.9970002980232));
#4485=CARTESIAN_POINT('',(185.,49.9475150346744,10.0000001490116));
#4486=CARTESIAN_POINT('',(182.5,49.9475150346744,20.9970002980232));
#4487=CARTESIAN_POINT('',(185.,49.9475150346744,20.9970002980232));
#4488=CARTESIAN_POINT('',(182.5,49.9475150346744,10.0000001490116));
#4489=CARTESIAN_POINT('Origin',(185.,46.7343166303233,34.0030005215406));
#4490=CARTESIAN_POINT('',(185.,45.7373166303233,34.0030005215406));
#4491=CARTESIAN_POINT('Origin',(185.,46.7343166303233,34.0030005215406));
#4492=CARTESIAN_POINT('',(182.5,45.7373166303233,34.0030005215406));
#4493=CARTESIAN_POINT('',(185.,45.7373166303233,34.0030005215406));
#4494=CARTESIAN_POINT('Origin',(182.5,46.7343166303233,34.0030005215406));
#4495=CARTESIAN_POINT('Origin',(185.,45.7373166303233,20.0000002980232));
#4496=CARTESIAN_POINT('',(185.,45.7373166303233,20.9970002980232));
#4497=CARTESIAN_POINT('',(185.,45.7373166303233,10.0000001490116));
#4498=CARTESIAN_POINT('',(182.5,45.7373166303233,20.9970002980232));
#4499=CARTESIAN_POINT('',(185.,45.7373166303233,20.9970002980232));
#4500=CARTESIAN_POINT('',(182.5,45.7373166303233,10.0000001490116));
#4501=CARTESIAN_POINT('Origin',(185.,42.629213989125,34.0030005215406));
#4502=CARTESIAN_POINT('',(185.,41.632213989125,34.0030005215406));
#4503=CARTESIAN_POINT('Origin',(185.,42.629213989125,34.0030005215406));
#4504=CARTESIAN_POINT('',(182.5,41.632213989125,34.0030005215406));
#4505=CARTESIAN_POINT('',(185.,41.632213989125,34.0030005215406));
#4506=CARTESIAN_POINT('Origin',(182.5,42.629213989125,34.0030005215406));
#4507=CARTESIAN_POINT('Origin',(185.,41.632213989125,20.0000002980232));
#4508=CARTESIAN_POINT('',(185.,41.632213989125,20.9970002980232));
#4509=CARTESIAN_POINT('',(185.,41.632213989125,10.0000001490116));
#4510=CARTESIAN_POINT('',(182.5,41.632213989125,20.9970002980232));
#4511=CARTESIAN_POINT('',(185.,41.632213989125,20.9970002980232));
#4512=CARTESIAN_POINT('',(182.5,41.632213989125,10.0000001490116));
#4513=CARTESIAN_POINT('Origin',(185.,58.9970008642673,20.9970002980232));
#4514=CARTESIAN_POINT('',(185.,58.9970008642673,20.0000002980232));
#4515=CARTESIAN_POINT('Origin',(185.,58.9970008642673,20.9970002980232));
#4516=CARTESIAN_POINT('',(182.5,58.9970008642673,20.0000002980232));
#4517=CARTESIAN_POINT('',(185.,58.9970008642673,20.0000002980232));
#4518=CARTESIAN_POINT('Origin',(182.5,58.9970008642673,20.9970002980232));
#4519=CARTESIAN_POINT('Origin',(185.,60.0000008940697,20.0000002980232));
#4520=CARTESIAN_POINT('',(185.,59.0030008940697,20.0000002980232));
#4521=CARTESIAN_POINT('',(185.,11.5000004470348,20.0000002980232));
#4522=CARTESIAN_POINT('',(182.5,59.0030008940697,20.0000002980232));
#4523=CARTESIAN_POINT('',(185.,59.0030008940697,20.0000002980232));
#4524=CARTESIAN_POINT('',(182.5,61.2500004470348,20.0000002980232));
#4525=CARTESIAN_POINT('Origin',(185.,54.9974488346674,20.9970002980232));
#4526=CARTESIAN_POINT('',(185.,54.9974488346673,20.0000002980232));
#4527=CARTESIAN_POINT('Origin',(185.,54.9974488346674,20.9970002980232));
#4528=CARTESIAN_POINT('',(182.5,54.9974488346674,20.0000002980232));
#4529=CARTESIAN_POINT('',(185.,54.9974488346674,20.0000002980232));
#4530=CARTESIAN_POINT('Origin',(182.5,54.9974488346674,20.9970002980232));
#4531=CARTESIAN_POINT('Origin',(185.,56.0004488644697,20.0000002980232));
#4532=CARTESIAN_POINT('',(185.,55.0034488644697,20.0000002980232));
#4533=CARTESIAN_POINT('',(185.,9.50022443223484,20.0000002980232));
#4534=CARTESIAN_POINT('',(182.5,55.0034488644697,20.0000002980232));
#4535=CARTESIAN_POINT('',(185.,55.0034488644697,20.0000002980232));
#4536=CARTESIAN_POINT('',(182.5,59.2502244322348,20.0000002980232));
#4537=CARTESIAN_POINT('Origin',(185.,50.9445150346744,20.9970002980232));
#4538=CARTESIAN_POINT('',(185.,50.9445150346745,20.0000002980232));
#4539=CARTESIAN_POINT('Origin',(185.,50.9445150346744,20.9970002980232));
#4540=CARTESIAN_POINT('',(182.5,50.9445150346744,20.0000002980232));
#4541=CARTESIAN_POINT('',(185.,50.9445150346744,20.0000002980232));
#4542=CARTESIAN_POINT('Origin',(182.5,50.9445150346744,20.9970002980232));
#4543=CARTESIAN_POINT('Origin',(185.,51.9475150644768,20.0000002980232));
#4544=CARTESIAN_POINT('',(185.,50.9505150644768,20.0000002980232));
#4545=CARTESIAN_POINT('',(185.,7.47375753223838,20.0000002980232));
#4546=CARTESIAN_POINT('',(182.5,50.9505150644768,20.0000002980232));
#4547=CARTESIAN_POINT('',(185.,50.9505150644768,20.0000002980232));
#4548=CARTESIAN_POINT('',(182.5,57.2237575322384,20.0000002980232));
#4549=CARTESIAN_POINT('Origin',(185.,46.7343166303233,20.9970002980232));
#4550=CARTESIAN_POINT('',(185.,46.7343166303233,20.0000002980232));
#4551=CARTESIAN_POINT('Origin',(185.,46.7343166303233,20.9970002980232));
#4552=CARTESIAN_POINT('',(182.5,46.7343166303233,20.0000002980232));
#4553=CARTESIAN_POINT('',(185.,46.7343166303233,20.0000002980232));
#4554=CARTESIAN_POINT('Origin',(182.5,46.7343166303233,20.9970002980232));
#4555=CARTESIAN_POINT('Origin',(185.,47.7373166601256,20.0000002980232));
#4556=CARTESIAN_POINT('',(185.,46.7403166601256,20.0000002980232));
#4557=CARTESIAN_POINT('',(185.,5.3686583300628,20.0000002980232));
#4558=CARTESIAN_POINT('',(182.5,46.7403166601256,20.0000002980232));
#4559=CARTESIAN_POINT('',(185.,46.7403166601256,20.0000002980232));
#4560=CARTESIAN_POINT('',(182.5,55.1186583300628,20.0000002980232));
#4561=CARTESIAN_POINT('Origin',(185.,42.629213989125,20.9970002980232));
#4562=CARTESIAN_POINT('',(185.,42.629213989125,20.0000002980232));
#4563=CARTESIAN_POINT('Origin',(185.,42.629213989125,20.9970002980232));
#4564=CARTESIAN_POINT('',(182.5,42.629213989125,20.0000002980232));
#4565=CARTESIAN_POINT('',(185.,42.629213989125,20.0000002980232));
#4566=CARTESIAN_POINT('Origin',(182.5,42.629213989125,20.9970002980232));
#4567=CARTESIAN_POINT('Origin',(185.,43.6322140189273,20.0000002980232));
#4568=CARTESIAN_POINT('',(185.,42.6352140189273,20.0000002980232));
#4569=CARTESIAN_POINT('',(185.,3.31610700946367,20.0000002980232));
#4570=CARTESIAN_POINT('',(182.5,42.6352140189273,20.0000002980232));
#4571=CARTESIAN_POINT('',(185.,42.6352140189273,20.0000002980232));
#4572=CARTESIAN_POINT('',(182.5,53.0661070094637,20.0000002980232));
#4573=CARTESIAN_POINT('Origin',(185.,42.6352140189273,20.9970002980232));
#4574=CARTESIAN_POINT('',(185.,43.6322140189273,20.9970002980232));
#4575=CARTESIAN_POINT('Origin',(185.,42.6352140189273,20.9970002980232));
#4576=CARTESIAN_POINT('',(182.5,43.6322140189273,20.9970002980232));
#4577=CARTESIAN_POINT('',(185.,43.6322140189273,20.9970002980232));
#4578=CARTESIAN_POINT('Origin',(182.5,42.6352140189273,20.9970002980232));
#4579=CARTESIAN_POINT('Origin',(185.,43.6322140189273,35.0000005215406));
#4580=CARTESIAN_POINT('',(182.5,43.6322140189273,17.5000002607703));
#4581=CARTESIAN_POINT('',(185.,43.6322140189273,17.5000002607703));
#4582=CARTESIAN_POINT('Origin',(185.,46.7403166601256,20.9970002980232));
#4583=CARTESIAN_POINT('',(185.,47.7373166601256,20.9970002980232));
#4584=CARTESIAN_POINT('Origin',(185.,46.7403166601256,20.9970002980232));
#4585=CARTESIAN_POINT('',(182.5,47.7373166601256,20.9970002980232));
#4586=CARTESIAN_POINT('',(185.,47.7373166601256,20.9970002980232));
#4587=CARTESIAN_POINT('Origin',(182.5,46.7403166601256,20.9970002980232));
#4588=CARTESIAN_POINT('Origin',(185.,47.7373166601256,35.0000005215406));
#4589=CARTESIAN_POINT('',(182.5,47.7373166601256,17.5000002607703));
#4590=CARTESIAN_POINT('',(185.,47.7373166601256,17.5000002607703));
#4591=CARTESIAN_POINT('Origin',(185.,50.9505150644768,20.9970002980232));
#4592=CARTESIAN_POINT('',(185.,51.9475150644768,20.9970002980232));
#4593=CARTESIAN_POINT('Origin',(185.,50.9505150644768,20.9970002980232));
#4594=CARTESIAN_POINT('',(182.5,51.9475150644768,20.9970002980232));
#4595=CARTESIAN_POINT('',(185.,51.9475150644768,20.9970002980232));
#4596=CARTESIAN_POINT('Origin',(182.5,50.9505150644768,20.9970002980232));
#4597=CARTESIAN_POINT('Origin',(185.,51.9475150644768,35.0000005215406));
#4598=CARTESIAN_POINT('',(182.5,51.9475150644768,17.5000002607703));
#4599=CARTESIAN_POINT('',(185.,51.9475150644768,17.5000002607703));
#4600=CARTESIAN_POINT('Origin',(185.,55.0034488644697,20.9970002980232));
#4601=CARTESIAN_POINT('',(185.,56.0004488644697,20.9970002980232));
#4602=CARTESIAN_POINT('Origin',(185.,55.0034488644697,20.9970002980232));
#4603=CARTESIAN_POINT('',(182.5,56.0004488644697,20.9970002980232));
#4604=CARTESIAN_POINT('',(185.,56.0004488644697,20.9970002980232));
#4605=CARTESIAN_POINT('Origin',(182.5,55.0034488644697,20.9970002980232));
#4606=CARTESIAN_POINT('Origin',(185.,56.0004488644697,35.0000005215406));
#4607=CARTESIAN_POINT('',(182.5,56.0004488644697,17.5000002607703));
#4608=CARTESIAN_POINT('',(185.,56.0004488644697,17.5000002607703));
#4609=CARTESIAN_POINT('Origin',(185.,59.0030008940697,20.9970002980232));
#4610=CARTESIAN_POINT('',(185.,60.0000008940697,20.9970002980232));
#4611=CARTESIAN_POINT('Origin',(185.,59.0030008940697,20.9970002980232));
#4612=CARTESIAN_POINT('',(182.5,60.0000008940697,20.9970002980232));
#4613=CARTESIAN_POINT('',(185.,60.0000008940697,20.9970002980232));
#4614=CARTESIAN_POINT('Origin',(182.5,59.0030008940697,20.9970002980232));
#4615=CARTESIAN_POINT('Origin',(185.,60.0000008940697,35.0000005215406));
#4616=CARTESIAN_POINT('',(182.5,60.0000008940697,17.5000002607703));
#4617=CARTESIAN_POINT('',(185.,60.0000008940697,17.5000002607703));
#4618=CARTESIAN_POINT('Origin',(185.,57.6690726744041,6.58845379122371));
#4619=CARTESIAN_POINT('',(185.,57.6690726744041,5.87145379122371));
#4620=CARTESIAN_POINT('',(185.,58.3860726744041,6.58845379122371));
#4621=CARTESIAN_POINT('Origin',(185.,57.6690726744041,6.58845379122371));
#4622=CARTESIAN_POINT('',(182.5,58.3860726744041,6.58845379122371));
#4623=CARTESIAN_POINT('',(185.,58.3860726744041,6.58845379122371));
#4624=CARTESIAN_POINT('',(182.5,57.6690726744041,5.87145379122371));
#4625=CARTESIAN_POINT('Origin',(182.5,57.6690726744041,6.58845379122371));
#4626=CARTESIAN_POINT('',(185.,57.6690726744041,5.87145379122371));
#4627=CARTESIAN_POINT('Origin',(185.,58.3860726744041,17.8714537912237));
#4628=CARTESIAN_POINT('',(185.,58.3860726744041,17.1544537912237));
#4629=CARTESIAN_POINT('',(185.,58.3860726744041,8.93572689561186));
#4630=CARTESIAN_POINT('',(182.5,58.3860726744041,17.1544537912237));
#4631=CARTESIAN_POINT('',(185.,58.3860726744041,17.1544537912237));
#4632=CARTESIAN_POINT('',(182.5,58.3860726744041,8.93572689561186));
#4633=CARTESIAN_POINT('Origin',(185.,34.1030726744041,6.58845379122372));
#4634=CARTESIAN_POINT('',(185.,33.3860726744041,6.58845379122372));
#4635=CARTESIAN_POINT('',(185.,34.1030726744041,5.87145379122371));
#4636=CARTESIAN_POINT('Origin',(185.,34.1030726744041,6.58845379122372));
#4637=CARTESIAN_POINT('',(182.5,34.1030726744041,5.87145379122371));
#4638=CARTESIAN_POINT('',(185.,34.1030726744041,5.87145379122371));
#4639=CARTESIAN_POINT('',(182.5,33.3860726744041,6.58845379122372));
#4640=CARTESIAN_POINT('Origin',(182.5,34.1030726744041,6.58845379122372));
#4641=CARTESIAN_POINT('',(185.,33.3860726744041,6.58845379122372));
#4642=CARTESIAN_POINT('Origin',(185.,58.3860726744041,5.87145379122371));
#4643=CARTESIAN_POINT('',(182.5,60.443036337202,5.87145379122371));
#4644=CARTESIAN_POINT('',(185.,10.6930363372021,5.87145379122371));
#4645=CARTESIAN_POINT('Origin',(185.,57.6690726744041,17.1544537912237));
#4646=CARTESIAN_POINT('',(185.,57.6690726744041,17.8714537912237));
#4647=CARTESIAN_POINT('Origin',(185.,57.6690726744041,17.1544537912237));
#4648=CARTESIAN_POINT('',(182.5,57.6690726744041,17.8714537912237));
#4649=CARTESIAN_POINT('',(185.,57.6690726744041,17.8714537912237));
#4650=CARTESIAN_POINT('Origin',(182.5,57.6690726744041,17.1544537912237));
#4651=CARTESIAN_POINT('Origin',(185.,33.3860726744041,17.8714537912237));
#4652=CARTESIAN_POINT('',(185.,34.1030726744041,17.8714537912237));
#4653=CARTESIAN_POINT('',(185.,-1.80696366279795,17.8714537912237));
#4654=CARTESIAN_POINT('',(182.5,34.1030726744041,17.8714537912237));
#4655=CARTESIAN_POINT('',(185.,34.1030726744041,17.8714537912237));
#4656=CARTESIAN_POINT('',(182.5,47.943036337202,17.8714537912237));
#4657=CARTESIAN_POINT('Origin',(185.,34.1030726744041,17.1544537912237));
#4658=CARTESIAN_POINT('',(185.,33.3860726744041,17.1544537912237));
#4659=CARTESIAN_POINT('Origin',(185.,34.1030726744041,17.1544537912237));
#4660=CARTESIAN_POINT('',(182.5,33.3860726744041,17.1544537912237));
#4661=CARTESIAN_POINT('',(185.,33.3860726744041,17.1544537912237));
#4662=CARTESIAN_POINT('Origin',(182.5,34.1030726744041,17.1544537912237));
#4663=CARTESIAN_POINT('Origin',(185.,33.3860726744041,5.87145379122371));
#4664=CARTESIAN_POINT('',(182.5,33.3860726744041,2.93572689561186));
#4665=CARTESIAN_POINT('',(185.,33.3860726744041,2.93572689561186));
#4666=CARTESIAN_POINT('Origin',(54.1217637166098,-13.2799145401715,17.));
#4667=CARTESIAN_POINT('',(54.1217637166098,-13.2799145401715,7.));
#4668=CARTESIAN_POINT('',(54.1217637166098,-13.2799145401715,17.));
#4669=CARTESIAN_POINT('Origin',(54.1217637166098,0.720085459828453,17.));
#4670=CARTESIAN_POINT('',(54.1217637166098,0.720085459828453,17.));
#4671=CARTESIAN_POINT('Origin',(54.1217637166098,0.720085459828453,7.));
#4672=CARTESIAN_POINT('',(54.1217637166098,0.720085459828453,7.));
#4673=CARTESIAN_POINT('Origin',(54.1217637166098,-13.2799145401715,7.));
#4674=CARTESIAN_POINT('Origin',(166.709690093994,48.4876394271851,2.));
#4675=CARTESIAN_POINT('',(168.059690093994,48.4876394271851,0.));
#4676=CARTESIAN_POINT('Origin',(166.709690093994,48.4876394271851,0.));
#4677=CARTESIAN_POINT('',(168.059690093994,48.4876394271851,6.));
#4678=CARTESIAN_POINT('',(168.059690093994,48.4876394271851,2.));
#4679=CARTESIAN_POINT('Origin',(166.709690093994,48.4876394271851,6.));
#4680=CARTESIAN_POINT('Origin',(166.709690093994,-27.8123641014099,2.));
#4681=CARTESIAN_POINT('',(168.059690093994,-27.8123641014099,0.));
#4682=CARTESIAN_POINT('Origin',(166.709690093994,-27.8123641014099,0.));
#4683=CARTESIAN_POINT('',(168.059690093994,-27.8123641014099,6.));
#4684=CARTESIAN_POINT('',(168.059690093994,-27.8123641014099,2.));
#4685=CARTESIAN_POINT('Origin',(166.709690093994,-27.8123641014099,6.));
#4686=CARTESIAN_POINT('Origin',(64.8596906661987,48.4876394271851,2.));
#4687=CARTESIAN_POINT('',(66.2096906661987,48.4876394271851,0.));
#4688=CARTESIAN_POINT('Origin',(64.8596906661987,48.4876394271851,0.));
#4689=CARTESIAN_POINT('',(66.2096906661987,48.4876394271851,6.));
#4690=CARTESIAN_POINT('',(66.2096906661987,48.4876394271851,2.));
#4691=CARTESIAN_POINT('Origin',(64.8596906661987,48.4876394271851,6.));
#4692=CARTESIAN_POINT('Origin',(64.8596906661987,-27.8123641014099,2.));
#4693=CARTESIAN_POINT('',(66.2096906661987,-27.8123641014099,0.));
#4694=CARTESIAN_POINT('Origin',(64.8596906661987,-27.8123641014099,0.));
#4695=CARTESIAN_POINT('',(66.2096906661987,-27.8123641014099,6.));
#4696=CARTESIAN_POINT('',(66.2096906661987,-27.8123641014099,2.));
#4697=CARTESIAN_POINT('Origin',(64.8596906661987,-27.8123641014099,6.));
#4698=CARTESIAN_POINT('Origin',(166.709690093994,-27.8123641014099,5.16));
#4699=CARTESIAN_POINT('',(163.909687815403,-27.8123641014099,5.16));
#4700=CARTESIAN_POINT('',(169.509692372585,-27.8123641014099,5.16));
#4701=CARTESIAN_POINT('Origin',(166.709690093994,-27.8123641014099,5.16));
#4702=CARTESIAN_POINT('',(172.669692372585,-27.8123641014099,2.));
#4703=CARTESIAN_POINT('Origin',(172.669692372585,-27.8123641014099,5.16));
#4704=CARTESIAN_POINT('Origin',(166.709690093994,-27.8123641014099,2.));
#4705=CARTESIAN_POINT('Origin',(166.709690093994,-27.8123641014099,5.16));
#4706=CARTESIAN_POINT('Origin',(119.560881858305,14.,2.));
#4707=CARTESIAN_POINT('',(182.5,62.5,2.));
#4708=CARTESIAN_POINT('',(182.5,38.25,2.));
#4709=CARTESIAN_POINT('',(88.0913227874574,62.5,2.));
#4710=CARTESIAN_POINT('',(172.669697430202,48.4876394271851,2.));
#4711=CARTESIAN_POINT('Origin',(166.709690093994,48.4876394271851,2.));
#4712=CARTESIAN_POINT('',(70.8196862012896,-27.8123641014099,2.));
#4713=CARTESIAN_POINT('Origin',(64.8596906661987,-27.8123641014099,2.));
#4714=CARTESIAN_POINT('',(70.819691258919,48.4876394271851,2.));
#4715=CARTESIAN_POINT('Origin',(64.8596906661987,48.4876394271851,2.));
#4716=CARTESIAN_POINT('Origin',(166.709690093994,-27.8123641014099,0.));
#4717=CARTESIAN_POINT('',(163.909687815403,-27.8123641014099,6.));
#4718=CARTESIAN_POINT('Origin',(166.709690093994,-27.8123641014099,6.));
#4719=CARTESIAN_POINT('',(163.909687815403,-27.8123641014099,0.));
#4720=CARTESIAN_POINT('Origin',(166.709690093994,48.4876394271851,5.16));
#4721=CARTESIAN_POINT('',(163.909682757786,48.4876394271851,5.16));
#4722=CARTESIAN_POINT('',(169.509697430202,48.4876394271851,5.16));
#4723=CARTESIAN_POINT('Origin',(166.709690093994,48.4876394271851,5.16));
#4724=CARTESIAN_POINT('Origin',(172.669697430202,48.4876394271851,5.16));
#4725=CARTESIAN_POINT('Origin',(166.709690093994,48.4876394271851,5.16));
#4726=CARTESIAN_POINT('Origin',(166.709690093994,48.4876394271851,0.));
#4727=CARTESIAN_POINT('',(163.909682757786,48.4876394271851,6.));
#4728=CARTESIAN_POINT('Origin',(166.709690093994,48.4876394271851,6.));
#4729=CARTESIAN_POINT('',(163.909682757786,48.4876394271851,0.));
#4730=CARTESIAN_POINT('Origin',(64.8596906661987,48.4876394271851,5.16));
#4731=CARTESIAN_POINT('',(62.0596900734785,48.4876394271851,5.16));
#4732=CARTESIAN_POINT('',(67.659691258919,48.4876394271851,5.16));
#4733=CARTESIAN_POINT('Origin',(64.8596906661987,48.4876394271851,5.16));
#4734=CARTESIAN_POINT('Origin',(70.819691258919,48.4876394271851,5.16));
#4735=CARTESIAN_POINT('Origin',(64.8596906661987,48.4876394271851,5.16));
#4736=CARTESIAN_POINT('Origin',(64.8596906661987,48.4876394271851,0.));
#4737=CARTESIAN_POINT('',(62.0596900734785,48.4876394271851,6.));
#4738=CARTESIAN_POINT('Origin',(64.8596906661987,48.4876394271851,6.));
#4739=CARTESIAN_POINT('',(62.0596900734785,48.4876394271851,0.));
#4740=CARTESIAN_POINT('Origin',(64.8596906661987,-27.8123641014099,5.16));
#4741=CARTESIAN_POINT('',(62.0596951311079,-27.8123641014099,5.16));
#4742=CARTESIAN_POINT('',(67.6596862012896,-27.8123641014099,5.16));
#4743=CARTESIAN_POINT('Origin',(64.8596906661987,-27.8123641014099,5.16));
#4744=CARTESIAN_POINT('Origin',(70.8196862012896,-27.8123641014099,5.16));
#4745=CARTESIAN_POINT('Origin',(64.8596906661987,-27.8123641014099,5.16));
#4746=CARTESIAN_POINT('Origin',(64.8596906661987,-27.8123641014099,0.));
#4747=CARTESIAN_POINT('',(62.0596951311079,-27.8123641014099,6.));
#4748=CARTESIAN_POINT('Origin',(64.8596906661987,-27.8123641014099,6.));
#4749=CARTESIAN_POINT('',(62.0596951311079,-27.8123641014099,0.));
#4750=CARTESIAN_POINT('Origin',(166.709690093994,48.4876394271851,6.));
#4751=CARTESIAN_POINT('Origin',(166.709690093994,-27.8123641014099,6.));
#4752=CARTESIAN_POINT('Origin',(64.8596906661987,48.4876394271851,6.));
#4753=CARTESIAN_POINT('Origin',(64.8596906661987,-27.8123641014099,6.));
#4754=CARTESIAN_POINT('Origin',(85.0000012665987,-34.5,18.9999997615814));
#4755=CARTESIAN_POINT('',(85.0000012665987,-34.5,7.00000010430813));
#4756=CARTESIAN_POINT('',(85.0000012665987,-34.5,18.9999997615814));
#4757=CARTESIAN_POINT('Origin',(98.0000014603138,-34.5,19.0000002831221));
#4758=CARTESIAN_POINT('',(98.0000014603138,-34.5,19.0000002831221));
#4759=CARTESIAN_POINT('Origin',(98.0000014603138,-34.5,7.00000010430813));
#4760=CARTESIAN_POINT('',(98.0000014603138,-34.5,7.00000010430813));
#4761=CARTESIAN_POINT('Origin',(85.0000012665987,-34.5,7.00000010430813));
#4762=CARTESIAN_POINT('Origin',(182.5,62.5,0.));
#4763=CARTESIAN_POINT('',(182.5,62.5,0.));
#4764=CARTESIAN_POINT('Origin',(56.6217637166098,62.5,0.));
#4765=CARTESIAN_POINT('Origin',(185.,-37.,0.));
#4766=CARTESIAN_POINT('',(185.,65.,0.));
#4767=CARTESIAN_POINT('Origin',(119.560881858305,14.,0.));
#4768=UNCERTAINTY_MEASURE_WITH_UNIT(LENGTH_MEASURE(0.01),#4772,
'DISTANCE_ACCURACY_VALUE',
'Maximum model space distance between geometric entities at asserted c
onnectivities');
#4769=UNCERTAINTY_MEASURE_WITH_UNIT(LENGTH_MEASURE(0.01),#4772,
'DISTANCE_ACCURACY_VALUE',
'Maximum model space distance between geometric entities at asserted c
onnectivities');
#4770=(
GEOMETRIC_REPRESENTATION_CONTEXT(3)
GLOBAL_UNCERTAINTY_ASSIGNED_CONTEXT((#4768))
GLOBAL_UNIT_ASSIGNED_CONTEXT((#4772,#4774,#4775))
REPRESENTATION_CONTEXT('','3D')
);
#4771=(
GEOMETRIC_REPRESENTATION_CONTEXT(3)
GLOBAL_UNCERTAINTY_ASSIGNED_CONTEXT((#4769))
GLOBAL_UNIT_ASSIGNED_CONTEXT((#4772,#4774,#4775))
REPRESENTATION_CONTEXT('','3D')
);
#4772=(
LENGTH_UNIT()
NAMED_UNIT(*)
SI_UNIT(.MILLI.,.METRE.)
);
#4773=(
LENGTH_UNIT()
NAMED_UNIT(*)
SI_UNIT($,.METRE.)
);
#4774=(
NAMED_UNIT(*)
PLANE_ANGLE_UNIT()
SI_UNIT($,.RADIAN.)
);
#4775=(
NAMED_UNIT(*)
SI_UNIT($,.STERADIAN.)
SOLID_ANGLE_UNIT()
);
#4776=SHAPE_DEFINITION_REPRESENTATION(#4777,#4778);
#4777=PRODUCT_DEFINITION_SHAPE('',$,#4780);
#4778=SHAPE_REPRESENTATION('',(#2724),#4770);
#4779=PRODUCT_DEFINITION_CONTEXT('part definition',#4784,'design');
#4780=PRODUCT_DEFINITION('2026-08-17-16-19-22-031','skr3-case',#4781,#4779);
#4781=PRODUCT_DEFINITION_FORMATION('',$,#4786);
#4782=PRODUCT_RELATED_PRODUCT_CATEGORY('skr3-case','skr3-case',(#4786));
#4783=APPLICATION_PROTOCOL_DEFINITION('international standard',
'automotive_design',2009,#4784);
#4784=APPLICATION_CONTEXT(
'Core Data for Automotive Mechanical Design Process');
#4785=PRODUCT_CONTEXT('part definition',#4784,'mechanical');
#4786=PRODUCT('2026-08-17-16-19-22-031','skr3-case',$,(#4785));
#4787=PRESENTATION_STYLE_ASSIGNMENT((#4788));
#4788=SURFACE_STYLE_USAGE(.BOTH.,#4789);
#4789=SURFACE_SIDE_STYLE('',(#4790));
#4790=SURFACE_STYLE_FILL_AREA(#4791);
#4791=FILL_AREA_STYLE('Steel - Satin',(#4792));
#4792=FILL_AREA_STYLE_COLOUR('Steel - Satin',#4793);
#4793=COLOUR_RGB('Steel - Satin',0.627450980392157,0.627450980392157,0.627450980392157);
ENDSEC;
END-ISO-10303-21;
